# .PCD v0.7 - Point Cloud Data file format
VERSION 0.7
FIELDS x y z intensity
SIZE 4 4 4 4
TYPE F F F F
COUNT 1 1 1 1
WIDTH 19968
HEIGHT 1
POINTS 19968
DATA ascii
-2.9860000610351562 0.6949999928474426 -0.028999999165534973 64.0
-2.99399995803833 0.6669999957084656 0.06499999761581421 67.0
-2.990999937057495 0.6389999985694885 0.15600000321865082 68.0
-2.99399995803833 0.6119999885559082 0.25200000405311584 72.0
-2.997999906539917 0.6209999918937683 -0.028999999165534973 70.0
-2.997999906539917 0.5950000286102295 0.06499999761581421 69.0
-2.996999979019165 0.5690000057220459 0.1550000011920929 70.0
-3.003000020980835 0.5440000295639038 0.25 78.0
-2.999000072479248 0.546999990940094 -0.02800000086426735 68.0
-2.999000072479248 0.5220000147819519 0.06400000303983688 68.0
-3.002000093460083 0.49900001287460327 0.15299999713897705 77.0
-3.009999990463257 0.47699999809265137 0.24899999797344208 78.0
-3.003000020980835 0.4729999899864197 -0.02800000086426735 72.0
-3.007999897003174 0.45100000500679016 0.06400000303983688 82.0
-3.01200008392334 0.4300000071525574 0.15299999713897705 81.0
-3.006999969482422 0.4090000092983246 0.2460000067949295 71.0
-3.013000011444092 0.4000000059604645 -0.027000000700354576 73.0
-3.013000011444092 0.3799999952316284 0.06400000303983688 88.0
-3.013000011444092 0.3610000014305115 0.15199999511241913 92.0
-3.0160000324249268 0.34299999475479126 0.24500000476837158 83.0
-3.0230000019073486 0.3269999921321869 -0.027000000700354576 150.0
-3.0209999084472656 0.3089999854564667 0.06400000303983688 150.0
-3.0169999599456787 0.2919999957084656 0.1509999930858612 122.0
-3.0160000324249268 0.2750000059604645 0.24300000071525574 95.0
-3.0420000553131104 0.2540000081062317 -0.026000000536441803 150.0
-3.0409998893737793 0.23899999260902405 0.06400000303983688 152.0
-3.0309998989105225 0.22300000488758087 0.15000000596046448 150.0
-3.0220000743865967 0.20900000631809235 0.24199999868869781 91.0
-3.0369999408721924 0.1809999942779541 -0.02500000037252903 150.0
-3.0320000648498535 0.1679999977350235 0.06400000303983688 150.0
-3.0260000228881836 0.15399999916553497 0.14900000393390656 55.0
-2.934999942779541 0.13699999451637268 0.2329999953508377 150.0
0.0 0.0 0.0 0.0
0.0 0.0 0.0 0.0
0.0 0.0 0.0 0.0
0.0 0.0 0.0 0.0
0.0 0.0 0.0 0.0
0.0 0.0 0.0 0.0
-0.10000000149011612 0.0 0.004000000189989805 0.0
0.0 0.0 0.0 0.0
-3.0390000343322754 -0.039000000804662704 -0.023000000044703484 6.0
-3.055999994277954 -0.04600000008940697 0.06300000101327896 8.0
-3.0429999828338623 -0.052000001072883606 0.1469999998807907 8.0
-3.0450000762939453 -0.057999998331069946 0.23600000143051147 6.0
-3.0409998893737793 -0.1120000034570694 -0.02199999988079071 66.0
-3.0460000038146973 -0.11699999868869781 0.06300000101327896 68.0
-3.0480000972747803 -0.12200000137090683 0.1459999978542328 70.0
-3.0390000343322754 -0.125 0.23399999737739563 63.0
-3.046999931335449 -0.1860000044107437 -0.020999999716877937 67.0
-3.0460000038146973 -0.18799999356269836 0.06300000101327896 66.0
-3.046999931335449 -0.19099999964237213 0.14499999582767487 69.0
-3.0420000553131104 -0.19200000166893005 0.2329999953508377 28.0
-3.052999973297119 -0.25999999046325684 -0.019999999552965164 63.0
-3.055000066757202 -0.26100000739097595 0.06300000101327896 67.0
-3.052999973297119 -0.26100000739097595 0.14499999582767487 67.0
-2.2720000743865967 -0.1940000057220459 0.1720000058412552 3.0
-3.055000066757202 -0.33399999141693115 -0.01899999938905239 65.0
-3.055000066757202 -0.3330000042915344 0.06400000303983688 65.0
-3.059000015258789 -0.3319999873638153 0.14399999380111694 67.0
-2.2909998893737793 -0.2460000067949295 0.17299999296665192 9.0
-3.063999891281128 -0.41100001335144043 -0.017999999225139618 63.0
-3.065999984741211 -0.40700000524520874 0.06400000303983688 62.0
-3.063999891281128 -0.40299999713897705 0.14399999380111694 69.0
-3.058000087738037 -0.39800000190734863 0.2290000021457672 78.0
-3.065999984741211 -0.4860000014305115 -0.017000000923871994 66.0
-3.068000078201294 -0.48100000619888306 0.06400000303983688 66.0
-3.069000005722046 -0.4749999940395355 0.14300000667572021 64.0
-3.062000036239624 -0.46700000762939453 0.2280000001192093 72.0
-3.075000047683716 -0.5630000233650208 -0.01600000075995922 64.0
-3.068000078201294 -0.5540000200271606 0.06400000303983688 59.0
-3.069999933242798 -0.5479999780654907 0.14300000667572021 69.0
-3.066999912261963 -0.5370000004768372 0.22599999606609344 66.0
-3.072999954223633 -0.6399999856948853 -0.014999999664723873 59.0
-3.0759999752044678 -0.6299999952316284 0.06499999761581421 60.0
-3.0759999752044678 -0.6209999918937683 0.1420000046491623 61.0
-3.071000099182129 -0.609000027179718 0.22499999403953552 61.0
-3.0859999656677246 -0.7210000157356262 -0.014000000432133675 61.0
-3.0820000171661377 -0.7070000171661377 0.06499999761581421 61.0
-3.0799999237060547 -0.6949999928474426 0.1420000046491623 64.0
-3.0810000896453857 -0.6809999942779541 0.2240000069141388 67.0
-3.0880000591278076 -0.800000011920929 -0.012000000104308128 61.0
-3.0859999656677246 -0.7839999794960022 0.06599999964237213 64.0
-3.0880000591278076 -0.7710000276565552 0.1420000046491623 59.0
-3.0840001106262207 -0.7540000081062317 0.22300000488758087 66.0
-3.0889999866485596 -0.8799999952316284 -0.010999999940395355 65.0
-3.0920000076293945 -0.8629999756813049 0.06700000166893005 61.0
-3.0950000286102295 -0.8479999899864197 0.1420000046491623 61.0
-3.0929999351501465 -0.828000009059906 0.22200000286102295 61.0
-3.0899999141693115 -0.9610000252723694 -0.008999999612569809 58.0
-3.1019999980926514 -0.9449999928474426 0.06700000166893005 72.0
-3.0980000495910645 -0.925000011920929 0.14100000262260437 61.0
-3.1029999256134033 -0.906000018119812 0.22100000083446503 74.0
-3.1040000915527344 -1.0470000505447388 -0.00800000037997961 68.0
-3.0989999771118164 -1.0240000486373901 0.06800000369548798 68.0
-3.0959999561309814 -1.0019999742507935 0.14100000262260437 56.0
-3.1029999256134033 -0.9800000190734863 0.2199999988079071 68.0
-3.109999895095825 -1.1339999437332153 -0.006000000052154064 66.0
-3.115000009536743 -1.1100000143051147 0.0689999982714653 67.0
-3.1110000610351562 -1.0859999656677246 0.14100000262260437 64.0
-3.1059999465942383 -1.0579999685287476 0.21899999678134918 66.0
-3.118000030517578 -1.2209999561309814 -0.004999999888241291 60.0
-3.121000051498413 -1.1959999799728394 0.0689999982714653 60.0
-3.119999885559082 -1.1690000295639038 0.14100000262260437 62.0
-3.115000009536743 -1.1380000114440918 0.21799999475479126 61.0
-3.119999885559082 -1.309999942779541 -0.003000000026077032 58.0
-3.11899995803833 -1.2790000438690186 0.07000000029802322 60.0
-3.122999906539917 -1.2519999742507935 0.14100000262260437 62.0
-3.11899995803833 -1.218000054359436 0.21699999272823334 64.0
-3.124000072479248 -1.399999976158142 -0.0010000000474974513 56.0
-3.128000020980835 -1.3680000305175781 0.07100000232458115 59.0
-3.125999927520752 -1.3359999656677246 0.14100000262260437 59.0
-3.119999885559082 -1.2990000247955322 0.2150000035762787 62.0
-3.127000093460083 -1.4930000305175781 0.0 53.0
-3.131999969482422 -1.4589999914169312 0.07199999690055847 56.0
-3.130000114440918 -1.4229999780654907 0.14100000262260437 59.0
-3.130000114440918 -1.3860000371932983 0.2150000035762787 62.0
-2.2920000553131104 -1.1619999408721924 0.0010000000474974513 14.0
-2.313999891281128 -1.1440000534057617 0.05400000140070915 4.0
-2.3380000591278076 -1.128000020980835 0.10499999672174454 14.0
-3.130000114440918 -1.468999981880188 0.21299999952316284 52.0
0.0 0.0 0.0 0.0
-2.249000072479248 -1.1779999732971191 0.05299999937415123 6.0
-3.13700008392334 -1.6030000448226929 0.14100000262260437 44.0
-3.134999990463257 -1.5579999685287476 0.21199999749660492 60.0
-2.940999984741211 -1.6720000505447388 0.006000000052154064 3.0
-3.007999897003174 -1.6660000085830688 0.07199999690055847 34.0
-2.2790000438690186 -1.2309999465942383 0.10199999809265137 0.0
-2.236999988555908 -1.1740000247955322 0.15000000596046448 6.0
-2.7899999618530273 -1.6759999990463257 0.007000000216066837 36.0
-2.864000082015991 -1.6740000247955322 0.0689999982714653 34.0
-2.934999942779541 -1.6720000505447388 0.13099999725818634 33.0
-3.007999897003174 -1.6649999618530273 0.20100000500679016 36.0
-2.6530001163482666 -1.680999994277954 0.008999999612569809 38.0
-2.7260000705718994 -1.6799999475479126 0.06700000166893005 37.0
-2.7909998893737793 -1.6749999523162842 0.125 37.0
-2.871999979019165 -1.6740000247955322 0.1899999976158142 35.0
-2.5350000858306885 -1.690999984741211 0.010999999940395355 39.0
-2.5969998836517334 -1.684999942779541 0.06499999761581421 39.0
-2.6589999198913574 -1.6799999475479126 0.11900000274181366 35.0
-2.739000082015991 -1.6790000200271606 0.18000000715255737 36.0
-2.4170000553131104 -1.6979999542236328 0.012000000104308128 38.0
-2.4779999256134033 -1.6920000314712524 0.06300000101327896 38.0
-2.5460000038146973 -1.690999984741211 0.11400000005960464 38.0
-2.61899995803833 -1.6859999895095825 0.17100000381469727 36.0
-2.302999973297119 -1.7009999752044678 0.014000000432133675 40.0
-2.36899995803833 -1.6990000009536743 0.061000000685453415 53.0
-2.437000036239624 -1.7000000476837158 0.10899999737739563 40.0
-2.502000093460083 -1.690999984741211 0.16200000047683716 41.0
-2.2039999961853027 -1.7100000381469727 0.014999999664723873 51.0
-2.26200008392334 -1.7039999961853027 0.05900000035762787 48.0
-2.3259999752044678 -1.7020000219345093 0.10400000214576721 44.0
-2.3949999809265137 -1.6979999542236328 0.15399999916553497 43.0
-2.1089999675750732 -1.718000054359436 0.01600000075995922 51.0
-2.1630001068115234 -1.7089999914169312 0.057999998331069946 47.0
-2.2260000705718994 -1.7089999914169312 0.10000000149011612 48.0
-2.2939999103546143 -1.7039999961853027 0.1469999998807907 41.0
-2.013000011444092 -1.722000002861023 0.017999999225139618 49.0
-2.072999954223633 -1.718999981880188 0.0560000017285347 51.0
-2.135999917984009 -1.718000054359436 0.09600000083446503 48.0
-2.200000047683716 -1.7120000123977661 0.14000000059604645 52.0
-1.9279999732971191 -1.7289999723434448 0.01899999938905239 58.0
-1.9869999885559082 -1.7259999513626099 0.054999999701976776 54.0
-2.0439999103546143 -1.722000002861023 0.09200000017881393 47.0
-2.1070001125335693 -1.7170000076293945 0.13300000131130219 49.0
-1.843000054359436 -1.7350000143051147 0.019999999552965164 59.0
-1.8990000486373901 -1.7289999723434448 0.05400000140070915 57.0
-1.9559999704360962 -1.7259999513626099 0.08799999952316284 54.0
-2.0239999294281006 -1.725000023841858 0.12600000202655792 52.0
-1.7569999694824219 -1.7330000400543213 0.020999999716877937 39.0
-1.815999984741211 -1.7330000400543213 0.05299999937415123 60.0
-1.878000020980835 -1.7350000143051147 0.08500000089406967 63.0
-1.9359999895095825 -1.7269999980926514 0.11999999731779099 55.0
-1.6790000200271606 -1.7369999885559082 0.023000000044703484 14.0
-1.7389999628067017 -1.7380000352859497 0.052000001072883606 33.0
-1.7899999618530273 -1.7319999933242798 0.08100000023841858 44.0
-1.8569999933242798 -1.7319999933242798 0.11400000005960464 63.0
0.0 0.0 0.0 0.0
0.0 0.0 0.0 0.0
-1.715000033378601 -1.7369999885559082 0.07800000160932541 33.0
-1.784000039100647 -1.7400000095367432 0.10899999737739563 57.0
0.0 0.0 0.0 0.0
0.0 0.0 0.0 0.0
0.0 0.0 0.0 0.0
-1.7020000219345093 -1.7369999885559082 0.10300000011920929 32.0
0.0 0.0 0.0 0.0
0.0 0.0 0.0 0.0
0.0 0.0 0.0 0.0
0.0 0.0 0.0 0.0
0.0 0.0 0.0 0.0
0.0 0.0 0.0 0.0
0.0 0.0 0.0 0.0
0.0 0.0 0.0 0.0
0.0 0.0 0.0 0.0
0.0 0.0 0.0 0.0
0.0 0.0 0.0 0.0
0.0 0.0 0.0 0.0
0.0 0.0 0.0 0.0
0.0 0.0 0.0 0.0
0.0 0.0 0.0 0.0
0.0 0.0 0.0 0.0
0.0 0.0 0.0 0.0
0.0 0.0 0.0 0.0
0.0 0.0 0.0 0.0
0.0 0.0 0.0 0.0
0.0 0.0 0.0 0.0
0.0 0.0 0.0 0.0
0.0 0.0 0.0 0.0
0.0 0.0 0.0 0.0
0.0 0.0 0.0 0.0
0.0 0.0 0.0 0.0
0.0 0.0 0.0 0.0
0.0 0.0 0.0 0.0
0.0 0.0 0.0 0.0
0.0 0.0 0.0 0.0
0.0 0.0 0.0 0.0
0.0 0.0 0.0 0.0
0.0 0.0 0.0 0.0
0.0 0.0 0.0 0.0
0.0 0.0 0.0 0.0
0.0 0.0 0.0 0.0
-0.9139999747276306 -1.7309999465942383 0.03500000014901161 18.0
0.0 0.0 0.0 0.0
0.0 0.0 0.0 0.0
0.0 0.0 0.0 0.0
-0.8659999966621399 -1.7359999418258667 0.035999998450279236 25.0
-0.9120000004768372 -1.7350000143051147 0.04100000113248825 18.0
0.0 0.0 0.0 0.0
0.0 0.0 0.0 0.0
-0.8190000057220459 -1.7430000305175781 0.03700000047683716 22.0
-0.8619999885559082 -1.7359999418258667 0.04100000113248825 25.0
-0.906000018119812 -1.7319999933242798 0.04500000178813934 18.0
0.0 0.0 0.0 0.0
-0.7680000066757202 -1.7400000095367432 0.03799999877810478 24.0
-0.8159999847412109 -1.7410000562667847 0.04100000113248825 24.0
-0.8629999756813049 -1.746000051498413 0.0430000014603138 26.0
-0.9089999794960022 -1.7359999418258667 0.04699999839067459 17.0
-0.7239999771118164 -1.7480000257492065 0.039000000804662704 28.0
-0.7670000195503235 -1.7430000305175781 0.03999999910593033 25.0
-0.8159999847412109 -1.7489999532699585 0.041999999433755875 21.0
-0.8619999885559082 -1.7400000095367432 0.0430000014603138 25.0
-0.6779999732971191 -1.7519999742507935 0.03999999910593033 25.0
-0.7200000286102295 -1.7430000305175781 0.03999999910593033 24.0
-0.7670000195503235 -1.7480000257492065 0.03999999910593033 26.0
-0.8149999976158142 -1.74399995803833 0.03999999910593033 23.0
-0.6320000290870667 -1.753000020980835 0.04100000113248825 24.0
-0.675000011920929 -1.7480000257492065 0.039000000804662704 25.0
-0.7210000157356262 -1.7519999742507935 0.03799999877810478 25.0
-0.765999972820282 -1.7400000095367432 0.03700000047683716 25.0
-0.5879999995231628 -1.7580000162124634 0.041999999433755875 26.0
-0.6290000081062317 -1.7480000257492065 0.039000000804662704 24.0
-0.675000011920929 -1.753000020980835 0.03700000047683716 24.0
-0.722000002861023 -1.746999979019165 0.03400000184774399 26.0
-0.5440000295639038 -1.7619999647140503 0.0430000014603138 26.0
-0.5849999785423279 -1.7519999742507935 0.039000000804662704 27.0
-0.6309999823570251 -1.7599999904632568 0.03500000014901161 22.0
-0.675000011920929 -1.7450000047683716 0.03099999949336052 25.0
-0.5 -1.7649999856948853 0.04399999976158142 27.0
-0.5419999957084656 -1.7589999437332153 0.03799999877810478 27.0
-0.5860000252723694 -1.7580000162124634 0.032999999821186066 28.0
-0.6320000290870667 -1.753000020980835 0.02800000086426735 24.0
-0.4569999873638153 -1.7660000324249268 0.04500000178813934 25.0
-0.49900001287460327 -1.7610000371932983 0.03799999877810478 27.0
-0.5410000085830688 -1.7599999904632568 0.03200000151991844 26.0
-0.5889999866485596 -1.7580000162124634 0.02500000037252903 24.0
-0.41200000047683716 -1.7640000581741333 0.04600000008940697 22.0
-0.4569999873638153 -1.7690000534057617 0.03799999877810478 26.0
-0.5 -1.7669999599456787 0.029999999329447746 28.0
-0.5460000038146973 -1.7599999904632568 0.02199999988079071 25.0
0.0 0.0 0.0 0.0
-0.41200000047683716 -1.7589999437332153 0.03700000047683716 21.0
-0.4580000042915344 -1.7740000486373901 0.028999999165534973 27.0
-0.5040000081062317 -1.7660000324249268 0.01899999938905239 27.0
0.0 0.0 0.0 0.0
0.0 0.0 0.0 0.0
-0.4129999876022339 -1.7649999856948853 0.027000000700354576 22.0
-0.460999995470047 -1.7680000066757202 0.01600000075995922 27.0
0.0 0.0 0.0 0.0
0.0 0.0 0.0 0.0
0.0 0.0 0.0 0.0
-0.4180000126361847 -1.7699999809265137 0.013000000268220901 26.0
0.0 0.0 0.0 0.0
0.0 0.0 0.0 0.0
0.0 0.0 0.0 0.0
-0.375 -1.7649999856948853 0.009999999776482582 25.0
0.0 0.0 0.0 0.0
0.0 0.0 0.0 0.0
0.0 0.0 0.0 0.0
0.0 0.0 0.0 0.0
0.0 0.0 0.0 0.0
0.0 0.0 0.0 0.0
0.0 0.0 0.0 0.0
0.0 0.0 0.0 0.0
0.0 0.0 0.0 0.0
0.0 0.0 0.0 0.0
0.0 0.0 0.0 0.0
0.0 0.0 0.0 0.0
0.0 0.0 0.0 0.0
0.0 0.0 0.0 0.0
0.0 0.0 0.0 0.0
0.0 0.0 0.0 0.0
0.0 0.0 0.0 0.0
0.0 0.0 0.0 0.0
0.0 0.0 0.0 0.0
0.0 0.0 0.0 0.0
0.0 0.0 0.0 0.0
0.0 0.0 0.0 0.0
0.0 0.0 0.0 0.0
0.0 0.0 0.0 0.0
0.0 0.0 0.0 0.0
0.0 0.0 0.0 0.0
0.0 0.0 0.0 0.0
0.0 0.0 0.0 0.0
0.08299999684095383 -1.7869999408721924 0.057999998331069946 27.0
0.0 0.0 0.0 0.0
0.0 0.0 0.0 0.0
0.0 0.0 0.0 0.0
0.12399999797344208 -1.7920000553131104 0.05900000035762787 25.0
0.0 0.0 0.0 0.0
0.0 0.0 0.0 0.0
0.0 0.0 0.0 0.0
0.16599999368190765 -1.7999999523162842 0.061000000685453415 29.0
0.12399999797344208 -1.7929999828338623 0.03500000014901161 25.0
0.0 0.0 0.0 0.0
0.0 0.0 0.0 0.0
0.20800000429153442 -1.8040000200271606 0.06199999898672104 30.0
0.16599999368190765 -1.7960000038146973 0.03500000014901161 29.0
0.0 0.0 0.0 0.0
0.0 0.0 0.0 0.0
0.25 -1.8029999732971191 0.06300000101327896 29.0
0.20800000429153442 -1.8009999990463257 0.03500000014901161 30.0
0.16599999368190765 -1.7929999828338623 0.00800000037997961 21.0
0.0 0.0 0.0 0.0
0.2930000126361847 -1.809000015258789 0.06400000303983688 31.0
0.25099998712539673 -1.8079999685287476 0.03500000014901161 28.0
0.20900000631809235 -1.7999999523162842 0.006000000052154064 22.0
0.0 0.0 0.0 0.0
0.33500000834465027 -1.8070000410079956 0.06499999761581421 30.0
0.2930000126361847 -1.8079999685287476 0.03500000014901161 30.0
0.2529999911785126 -1.8140000104904175 0.004999999888241291 27.0
0.0 0.0 0.0 0.0
0.3779999911785126 -1.809000015258789 0.06700000166893005 29.0
0.335999995470047 -1.8070000410079956 0.03500000014901161 31.0
0.29600000381469727 -1.8140000104904175 0.003000000026077032 30.0
0.24899999797344208 -1.8070000410079956 -0.028999999165534973 20.0
0.4230000078678131 -1.815999984741211 0.06800000369548798 30.0
0.3790000081062317 -1.809999942779541 0.03500000014901161 29.0
0.33799999952316284 -1.8079999685287476 0.0020000000949949026 31.0
0.2930000126361847 -1.812999963760376 -0.03200000151991844 27.0
0.46700000762939453 -1.815999984741211 0.0689999982714653 29.0
0.42399999499320984 -1.812999963760376 0.03400000184774399 30.0
0.382999986410141 -1.8140000104904175 0.0010000000474974513 30.0
0.3370000123977661 -1.812999963760376 -0.03500000014901161 29.0
0.5130000114440918 -1.8220000267028809 0.07100000232458115 28.0
0.4690000116825104 -1.815999984741211 0.03400000184774399 29.0
0.42800000309944153 -1.819000005722046 0.0 30.0
0.38100001215934753 -1.815000057220459 -0.03799999877810478 27.0
0.5580000281333923 -1.8229999542236328 0.07199999690055847 26.0
0.5139999985694885 -1.819000005722046 0.03400000184774399 29.0
0.4740000069141388 -1.8220000267028809 -0.0010000000474974513 29.0
0.4259999990463257 -1.8179999589920044 -0.04100000113248825 27.0
0.6050000190734863 -1.8250000476837158 0.0729999989271164 28.0
0.5619999766349792 -1.8250000476837158 0.03400000184774399 29.0
0.5210000276565552 -1.8289999961853027 -0.003000000026077032 27.0
0.4729999899864197 -1.8229999542236328 -0.0430000014603138 27.0
0.6499999761581421 -1.8220000267028809 0.07400000095367432 25.0
0.6079999804496765 -1.8250000476837158 0.03400000184774399 26.0
0.5680000185966492 -1.8309999704360962 -0.004000000189989805 26.0
0.5199999809265137 -1.8270000219345093 -0.04699999839067459 31.0
0.7020000219345093 -1.8370000123977661 0.07699999958276749 25.0
0.6549999713897705 -1.8259999752044678 0.03400000184774399 26.0
0.6150000095367432 -1.8329999446868896 -0.006000000052154064 29.0
0.5669999718666077 -1.8279999494552612 -0.04899999871850014 27.0
0.7490000128746033 -1.8350000381469727 0.07800000160932541 27.0
0.7070000171661377 -1.8380000591278076 0.03400000184774399 24.0
0.6620000004768372 -1.8300000429153442 -0.007000000216066837 26.0
0.6150000095367432 -1.8289999961853027 -0.052000001072883606 26.0
0.796999990940094 -1.8309999704360962 0.07900000363588333 25.0
0.7540000081062317 -1.8339999914169312 0.03400000184774399 26.0
0.7129999995231628 -1.8359999656677246 -0.008999999612569809 26.0
0.6629999876022339 -1.8300000429153442 -0.054999999701976776 28.0
0.8489999771118164 -1.8380000591278076 0.08100000023841858 23.0
0.8040000200271606 -1.8350000381469727 0.03400000184774399 25.0
0.7639999985694885 -1.8389999866485596 -0.009999999776482582 26.0
0.7129999995231628 -1.8329999446868896 -0.05900000035762787 23.0
0.9150000214576721 -1.8669999837875366 0.08299999684095383 32.0
0.8539999723434448 -1.8329999446868896 0.03400000184774399 22.0
0.8130000233650208 -1.8350000381469727 -0.012000000104308128 26.0
0.7649999856948853 -1.8359999656677246 -0.06199999898672104 26.0
0.9800000190734863 -1.8919999599456787 0.0860000029206276 57.0
0.9290000200271606 -1.8799999952316284 0.03400000184774399 43.0
0.8669999837875366 -1.840000033378601 -0.013000000268220901 22.0
0.8190000057220459 -1.8420000076293945 -0.06499999761581421 25.0
1.0390000343322754 -1.899999976158142 0.08799999952316284 57.0
0.9909999966621399 -1.8940000534057617 0.03500000014901161 56.0
0.9399999976158142 -1.8819999694824219 -0.014999999664723873 57.0
0.8709999918937683 -1.840999960899353 -0.0689999982714653 23.0
1.093999981880188 -1.8960000276565552 0.08900000154972076 55.0
1.0479999780654907 -1.8960000276565552 0.03500000014901161 60.0
1.0049999952316284 -1.9010000228881836 -0.017000000923871994 61.0
0.9440000057220459 -1.878999948501587 -0.0729999989271164 67.0
1.156999945640564 -1.906999945640564 0.09200000017881393 50.0
1.1069999933242798 -1.8990000486373901 0.03500000014901161 63.0
1.062999963760376 -1.9010000228881836 -0.01899999938905239 60.0
1.0110000371932983 -1.899999976158142 -0.07800000160932541 57.0
0.8009999990463257 -1.253999948501587 0.061000000685453415 138.0
1.1710000038146973 -1.906999945640564 0.03500000014901161 50.0
1.121000051498413 -1.899999976158142 -0.020999999716877937 62.0
1.0720000267028809 -1.9040000438690186 -0.0820000022649765 63.0
0.8429999947547913 -1.2569999694824219 0.06300000101327896 14.0
0.8130000233650208 -1.2580000162124634 0.02199999988079071 110.0
1.1829999685287476 -1.9019999504089355 -0.023000000044703484 57.0
1.1349999904632568 -1.9079999923706055 -0.0860000029206276 55.0
0.8579999804496765 -1.218999981880188 0.06199999898672104 12.0
0.8360000252723694 -1.2309999465942383 0.02199999988079071 9.0
0.8100000023841858 -1.2359999418258667 -0.01600000075995922 65.0
0.800000011920929 -1.2760000228881836 -0.05999999865889549 5.0
0.0 0.0 0.0 0.0
0.0 0.0 0.0 0.0
0.8730000257492065 -1.2669999599456787 -0.017999999225139618 14.0
0.8100000023841858 -1.2269999980926514 -0.05999999865889549 9.0
0.8980000019073486 -1.1610000133514404 0.061000000685453415 0.0
0.9300000071525574 -1.2430000305175781 0.02199999988079071 3.0
0.921999990940094 -1.2740000486373901 -0.01899999938905239 11.0
1.343000054359436 -1.9320000410079956 -0.0989999994635582 8.0
1.569000005722046 -1.9390000104904175 0.10400000214576721 55.0
1.5199999809265137 -1.937999963760376 0.03500000014901161 11.0
0.9399999976158142 -1.2380000352859497 -0.019999999552965164 0.0
0.9269999861717224 -1.2680000066757202 -0.06800000369548798 118.0
1.6410000324249268 -1.937000036239624 0.10599999874830246 58.0
1.590999960899353 -1.9359999895095825 0.03400000184774399 62.0
1.534999966621399 -1.9259999990463257 -0.03400000184774399 54.0
0.9300000071525574 -1.2100000381469727 -0.06700000166893005 11.0
1.7230000495910645 -1.9429999589920044 0.10899999737739563 50.0
1.6699999570846558 -1.940000057220459 0.03400000184774399 57.0
1.6200000047683716 -1.937000036239624 -0.035999998450279236 58.0
1.565000057220459 -1.937999963760376 -0.11299999803304672 10.0
1.8009999990463257 -1.9420000314712524 0.11100000143051147 23.0
1.753000020980835 -1.9429999589920044 0.03400000184774399 56.0
1.7039999961853027 -1.9429999589920044 -0.039000000804662704 60.0
1.6330000162124634 -1.9279999732971191 -0.11699999868869781 47.0
1.8930000066757202 -1.9509999752044678 0.11400000005960464 47.0
1.8209999799728394 -1.9290000200271606 0.03400000184774399 15.0
1.7799999713897705 -1.9359999895095825 -0.04100000113248825 27.0
1.7200000286102295 -1.9329999685287476 -0.12300000339746475 51.0
1.9830000400543213 -1.9550000429153442 0.11699999868869781 51.0
1.9279999732971191 -1.9500000476837158 0.03400000184774399 55.0
1.875 -1.9479999542236328 -0.04399999976158142 49.0
1.809000015258789 -1.937999963760376 -0.12800000607967377 57.0
2.0810000896453857 -1.9600000381469727 0.11999999731779099 42.0
2.0220000743865967 -1.9539999961853027 0.03400000184774399 45.0
1.975000023841858 -1.9570000171661377 -0.04699999839067459 47.0
1.899999976158142 -1.9420000314712524 -0.1340000033378601 64.0
2.187999963760376 -1.972000002861023 0.12300000339746475 39.0
2.124000072479248 -1.9609999656677246 0.03400000184774399 43.0
2.069000005722046 -1.9570000171661377 -0.05000000074505806 48.0
1.9989999532699585 -1.9459999799728394 -0.14000000059604645 60.0
2.2880001068115234 -1.972000002861023 0.12600000202655792 38.0
2.234999895095825 -1.9700000286102295 0.03400000184774399 40.0
2.1760001182556152 -1.9639999866485596 -0.05299999937415123 50.0
2.0989999771118164 -1.9479999542236328 -0.1469999998807907 62.0
2.4059998989105225 -1.9809999465942383 0.12999999523162842 11.0
2.3299999237060547 -1.9609999656677246 0.032999999821186066 16.0
2.2929999828338623 -1.9739999771118164 -0.05700000002980232 44.0
2.2330000400543213 -1.975000023841858 -0.15600000321865082 41.0
2.5239999294281006 -1.9850000143051147 0.13300000131130219 31.0
2.4670000076293945 -1.9809999465942383 0.032999999821186066 39.0
2.4100000858306885 -1.9780000448226929 -0.061000000685453415 37.0
2.3350000381469727 -1.968000054359436 -0.16200000047683716 54.0
2.6689999103546143 -2.003999948501587 0.1379999965429306 22.0
1.7039999961853027 -1.305999994277954 0.02199999988079071 3.0
2.5309998989105225 -1.9800000190734863 -0.06499999761581421 23.0
2.453000068664551 -1.968999981880188 -0.17000000178813934 50.0
2.796999931335449 -2.003999948501587 0.14100000262260437 31.0
2.740999937057495 -2.002000093460083 0.032999999821186066 35.0
2.677000045776367 -1.9950000047683716 -0.0689999982714653 34.0
2.5959999561309814 -1.9830000400543213 -0.17900000512599945 51.0
2.9509999752044678 -2.0169999599456787 0.1459999978542328 31.0
2.884000062942505 -2.006999969482422 0.032999999821186066 32.0
2.821000099182129 -2.000999927520752 -0.07400000095367432 32.0
2.74399995803833 -1.99399995803833 -0.18799999356269836 40.0
3.1040000915527344 -2.0220000743865967 0.1509999930858612 56.0
3.0439999103546143 -2.0169999599456787 0.032999999821186066 32.0
2.984999895095825 -2.0139999389648438 -0.07900000363588333 32.0
2.9010000228881836 -2.003000020980835 -0.19900000095367432 38.0
3.299999952316284 -2.0450000762939453 0.15700000524520874 41.0
3.2219998836517334 -2.0309998989105225 0.032999999821186066 44.0
3.130000114440918 -2.006999969482422 -0.08299999684095383 59.0
3.0910000801086426 -2.0260000228881836 -0.210999995470047 41.0
3.484999895095825 -2.052999973297119 0.16200000047683716 15.0
3.4260001182556152 -2.0510001182556152 0.032999999821186066 43.0
3.36299991607666 -2.0460000038146973 -0.09099999815225601 40.0
3.2939999103546143 -2.0480000972747803 -0.2240000069141388 43.0
3.7090001106262207 -2.075000047683716 0.16899999976158142 36.0
2.3289999961853027 -1.3229999542236328 0.020999999716877937 4.0
2.321000099182129 -1.3389999866485596 -0.06300000101327896 0.0
3.497999906539917 -2.059000015258789 -0.23800000548362732 38.0
3.933000087738037 -2.0880000591278076 0.17599999904632568 36.0
3.872999906539917 -2.0840001106262207 0.03200000151991844 12.0
3.809000015258789 -2.0799999237060547 -0.10499999672174454 12.0
3.747999906539917 -2.0869998931884766 -0.2540000081062317 12.0
4.182000160217285 -2.1019999980926514 0.18400000035762787 28.0
4.11299991607666 -2.0929999351501465 0.03200000151991844 29.0
4.052999973297119 -2.0899999141693115 -0.11299999803304672 32.0
3.9809999465942383 -2.0910000801086426 -0.26899999380111694 32.0
4.465000152587891 -2.121000051498413 0.19200000166893005 21.0
4.4079999923706055 -2.117000102996826 0.03099999949336052 23.0
4.34499979019165 -2.114000082015991 -0.12200000137090683 27.0
4.270999908447266 -2.114000082015991 -0.2879999876022339 35.0
4.7789998054504395 -2.1419999599456787 0.20200000703334808 18.0
4.7210001945495605 -2.135999917984009 0.03099999949336052 12.0
4.6519999504089355 -2.128999948501587 -0.13199999928474426 17.0
4.576000213623047 -2.130000114440918 -0.30799999833106995 23.0
5.142000198364258 -2.1670000553131104 0.21299999952316284 19.0
5.079999923706055 -2.1600000858306885 0.03099999949336052 14.0
5.014999866485596 -2.1549999713897705 -0.14300000667572021 12.0
4.929999828338623 -2.1510000228881836 -0.3310000002384186 12.0
5.452000141143799 -2.1549999713897705 0.22100000083446503 38.0
5.426000118255615 -2.1619999408721924 0.029999999329447746 107.0
5.415999889373779 -2.177000045776367 -0.15600000321865082 89.0
5.363999843597412 -2.187999963760376 -0.36000001430511475 23.0
5.671999931335449 -2.0980000495910645 0.22499999403953552 60.0
5.671999931335449 -2.1089999675750732 0.02800000086426735 68.0
5.656000137329102 -2.121000051498413 -0.16500000655651093 80.0
5.663000106811523 -2.1510000228881836 -0.3790000081062317 81.0
5.689000129699707 -1.9620000123977661 0.22100000083446503 57.0
5.672999858856201 -1.9639999866485596 0.02500000037252903 60.0
5.672999858856201 -1.9769999980926514 -0.16599999368190765 59.0
5.671999931335449 -1.9989999532699585 -0.3790000081062317 60.0
5.683000087738037 -1.8200000524520874 0.2160000056028366 62.0
5.689000129699707 -1.8250000476837158 0.02199999988079071 60.0
5.685999870300293 -1.8320000171661377 -0.1679999977350235 62.0
5.673999786376953 -1.847000002861023 -0.3790000081062317 61.0
5.677999973297119 -1.6790000200271606 0.210999995470047 73.0
5.684999942779541 -1.6820000410079956 0.01899999938905239 99.0
5.623000144958496 -1.6670000553131104 -0.1679999977350235 17.0
5.688000202178955 -1.7000000476837158 -0.3790000081062317 62.0
5.702000141143799 -1.5499999523162842 0.20800000429153442 61.0
5.697000026702881 -1.5440000295639038 0.01600000075995922 62.0
5.626999855041504 -1.5240000486373901 -0.16899999976158142 18.0
5.699999809265137 -1.5529999732971191 -0.3799999952316284 64.0
5.710999965667725 -1.4160000085830688 0.2029999941587448 59.0
5.7129998207092285 -1.4079999923706055 0.013000000268220901 62.0
5.619999885559082 -1.3819999694824219 -0.17100000381469727 64.0
5.703000068664551 -1.406999945640564 -0.3799999952316284 66.0
5.71999979019165 -1.2829999923706055 0.19900000095367432 63.0
5.72599983215332 -1.2730000019073486 0.009999999776482582 61.0
5.714000225067139 -1.2630000114440918 -0.17499999701976776 79.0
5.716000080108643 -1.2649999856948853 -0.38100001215934753 65.0
5.729000091552734 -1.1519999504089355 0.19499999284744263 64.0
5.728000164031982 -1.1360000371932983 0.007000000216066837 68.0
5.718999862670898 -1.1239999532699585 -0.1770000010728836 65.0
5.718999862670898 -1.1200000047683716 -0.3799999952316284 66.0
5.73199987411499 -1.0210000276565552 0.1899999976158142 65.0
5.738999843597412 -1.003999948501587 0.004000000189989805 67.0
5.72599983215332 -0.9860000014305115 -0.17800000309944153 66.0
5.7270002365112305 -0.9800000190734863 -0.38100001215934753 66.0
5.74399995803833 -0.8920000195503235 0.18700000643730164 67.0
5.736000061035156 -0.8679999709129333 0.0010000000474974513 123.0
5.732999801635742 -0.8489999771118164 -0.18000000715255737 82.0
5.736000061035156 -0.8379999995231628 -0.38100001215934753 66.0
4.789000034332275 -0.6349999904632568 0.15199999511241913 83.0
5.745999813079834 -0.7350000143051147 -0.0010000000474974513 85.0
5.742000102996826 -0.7120000123977661 -0.18199999630451202 82.0
5.744999885559082 -0.6990000009536743 -0.38199999928474426 76.0
5.748000144958496 -0.6299999952316284 0.1770000010728836 43.0
4.769999980926514 -0.49900001287460327 -0.003000000026077032 15.0
5.750999927520752 -0.574999988079071 -0.18400000035762787 131.0
5.75 -0.5559999942779541 -0.38199999928474426 103.0
5.761000156402588 -0.503000020980835 0.17299999296665192 64.0
5.758999824523926 -0.46799999475479126 -0.00800000037997961 150.0
5.754000186920166 -0.4390000104904175 -0.1860000044107437 150.0
5.755000114440918 -0.41600000858306885 -0.382999986410141 114.0
5.760000228881836 -0.37299999594688416 0.16899999976158142 111.0
5.769999980926514 -0.3370000123977661 -0.009999999776482582 151.0
5.752999782562256 -0.3019999861717224 -0.18700000643730164 150.0
5.75600004196167 -0.2759999930858612 -0.382999986410141 150.0
3.3970000743865967 -0.14399999380111694 0.09700000286102295 93.0
3.3959999084472656 -0.11900000274181366 -0.00800000037997961 37.0
5.764999866485596 -0.16699999570846558 -0.1889999955892563 150.0
5.76200008392334 -0.13699999451637268 -0.382999986410141 150.0
3.3239998817443848 -0.06700000166893005 0.09200000017881393 92.0
3.3570001125335693 -0.04100000113248825 -0.009999999776482582 56.0
5.770999908447266 -0.03200000151991844 -0.19099999964237213 150.0
3.377000093460083 0.0010000000474974513 -0.22499999403953552 22.0
3.2790000438690186 0.006000000052154064 0.08799999952316284 85.0
3.3389999866485596 0.03400000184774399 -0.010999999940395355 90.0
3.322000026702881 0.05900000035762787 -0.11100000143051147 38.0
3.263000011444092 0.07999999821186066 -0.21699999272823334 42.0
3.2780001163482666 0.07900000363588333 0.08500000089406967 97.0
3.3320000171661377 0.10999999940395355 -0.013000000268220901 103.0
3.3589999675750732 0.14000000059604645 -0.11299999803304672 32.0
3.3389999866485596 0.16500000655651093 -0.22300000488758087 16.0
3.260999917984009 0.15199999511241913 0.0820000022649765 90.0
3.322999954223633 0.18799999356269836 -0.014999999664723873 72.0
5.804999828338623 0.3790000081062317 -0.1979999989271164 72.0
5.809000015258789 0.42800000309944153 -0.3880000114440918 68.0
3.2750000953674316 0.22699999809265137 0.07999999821186066 95.0
3.322000026702881 0.2639999985694885 -0.017000000923871994 61.0
5.809999942779541 0.5180000066757202 -0.20000000298023224 72.0
5.814000129699707 0.5699999928474426 -0.3889999985694885 68.0
3.3340001106262207 0.3050000071525574 0.07800000160932541 97.0
5.810999870300293 0.5979999899864197 -0.03400000184774399 72.0
5.807000160217285 0.656000018119812 -0.20200000703334808 74.0
5.818999767303467 0.7139999866485596 -0.38999998569488525 69.0
5.823999881744385 0.6650000214576721 0.13199999928474426 55.0
5.833000183105469 0.734000027179718 -0.03700000047683716 71.0
5.822999954223633 0.796999990940094 -0.20499999821186066 68.0
5.822999954223633 0.8579999804496765 -0.39100000262260437 68.0
5.841000080108643 0.7990000247955322 0.12800000607967377 27.0
5.834000110626221 0.8709999918937683 -0.03999999910593033 70.0
5.835000038146973 0.9380000233650208 -0.2070000022649765 69.0
5.836999893188477 1.0049999952316284 -0.3919999897480011 69.0
5.006999969482422 0.7979999780654907 0.10499999672174454 71.0
5.8480000495910645 1.0110000371932983 -0.04399999976158142 71.0
5.840000152587891 1.0820000171661377 -0.20999999344348907 69.0
5.841000080108643 1.1519999504089355 -0.3930000066757202 70.0
4.9079999923706055 0.8960000276565552 0.0989999994635582 16.0
5.8470001220703125 1.1510000228881836 -0.04800000041723251 72.0
5.840000152587891 1.2259999513626099 -0.21199999749660492 70.0
5.8480000495910645 1.3020000457763672 -0.39500001072883606 70.0
5.85099983215332 1.2050000429153442 0.1120000034570694 68.0
5.857999801635742 1.2929999828338623 -0.050999999046325684 68.0
5.85699987411499 1.3739999532699585 -0.2150000035762787 70.0
5.840000152587891 1.4500000476837158 -0.39500001072883606 104.0
5.855000019073486 1.343000054359436 0.10700000077486038 68.0
5.854000091552734 1.434999942779541 -0.054999999701976776 91.0
5.868000030517578 1.5230000019073486 -0.21799999475479126 71.0
5.872000217437744 1.6100000143051147 -0.39899998903274536 73.0
5.85699987411499 1.4809999465942383 0.10199999809265137 79.0
5.864999771118164 1.5809999704360962 -0.05900000035762787 29.0
5.88100004196167 1.6770000457763672 -0.22100000083446503 73.0
5.877999782562256 1.7660000324249268 -0.4000000059604645 69.0
5.880000114440918 1.628999948501587 0.09600000083446503 69.0
5.864999771118164 1.725000023841858 -0.06300000101327896 104.0
5.881999969482422 1.8270000219345093 -0.22300000488758087 72.0
5.894000053405762 1.9290000200271606 -0.40299999713897705 75.0
5.88700008392334 1.7730000019073486 0.09099999815225601 70.0
5.888000011444092 1.88100004196167 -0.06700000166893005 69.0
5.869999885559082 1.9759999513626099 -0.22499999403953552 40.0
5.8379998207092285 2.066999912261963 -0.4000000059604645 26.0
5.89300012588501 1.9210000038146973 0.08500000089406967 76.0
5.875999927520752 2.0269999504089355 -0.07100000232458115 9.0
5.617000102996826 2.0409998893737793 -0.21799999475479126 6.0
5.2870001792907715 2.0190000534057617 -0.36399999260902405 21.0
5.686999797821045 1.9950000047683716 0.07599999755620956 23.0
5.85699987411499 2.1740000247955322 -0.07599999755620956 2.0
5.234000205993652 2.0429999828338623 -0.20600000023841858 79.0
5.247000217437744 2.1500000953674316 -0.3619999885559082 72.0
5.392000198364258 2.0299999713897705 0.06700000166893005 6.0
5.239999771118164 2.0829999446868896 -0.07100000232458115 83.0
5.243000030517578 2.190000057220459 -0.20900000631809235 76.0
5.171000003814697 2.2679998874664307 -0.35899999737739563 29.0
5.236999988555908 2.1070001125335693 0.05900000035762787 73.0
5.245999813079834 2.2269999980926514 -0.07599999755620956 73.0
5.0980000495910645 2.2720000743865967 -0.20600000023841858 44.0
5.074999809265137 2.372999906539917 -0.3529999852180481 68.0
5.269999980926514 2.259999990463257 0.05400000140070915 103.0
5.067999839782715 2.2899999618530273 -0.07699999958276749 69.0
5.073999881744385 2.4070000648498535 -0.20800000429153442 70.0
5.085000038146973 2.5290000438690186 -0.35499998927116394 64.0
5.2829999923706055 2.4059998989105225 0.04800000041723251 112.0
5.081999778747559 2.440000057220459 -0.0820000022649765 69.0
5.086999893188477 2.561000108718872 -0.210999995470047 69.0
5.0879998207092285 2.687000036239624 -0.3580000102519989 65.0
5.293000221252441 2.555999994277954 0.041999999433755875 111.0
5.0920000076293945 2.5899999141693115 -0.0860000029206276 26.0
5.10099983215332 2.7219998836517334 -0.2150000035762787 66.0
5.105999946594238 2.8559999465942383 -0.3610000014305115 32.0
5.311999797821045 2.7149999141693115 0.03500000014901161 106.0
5.0970001220703125 2.742000102996826 -0.09099999815225601 69.0
4.019000053405762 2.2679998874664307 -0.1720000058412552 41.0
3.869999885559082 2.2899999618530273 -0.2750000059604645 25.0
5.809999942779541 3.135999917984009 0.03200000151991844 66.0
3.999000072479248 2.2730000019073486 -0.07500000298023224 58.0
3.8589999675750732 2.2990000247955322 -0.16699999570846558 28.0
0.0 0.0 0.0 0.0
4.001999855041504 2.2790000438690186 0.017000000923871994 62.0
3.822000026702881 2.2899999618530273 -0.07500000298023224 29.0
3.7170000076293945 2.3350000381469727 -0.164000004529953 11.0
0.0 0.0 0.0 0.0
5.986000061035156 3.5889999866485596 0.017000000923871994 46.0
3.6519999504089355 2.305000066757202 -0.07500000298023224 39.0
3.555999994277954 2.3519999980926514 -0.1589999943971634 9.0
0.0 0.0 0.0 0.0
6.011000156402588 3.7920000553131104 0.008999999612569809 34.0
3.49399995803833 2.319999933242798 -0.07599999755620956 39.0
3.372999906539917 2.3480000495910645 -0.15399999916553497 0.0
0.0 0.0 0.0 0.0
3.559000015258789 2.359999895095825 0.0 29.0
3.3469998836517334 2.3350000381469727 -0.07599999755620956 45.0
3.6679999828338623 2.684999942779541 -0.17000000178813934 40.0
3.069000005722046 2.3570001125335693 -0.22499999403953552 58.0
3.447000026702881 2.3989999294281006 -0.004000000189989805 12.0
3.191999912261963 2.3389999866485596 -0.07599999755620956 52.0
3.071000099182129 2.3610000610351562 -0.14499999582767487 63.0
3.071000099182129 2.4800000190734863 -0.22699999809265137 38.0
3.3350000381469727 2.434999942779541 -0.008999999612569809 0.0
3.071000099182129 2.3610000610351562 -0.07699999958276749 60.0
3.0759999752044678 2.4820001125335693 -0.14800000190734863 56.0
3.0969998836517334 2.625999927520752 -0.23100000619888306 32.0
3.0759999752044678 2.3540000915527344 -0.013000000268220901 61.0
3.0769999027252197 2.4809999465942383 -0.08100000023841858 59.0
3.0899999141693115 2.617000102996826 -0.1509999930858612 51.0
3.1070001125335693 2.7660000324249268 -0.23399999737739563 12.0
3.0769999027252197 2.4670000076293945 -0.017999999225139618 65.0
3.0929999351501465 2.61299991607666 -0.08500000089406967 68.0
3.11299991607666 2.7639999389648438 -0.1550000011920929 16.0
6.0970001220703125 5.697999954223633 -0.46399998664855957 43.0
3.0889999866485596 2.5940001010894775 -0.024000000208616257 50.0
3.1010000705718994 2.746000051498413 -0.09000000357627869 33.0
6.0970001220703125 5.677999973297119 -0.3109999895095825 43.0
6.117000102996826 5.997000217437744 -0.4699999988079071 42.0
3.109999895095825 2.734999895095825 -0.029999999329447746 47.0
6.09499979019165 5.656000137329102 -0.1850000023841858 42.0
6.11899995803833 5.9720001220703125 -0.3190000057220459 44.0
6.131999969482422 6.310999870300293 -0.47699999809265137 42.0
6.105000019073486 5.619999885559082 -0.07100000232458115 43.0
6.116000175476074 5.942999839782715 -0.19499999284744263 44.0
6.139999866485596 6.283999919891357 -0.3269999921321869 43.0
6.1479997634887695 6.636000156402588 -0.4830000102519989 39.0
6.11299991607666 5.890999794006348 -0.08299999684095383 42.0
6.133999824523926 6.244999885559082 -0.20600000023841858 42.0
6.1529998779296875 6.60099983215332 -0.335999995470047 40.0
6.170000076293945 6.992000102996826 -0.4909999966621399 37.0
6.142000198364258 6.195000171661377 -0.09700000286102295 43.0
6.145999908447266 6.552999973297119 -0.2160000056028366 37.0
6.177999973297119 6.949999809265137 -0.3449999988079071 36.0
6.192999839782715 7.366000175476074 -0.49900001287460327 35.0
6.159999847412109 6.501999855041504 -0.11100000143051147 36.0
6.166999816894531 6.890999794006348 -0.2280000001192093 37.0
6.193999767303467 7.306000232696533 -0.35499998927116394 36.0
6.210000038146973 7.758999824523926 -0.5070000290870667 36.0
6.164999961853027 6.810999870300293 -0.125 36.0
6.185999870300293 7.242000102996826 -0.23999999463558197 39.0
6.2129998207092285 7.690999984741211 -0.36500000953674316 38.0
6.238999843597412 8.187999725341797 -0.5170000195503235 34.0
6.192999839782715 7.163000106811523 -0.14100000262260437 36.0
6.203000068664551 7.610000133514404 -0.2529999911785126 37.0
6.241000175476074 8.107999801635742 -0.37700000405311584 37.0
3.4049999713897705 4.697999954223633 -0.28600001335144043 14.0
6.210000038146973 7.5229997634887695 -0.15800000727176666 35.0
6.228000164031982 8.01099967956543 -0.2669999897480011 36.0
6.254000186920166 8.531000137329102 -0.3889999985694885 34.0
6.26800012588501 9.098999977111816 -0.5360000133514404 31.0
6.236999988555908 7.916999816894531 -0.1770000010728836 30.0
6.258999824523926 8.45199966430664 -0.28299999237060547 37.0
6.2729997634887695 8.996999740600586 -0.4020000100135803 37.0
6.302999973297119 9.633999824523926 -0.5490000247955322 35.0
6.270999908447266 8.348999977111816 -0.19699999690055847 29.0
3.3469998836517334 4.744999885559082 -0.1599999964237213 12.0
6.303999900817871 9.508000373840332 -0.41600000858306885 33.0
6.348999977111816 10.232000350952148 -0.5640000104904175 21.0
3.38100004196167 4.7210001945495605 -0.11699999868869781 80.0
6.2870001792907715 9.371000289916992 -0.31700000166893005 38.0
6.341000080108643 10.069000244140625 -0.4320000112056732 27.0
6.26200008392334 10.64900016784668 -0.5669999718666077 95.0
6.289999961853027 9.223999977111816 -0.23999999463558197 33.0
6.317999839782715 9.904000282287598 -0.3370000123977661 35.0
6.3460001945495605 10.62600040435791 -0.4480000138282776 94.0
3.3889999389648438 6.091000080108643 -0.31299999356269836 5.0
6.318999767303467 9.73900032043457 -0.2639999985694885 32.0
6.394999980926514 10.555000305175781 -0.36000001430511475 47.0
3.438999891281128 6.078000068664551 -0.25200000405311584 30.0
5.61299991607666 10.682000160217285 -0.5320000052452087 94.0
6.366000175476074 10.319000244140625 -0.2919999957084656 24.0
3.4809999465942383 6.061999797821045 -0.20800000429153442 3.0
5.709000110626221 10.663999557495117 -0.4339999854564667 92.0
5.306000232696533 10.708000183105469 -0.515999972820282 92.0
6.230000019073486 10.642000198364258 -0.31299999356269836 74.0
5.803999900817871 10.668999671936035 -0.36800000071525574 94.0
5.401000022888184 10.689000129699707 -0.42800000309944153 91.0
5.004000186920166 10.727999687194824 -0.5 84.0
3.3940000534057617 6.113999843597412 -0.1860000044107437 5.0
5.49399995803833 10.687999725341797 -0.3720000088214874 91.0
5.0980000495910645 10.704999923706055 -0.421999990940094 90.0
4.76200008392334 10.883000373840332 -0.4909999966621399 2.0
5.607999801635742 10.678000450134277 -0.33799999952316284 94.0
5.192999839782715 10.704000473022461 -0.37400001287460327 90.0
4.818999767303467 10.765999794006348 -0.4169999957084656 39.0
0.0 0.0 0.0 0.0
5.313000202178955 10.704999923706055 -0.3499999940395355 92.0
4.900000095367432 10.734999656677246 -0.3779999911785126 71.0
0.0 0.0 0.0 0.0
0.0 0.0 0.0 0.0
5.015999794006348 10.718999862670898 -0.3619999885559082 90.0
4.646999835968018 10.836999893188477 -0.3840000033378601 2.0
0.0 0.0 0.0 0.0
0.6259999871253967 1.7619999647140503 -0.07100000232458115 3.0
4.751999855041504 10.798999786376953 -0.37700000405311584 18.0
0.0 0.0 0.0 0.0
0.640999972820282 1.753999948501587 -0.06499999761581421 3.0
3.5759999752044678 10.881999969482422 -0.42899999022483826 75.0
0.0 0.0 0.0 0.0
0.0 0.0 0.0 0.0
3.684999942779541 10.871000289916992 -0.39800000190734863 77.0
0.5199999809265137 1.7200000286102295 -0.06499999761581421 4.0
0.0 0.0 0.0 0.0
0.6129999756813049 1.7589999437332153 -0.06300000101327896 1.0
0.5479999780654907 1.75 -0.06300000101327896 8.0
0.5450000166893005 1.968000054359436 -0.07199999690055847 3.0
0.6309999823570251 1.7549999952316284 -0.06599999964237213 3.0
0.5699999928474426 1.7680000066757202 -0.06400000303983688 1.0
0.5 1.7410000562667847 -0.061000000685453415 3.0
0.609000027179718 2.4210000038146973 -0.0860000029206276 4.0
3.625999927520752 10.87399959564209 -0.42500001192092896 68.0
0.5090000033378601 1.715999960899353 -0.06300000101327896 4.0
2.690000057220459 10.255999565124512 -0.36000001430511475 33.0
2.309000015258789 10.177000045776367 -0.3490000069141388 68.0
0.5329999923706055 1.7330000400543213 -0.0689999982714653 6.0
0.6460000276565552 2.38100004196167 -0.08799999952316284 4.0
0.5770000219345093 2.427999973297119 -0.08399999886751175 3.0
0.968999981880188 4.796999931335449 -0.1589999943971634 16.0
0.5099999904632568 1.8040000200271606 -0.07400000095367432 2.0
0.6000000238418579 2.431999921798706 -0.09000000357627869 4.0
2.1730000972747803 10.21500015258789 -0.3499999940395355 98.0
0.4880000054836273 2.74399995803833 -0.08699999749660492 5.0
2.6470000743865967 10.265999794006348 -0.4339999854564667 32.0
2.2660000324249268 10.194999694824219 -0.382999986410141 70.0
0.9079999923706055 4.816999912261963 -0.16300000250339508 11.0
0.421999990940094 2.753000020980835 -0.08500000089406967 44.0
2.374000072479248 10.173999786376953 -0.4399999976158142 70.0
0.9480000138282776 4.795000076293945 -0.1809999942779541 41.0
0.4519999921321869 2.75 -0.09200000017881393 39.0
0.3569999933242798 2.759000062942505 -0.0820000022649765 50.0
2.138000011444092 10.227999687194824 -0.453000009059906 70.0
0.47699999809265137 2.744999885559082 -0.10400000214576721 16.0
0.38600000739097595 2.750999927520752 -0.09099999815225601 59.0
0.2919999957084656 2.765000104904175 -0.07900000363588333 15.0
1.8880000114440918 10.225000381469727 -0.4650000035762787 6.0
0.41100001335144043 2.747999906539917 -0.10499999672174454 34.0
0.3199999928474426 2.749000072479248 -0.09000000357627869 18.0
0.22699999809265137 2.76200008392334 -0.07599999755620956 2.0
0.4410000145435333 2.746000051498413 -0.12700000405311584 37.0
0.34700000286102295 2.756999969482422 -0.10700000077486038 25.0
0.0 0.0 0.0 0.0
0.0 0.0 0.0 0.0
0.37599998712539673 2.744999885559082 -0.12999999523162842 22.0
0.0 0.0 0.0 0.0
0.0 0.0 0.0 0.0
0.0 0.0 0.0 0.0
0.0 0.0 0.0 0.0
0.0 0.0 0.0 0.0
0.0 0.0 0.0 0.0
0.0 0.0 0.0 0.0
0.0 0.0 0.0 0.0
0.0 0.0 0.0 0.0
0.0 0.0 0.0 0.0
0.0 0.0 0.0 0.0
0.0 0.0 0.0 0.0
0.0 0.0 0.0 0.0
0.0 0.0 0.0 0.0
0.0 0.0 0.0 0.0
0.0 0.0 0.0 0.0
0.0 0.0 0.0 0.0
0.0 0.0 0.0 0.0
0.0 0.0 0.0 0.0
0.0 0.0 0.0 0.0
0.0 0.0 0.0 0.0
0.0 0.0 0.0 0.0
0.0 0.0 0.0 0.0
0.0 0.0 0.0 0.0
0.0 0.0 0.0 0.0
0.0 0.0 0.0 0.0
0.0 0.0 0.0 0.0
0.0 0.0 0.0 0.0
0.0 0.0 0.0 0.0
0.0 0.0 0.0 0.0
0.0 0.0 0.0 0.0
0.0 0.0 0.0 0.0
0.0 0.0 0.0 0.0
-0.3009999990463257 2.552999973297119 -0.07699999958276749 22.0
-0.36500000953674316 2.390000104904175 -0.041999999433755875 34.0
0.0 0.0 0.0 0.0
-0.3019999861717224 2.7769999504089355 -0.11999999731779099 46.0
-0.3440000116825104 2.4260001182556152 -0.07199999690055847 17.0
-0.3190000057220459 1.805999994277954 -0.029999999329447746 7.0
-0.27799999713897705 2.819999933242798 -0.16599999368190765 19.0
-0.33000001311302185 2.4830000400543213 -0.1080000028014183 19.0
-0.39500001072883606 2.385999917984009 -0.07100000232458115 63.0
-0.3440000116825104 1.7139999866485596 -0.027000000700354576 41.0
-0.3409999907016754 2.7839999198913574 -0.1679999977350235 83.0
-0.375 2.3929998874664307 -0.10599999874830246 53.0
-0.32600000500679016 1.718999981880188 -0.050999999046325684 8.0
-0.5479999780654907 2.440999984741211 -0.035999998450279236 56.0
-0.3709999918937683 2.5339999198913574 -0.15600000321865082 153.0
-0.3240000009536743 1.7920000553131104 -0.07999999821186066 5.0
-0.5189999938011169 2.4260001182556152 -0.07100000232458115 113.0
-0.47600001096725464 1.9110000133514404 -0.026000000536441803 163.0
-0.3149999976158142 1.8450000286102295 -0.11599999666213989 0.0
-0.36899998784065247 1.7979999780654907 -0.08100000023841858 160.0
-0.5820000171661377 2.440999984741211 -0.07100000232458115 80.0
-0.49399998784065247 1.805999994277954 -0.023000000044703484 8.0
-0.33399999141693115 1.715000033378601 -0.10999999940395355 29.0
-0.5630000233650208 2.453000068664551 -0.1120000034570694 64.0
-0.47999998927116394 1.8259999752044678 -0.05299999937415123 16.0
-0.5170000195503235 1.7300000190734863 -0.019999999552965164 24.0
-0.628000020980835 2.8570001125335693 -0.18700000643730164 36.0
-0.4819999933242798 1.8949999809265137 -0.08799999952316284 161.0
-0.5009999871253967 1.7410000562667847 -0.05000000074505806 16.0
-0.9369999766349792 2.8910000324249268 -0.03200000151991844 30.0
-0.699999988079071 2.8610000610351562 -0.19099999964237213 41.0
-0.5 1.7899999618530273 -0.08399999886751175 9.0
-0.7910000085830688 2.5220000743865967 -0.0729999989271164 150.0
-1.0140000581741333 2.8980000019073486 -0.028999999165534973 12.0
-0.4869999885559082 1.8040000200271606 -0.12300000339746475 12.0
-0.7590000033378601 2.489000082015991 -0.11900000274181366 150.0
-0.9810000061988831 2.8929998874664307 -0.08399999886751175 37.0
-2.6419999599456787 7.0269999504089355 -0.06599999964237213 22.0
-0.5109999775886536 1.7280000448226929 -0.12099999934434891 8.0
-0.9559999704360962 2.890000104904175 -0.14000000059604645 50.0
-2.621999979019165 7.176000118255615 -0.20800000429153442 23.0
-2.6689999103546143 6.631999969482422 -0.0560000017285347 18.0
-0.9279999732971191 2.884999990463257 -0.20600000023841858 46.0
-2.615000009536743 7.323999881744385 -0.3619999885559082 22.0
-2.6480000019073486 6.751999855041504 -0.19499999284744263 13.0
-2.684000015258789 6.251999855041504 -0.04699999839067459 25.0
-1.003999948501587 2.885999917984009 -0.210999995470047 15.0
-2.6489999294281006 6.89900016784668 -0.34599998593330383 2.0
-2.671999931335449 6.377999782562256 -0.18400000035762787 21.0
-2.7100000381469727 5.928999900817871 -0.039000000804662704 26.0
0.0 0.0 0.0 0.0
0.0 0.0 0.0 0.0
-2.697000026702881 6.0370001792907715 -0.17399999499320984 26.0
-2.7290000915527344 5.629000186920166 -0.03200000151991844 25.0
-0.953000009059906 2.369999885559082 -0.1809999942779541 6.0
0.0 0.0 0.0 0.0
-2.7130000591278076 5.715000152587891 -0.16500000655651093 25.0
-2.743000030517578 5.341000080108643 -0.026000000536441803 24.0
-2.683000087738037 6.239999771118164 -0.4869999885559082 21.0
-2.7149999141693115 5.810999870300293 -0.3059999942779541 25.0
-2.7300000190734863 5.421999931335449 -0.15700000524520874 24.0
-2.7660000324249268 5.09499979019165 -0.019999999552965164 16.0
-2.7090001106262207 5.9070000648498535 -0.47200000286102295 23.0
-2.734999895095825 5.514999866485596 -0.29600000381469727 24.0
-2.752000093460083 5.164000034332275 -0.15000000596046448 21.0
0.0 0.0 0.0 0.0
-2.7300000190734863 5.5970001220703125 -0.4569999873638153 24.0
-2.75 5.232999801635742 -0.28600001335144043 22.0
-2.7829999923706055 4.942999839782715 -0.14399999380111694 1.0
0.0 0.0 0.0 0.0
-2.75 5.314000129699707 -0.4440000057220459 23.0
-2.7750000953674316 4.989999771118164 -0.27799999713897705 11.0
0.0 0.0 0.0 0.0
0.0 0.0 0.0 0.0
-2.765000104904175 5.043000221252441 -0.4309999942779541 12.0
0.0 0.0 0.0 0.0
0.0 0.0 0.0 0.0
0.0 0.0 0.0 0.0
0.0 0.0 0.0 0.0
0.0 0.0 0.0 0.0
0.0 0.0 0.0 0.0
0.0 0.0 0.0 0.0
0.0 0.0 0.0 0.0
0.0 0.0 0.0 0.0
0.0 0.0 0.0 0.0
0.0 0.0 0.0 0.0
0.0 0.0 0.0 0.0
0.0 0.0 0.0 0.0
0.0 0.0 0.0 0.0
0.0 0.0 0.0 0.0
0.0 0.0 0.0 0.0
0.0 0.0 0.0 0.0
0.0 0.0 0.0 0.0
0.0 0.0 0.0 0.0
0.0 0.0 0.0 0.0
0.0 0.0 0.0 0.0
0.0 0.0 0.0 0.0
0.0 0.0 0.0 0.0
0.0 0.0 0.0 0.0
0.0 0.0 0.0 0.0
0.0 0.0 0.0 0.0
0.0 0.0 0.0 0.0
0.0 0.0 0.0 0.0
0.0 0.0 0.0 0.0
0.0 0.0 0.0 0.0
0.0 0.0 0.0 0.0
0.0 0.0 0.0 0.0
0.0 0.0 0.0 0.0
0.0 0.0 0.0 0.0
0.0 0.0 0.0 0.0
0.0 0.0 0.0 0.0
0.0 0.0 0.0 0.0
-2.622999906539917 2.7200000286102295 -0.0860000029206276 10.0
-2.7739999294281006 2.7309999465942383 0.023000000044703484 62.0
0.0 0.0 0.0 0.0
-2.617000102996826 2.7200000286102295 -0.19200000166893005 9.0
-2.756999969482422 2.7290000915527344 -0.08699999749660492 51.0
-2.8559999465942383 2.687999963760376 0.026000000536441803 52.0
-2.6029999256134033 2.7130000591278076 -0.3089999854564667 8.0
-2.753999948501587 2.7320001125335693 -0.1979999989271164 51.0
-2.8580000400543213 2.7019999027252197 -0.08799999952316284 53.0
-2.864000082015991 2.575000047683716 0.02800000086426735 58.0
-2.759000062942505 2.742000102996826 -0.32199999690055847 40.0
-2.8550000190734863 2.700000047683716 -0.20200000703334808 50.0
-2.86299991607666 2.5840001106262207 -0.08500000089406967 55.0
-2.871000051498413 2.4670000076293945 0.028999999165534973 60.0
-2.8580000400543213 2.7060000896453857 -0.328000009059906 50.0
-2.864000082015991 2.5850000381469727 -0.1979999989271164 58.0
-2.869999885559082 2.4719998836517334 -0.08299999684095383 56.0
-2.875999927520752 2.3610000610351562 0.03099999949336052 55.0
-2.865000009536743 2.5850000381469727 -0.3230000138282776 55.0
-2.871000051498413 2.4700000286102295 -0.19499999284744263 57.0
-2.875999927520752 2.365000009536743 -0.08100000023841858 56.0
-2.884000062942505 2.259999990463257 0.03200000151991844 64.0
-2.874000072479248 2.4709999561309814 -0.3190000057220459 59.0
-2.875 2.3580000400543213 -0.19200000166893005 57.0
-2.884000062942505 2.260999917984009 -0.07900000363588333 57.0
-2.8910000324249268 2.1619999408721924 0.03400000184774399 58.0
-2.875999927520752 2.3540000915527344 -0.3149999976158142 57.0
-2.884000062942505 2.253999948501587 -0.1899999976158142 61.0
-2.8989999294281006 2.1670000553131104 -0.07800000160932541 57.0
-2.8989999294281006 2.068000078201294 0.03500000014901161 66.0
-2.8889999389648438 2.250999927520752 -0.31200000643730164 59.0
-2.8910000324249268 2.1519999504089355 -0.18700000643730164 55.0
-2.8970000743865967 2.063999891281128 -0.07599999755620956 61.0
-2.9059998989105225 1.975000023841858 0.035999998450279236 61.0
-2.8940000534057617 2.1449999809265137 -0.30799999833106995 55.0
-2.8989999294281006 2.053999900817871 -0.1850000023841858 62.0
-2.9110000133514404 1.9730000495910645 -0.07400000095367432 59.0
-2.9110000133514404 1.8849999904632568 0.03700000047683716 65.0
-2.8980000019073486 2.0420000553131104 -0.30399999022483826 56.0
-2.9100000858306885 1.9600000381469727 -0.18299999833106995 60.0
-2.9140000343322754 1.878999948501587 -0.0729999989271164 60.0
-2.9189999103546143 1.7970000505447388 0.03799999877810478 66.0
-2.9100000858306885 1.9470000267028809 -0.3019999861717224 57.0
-2.9119999408721924 1.8639999628067017 -0.1809999942779541 61.0
-2.9210000038146973 1.7890000343322754 -0.07100000232458115 64.0
-2.927000045776367 1.7130000591278076 0.039000000804662704 71.0
-2.9110000133514404 1.847000002861023 -0.2980000078678131 53.0
-2.9200000762939453 1.7740000486373901 -0.17900000512599945 62.0
-2.927999973297119 1.7029999494552612 -0.07000000029802322 65.0
-2.933000087738037 1.6299999952316284 0.03999999910593033 72.0
-2.9200000762939453 1.75600004196167 -0.29600000381469727 57.0
-2.927000045776367 1.684000015258789 -0.1770000010728836 62.0
-2.940000057220459 1.621000051498413 -0.0689999982714653 67.0
-2.940000057220459 1.5479999780654907 0.04100000113248825 70.0
-2.931999921798706 1.6690000295639038 -0.2930000126361847 58.0
-2.937000036239624 1.5989999771118164 -0.17499999701976776 63.0
-2.937999963760376 1.531999945640564 -0.06800000369548798 66.0
-2.944999933242798 1.4670000076293945 0.04100000113248825 73.0
-2.937999963760376 1.5789999961853027 -0.29100000858306885 64.0
-2.937000036239624 1.5110000371932983 -0.17299999296665192 66.0
-2.947000026702881 1.4520000219345093 -0.06700000166893005 75.0
-2.946000099182129 1.3860000371932983 0.041999999433755875 74.0
-2.943000078201294 1.4919999837875366 -0.2879999876022339 66.0
-2.946000099182129 1.4279999732971191 -0.1720000058412552 72.0
-2.944999933242798 1.3680000305175781 -0.06599999964237213 64.0
-2.9590001106262207 1.312000036239624 0.041999999433755875 81.0
-2.9509999752044678 1.406999945640564 -0.28600001335144043 67.0
-2.9519999027252197 1.347000002861023 -0.17100000381469727 73.0
-2.9509999752044678 1.2879999876022339 -0.06499999761581421 66.0
-2.9560000896453857 1.2330000400543213 0.0430000014603138 64.0
-2.943000078201294 1.3170000314712524 -0.28299999237060547 59.0
-2.953000068664551 1.2640000581741333 -0.16899999976158142 67.0
-2.9560000896453857 1.2109999656677246 -0.06400000303983688 60.0
-2.9609999656677246 1.156999945640564 0.0430000014603138 66.0
-2.9560000896453857 1.2389999628067017 -0.2809999883174896 62.0
-2.9579999446868896 1.184999942779541 -0.1679999977350235 64.0
-2.9649999141693115 1.1349999904632568 -0.06400000303983688 68.0
-2.9609999656677246 1.0809999704360962 0.0430000014603138 71.0
-2.9600000381469727 1.156999945640564 -0.27900001406669617 64.0
-2.9619998931884766 1.1059999465942383 -0.16699999570846558 68.0
-2.9630000591278076 1.0579999685287476 -0.06300000101327896 68.0
-2.9690001010894775 1.0099999904632568 0.04399999976158142 71.0
-2.9609999656677246 1.0759999752044678 -0.2770000100135803 65.0
-2.9649999141693115 1.027999997138977 -0.16500000655651093 57.0
-2.9719998836517334 0.9850000143051147 -0.06199999898672104 56.0
-2.9719998836517334 0.9369999766349792 0.04399999976158142 70.0
-2.9560000896453857 0.9940000176429749 -0.27399998903274536 92.0
-2.9639999866485596 0.9509999752044678 -0.164000004529953 106.0
-2.9749999046325684 0.9100000262260437 -0.06199999898672104 59.0
-2.9779999256134033 0.8669999837875366 0.04399999976158142 70.0
-2.9670000076293945 0.9179999828338623 -0.27300000190734863 106.0
-2.9739999771118164 0.8769999742507935 -0.16300000250339508 103.0
-2.9730000495910645 0.8349999785423279 -0.061000000685453415 58.0
-2.9839999675750732 0.7960000038146973 0.04399999976158142 73.0
-2.9739999771118164 0.8429999947547913 -0.2720000147819519 101.0
-2.9730000495910645 0.8009999990463257 -0.16200000047683716 100.0
-2.9839999675750732 0.7649999856948853 -0.061000000685453415 58.0
-2.9839999675750732 0.7250000238418579 0.04399999976158142 72.0
-2.9769999980926514 0.7649999856948853 -0.2709999978542328 108.0
-2.9800000190734863 0.7289999723434448 -0.16200000047683716 118.0
-2.986999988555908 0.6930000185966492 -0.061000000685453415 58.0
-2.990999937057495 0.6570000052452087 0.04399999976158142 77.0
-2.984999895095825 0.6919999718666077 -0.27000001072883606 114.0
-2.990999937057495 0.656000018119812 -0.16099999845027924 125.0
-2.994999885559082 0.6230000257492065 -0.05999999865889549 62.0
-2.996999979019165 0.5879999995231628 0.04399999976158142 69.0
-2.990000009536743 0.6169999837875366 -0.2680000066757202 121.0
-2.996000051498413 0.5839999914169312 -0.16099999845027924 121.0
-3.002000093460083 0.5529999732971191 -0.05999999865889549 68.0
-3.007999897003174 0.5210000276565552 0.04399999976158142 82.0
-2.996000051498413 0.5429999828338623 -0.2669999897480011 117.0
-2.997999906539917 0.5120000243186951 -0.1599999964237213 141.0
-3.005000114440918 0.4830000102519989 -0.05999999865889549 73.0
-3.010999917984009 0.453000009059906 0.04399999976158142 96.0
-3.000999927520752 0.4699999988079071 -0.26600000262260437 126.0
-2.999000072479248 0.4399999976158142 -0.1589999943971634 91.0
-3.009000062942505 0.4129999876022339 -0.05999999865889549 75.0
-3.0179998874664307 0.38499999046325684 0.0430000014603138 100.0
-3.0139999389648438 0.39800000190734863 -0.26600000262260437 63.0
-3.0139999389648438 0.3700000047683716 -0.1589999943971634 80.0
-3.0190000534057617 0.3440000116825104 -0.05999999865889549 127.0
-3.0209999084472656 0.31700000166893005 0.0430000014603138 150.0
-3.0199999809265137 0.3240000009536743 -0.26499998569488525 68.0
-3.0250000953674316 0.29899999499320984 -0.1599999964237213 106.0
-3.0280001163482666 0.2750000059604645 -0.05999999865889549 150.0
-3.0420000553131104 0.25099998712539673 0.0430000014603138 153.0
-3.0209999084472656 0.25099998712539673 -0.2639999985694885 68.0
-3.0230000019073486 0.22699999809265137 -0.1589999943971634 88.0
-3.0320000648498535 0.20499999821186066 -0.061000000685453415 150.0
-3.0480000972747803 0.18299999833106995 0.041999999433755875 151.0
-3.0420000553131104 0.17800000309944153 -0.26499998569488525 14.0
-3.0390000343322754 0.15700000524520874 -0.1589999943971634 8.0
0.0 0.0 0.0 0.0
0.0 0.0 0.0 0.0
0.0 0.0 0.0 0.0
0.0 0.0 0.0 0.0
0.0 0.0 0.0 0.0
0.0 0.0 0.0 0.0
0.0 0.0 0.0 0.0
0.0 0.0 0.0 0.0
0.0 0.0 0.0 0.0
-3.0490000247955322 -0.019999999552965164 0.03999999910593033 0.0
-3.0460000038146973 -0.04100000113248825 -0.2619999945163727 18.0
-3.0380001068115234 -0.0560000017285347 -0.15800000727176666 29.0
-3.0480000972747803 -0.07199999690055847 -0.06199999898672104 39.0
-3.0450000762939453 -0.08699999749660492 0.039000000804662704 46.0
-3.0420000553131104 -0.11400000005960464 -0.26100000739097595 65.0
-3.052999973297119 -0.1289999932050705 -0.1589999943971634 76.0
-3.0490000247955322 -0.1420000046491623 -0.06199999898672104 73.0
-3.0490000247955322 -0.15600000321865082 0.039000000804662704 80.0
-3.049999952316284 -0.1889999955892563 -0.26100000739097595 63.0
-3.055999994277954 -0.20100000500679016 -0.1589999943971634 70.0
-3.052000045776367 -0.21299999952316284 -0.06300000101327896 70.0
-3.055999994277954 -0.2240000069141388 0.03799999877810478 74.0
-3.061000108718872 -0.2639999985694885 -0.26100000739097595 63.0
-3.052999973297119 -0.27300000190734863 -0.1589999943971634 65.0
-3.056999921798706 -0.28299999237060547 -0.06300000101327896 63.0
-3.055000066757202 -0.2930000126361847 0.03700000047683716 68.0
-3.062000036239624 -0.33799999952316284 -0.26100000739097595 63.0
-3.059999942779541 -0.34599998593330383 -0.1589999943971634 73.0
-3.059000015258789 -0.3540000021457672 -0.06400000303983688 65.0
-3.059000015258789 -0.3619999885559082 0.035999998450279236 72.0
-3.062999963760376 -0.4129999876022339 -0.25999999046325684 65.0
-3.068000078201294 -0.41999998688697815 -0.1599999964237213 67.0
-3.063999891281128 -0.4259999990463257 -0.06499999761581421 69.0
-3.063999891281128 -0.4320000112056732 0.03500000014901161 69.0
-3.072000026702881 -0.49000000953674316 -0.26100000739097595 62.0
-3.071000099182129 -0.49399998784065247 -0.1599999964237213 64.0
-3.069000005722046 -0.49900001287460327 -0.06499999761581421 67.0
-3.065999984741211 -0.5019999742507935 0.03400000184774399 70.0
-3.069999933242798 -0.5659999847412109 -0.25999999046325684 63.0
-3.075000047683716 -0.5690000057220459 -0.16099999845027924 63.0
-3.0759999752044678 -0.5720000267028809 -0.06599999964237213 66.0
-3.072000026702881 -0.5740000009536743 0.03200000151991844 66.0
-3.0840001106262207 -0.6460000276565552 -0.26100000739097595 65.0
-3.0840001106262207 -0.6460000276565552 -0.16099999845027924 64.0
-3.0769999027252197 -0.6460000276565552 -0.06700000166893005 62.0
-3.0840001106262207 -0.6480000019073486 0.03099999949336052 71.0
-3.0829999446868896 -0.7229999899864197 -0.26100000739097595 59.0
-3.0859999656677246 -0.7229999899864197 -0.16200000047683716 64.0
-3.0869998931884766 -0.722000002861023 -0.06800000369548798 64.0
-3.0820000171661377 -0.718999981880188 0.029999999329447746 70.0
-3.0910000801086426 -0.8050000071525574 -0.2619999945163727 58.0
-3.0899999141693115 -0.8009999990463257 -0.16300000250339508 59.0
-3.0910000801086426 -0.7990000247955322 -0.07000000029802322 63.0
-3.0920000076293945 -0.7940000295639038 0.02800000086426735 68.0
-3.0920000076293945 -0.8849999904632568 -0.2619999945163727 60.0
-3.0950000286102295 -0.8790000081062317 -0.164000004529953 61.0
-3.0959999561309814 -0.8759999871253967 -0.07100000232458115 62.0
-3.0959999561309814 -0.8700000047683716 0.027000000700354576 63.0
-3.1050000190734863 -0.968999981880188 -0.2630000114440918 68.0
-3.1019999980926514 -0.9610000252723694 -0.16500000655651093 69.0
-3.0989999771118164 -0.953000009059906 -0.07199999690055847 61.0
-3.1050000190734863 -0.9470000267028809 0.02500000037252903 71.0
-3.109999895095825 -1.0540000200271606 -0.2639999985694885 62.0
-3.1089999675750732 -1.0429999828338623 -0.16599999368190765 66.0
-3.1080000400543213 -1.034999966621399 -0.07400000095367432 72.0
-3.0980000495910645 -1.0210000276565552 0.023000000044703484 69.0
-3.11299991607666 -1.1390000581741333 -0.2639999985694885 59.0
-3.114000082015991 -1.1269999742507935 -0.16699999570846558 66.0
-3.1089999675750732 -1.1150000095367432 -0.07500000298023224 65.0
-3.117000102996826 -1.1050000190734863 0.020999999716877937 73.0
-3.124000072479248 -1.2289999723434448 -0.26600000262260437 60.0
-3.121000051498413 -1.2130000591278076 -0.1679999977350235 60.0
-3.121000051498413 -1.2009999752044678 -0.07699999958276749 65.0
-3.115999937057495 -1.1829999685287476 0.01899999938905239 67.0
-3.127000093460083 -1.3179999589920044 -0.2669999897480011 58.0
-3.121999979019165 -1.2999999523162842 -0.17000000178813934 56.0
-3.121999979019165 -1.284000039100647 -0.07800000160932541 64.0
-3.124000072479248 -1.2669999599456787 0.017000000923871994 66.0
-3.128999948501587 -1.4079999923706055 -0.2669999897480011 64.0
-3.125999927520752 -1.3880000114440918 -0.17100000381469727 57.0
-3.13100004196167 -1.371999979019165 -0.07999999821186066 65.0
-3.128000020980835 -1.3509999513626099 0.014999999664723873 63.0
-3.132999897003174 -1.5010000467300415 -0.2680000066757202 58.0
-3.130000114440918 -1.4769999980926514 -0.1720000058412552 55.0
-3.132999897003174 -1.4600000381469727 -0.0820000022649765 64.0
-3.125999927520752 -1.4329999685287476 0.013000000268220901 63.0
-2.3259999752044678 -1.184000015258789 -0.20000000298023224 3.0
-2.309000015258789 -1.156000018119812 -0.12800000607967377 3.0
-2.309999942779541 -1.1410000324249268 -0.06199999898672104 150.0
-2.316999912261963 -1.1260000467300415 0.007000000216066837 6.0
-2.253000020980835 -1.215000033378601 -0.1940000057220459 4.0
-2.2330000400543213 -1.184999942779541 -0.125 4.0
-2.2690000534057617 -1.184999942779541 -0.06199999898672104 7.0
-3.1410000324249268 -1.6139999628067017 0.007000000216066837 25.0
-2.934000015258789 -1.6749999523162842 -0.2540000081062317 36.0
-2.9690001010894775 -1.6649999618530273 -0.1679999977350235 35.0
-3.0190000534057617 -1.6679999828338623 -0.08500000089406967 40.0
-2.2750000953674316 -1.2339999675750732 0.003000000026077032 1.0
-2.7809998989105225 -1.6770000457763672 -0.24199999868869781 37.0
-2.8299999237060547 -1.6759999990463257 -0.16200000047683716 39.0
-2.881999969482422 -1.6779999732971191 -0.08299999684095383 37.0
-2.934000015258789 -1.6770000457763672 0.0010000000474974513 36.0
-2.6489999294281006 -1.684000015258789 -0.23100000619888306 36.0
-2.693000078201294 -1.680999994277954 -0.1550000011920929 38.0
-2.736999988555908 -1.6799999475479126 -0.08100000023841858 36.0
-2.7869999408721924 -1.6770000457763672 0.0 36.0
-2.5250000953674316 -1.6920000314712524 -0.22200000286102295 39.0
-2.565999984741211 -1.6859999895095825 -0.15000000596046448 39.0
-2.6110000610351562 -1.684999942779541 -0.07999999821186066 39.0
-2.6610000133514404 -1.6829999685287476 -0.003000000026077032 36.0
-2.4119999408721924 -1.7009999752044678 -0.21299999952316284 43.0
-2.4549999237060547 -1.6979999542236328 -0.14499999582767487 41.0
-2.5 -1.6959999799728394 -0.07900000363588333 41.0
-2.5429999828338623 -1.6890000104904175 -0.006000000052154064 41.0
-2.299999952316284 -1.7050000429153442 -0.20499999821186066 48.0
-2.3440001010894775 -1.7029999494552612 -0.14000000059604645 46.0
-2.382999897003174 -1.6979999542236328 -0.07699999958276749 47.0
-2.437000036239624 -1.6979999542236328 -0.00800000037997961 42.0
-2.2019999027252197 -1.715999960899353 -0.19699999690055847 51.0
-2.23799991607666 -1.7059999704360962 -0.13600000739097595 49.0
-2.2799999713897705 -1.7050000429153442 -0.07599999755620956 47.0
-2.328000068664551 -1.7020000219345093 -0.010999999940395355 47.0
-2.0980000495910645 -1.7170000076293945 -0.1899999976158142 52.0
-2.138000011444092 -1.7120000123977661 -0.13199999928474426 54.0
-2.188999891281128 -1.715999960899353 -0.07599999755620956 49.0
-2.2269999980926514 -1.7059999704360962 -0.013000000268220901 48.0
-2.00600004196167 -1.7239999771118164 -0.18299999833106995 53.0
-2.049999952316284 -1.7209999561309814 -0.12800000607967377 48.0
-2.0920000076293945 -1.718999981880188 -0.07500000298023224 49.0
-2.1389999389648438 -1.715000033378601 -0.01600000075995922 55.0
-1.9220000505447388 -1.7319999933242798 -0.1770000010728836 54.0
-1.9620000123977661 -1.7269999980926514 -0.125 58.0
-2.003999948501587 -1.725000023841858 -0.07400000095367432 54.0
-2.049999952316284 -1.722000002861023 -0.017999999225139618 48.0
-1.8339999914169312 -1.7339999675750732 -0.17000000178813934 59.0
-1.8769999742507935 -1.7319999933242798 -0.12099999934434891 62.0
-1.9199999570846558 -1.7300000190734863 -0.0729999989271164 57.0
-1.965000033378601 -1.7269999980926514 -0.019999999552965164 56.0
-1.7480000257492065 -1.7339999675750732 -0.164000004529953 31.0
-1.7960000038146973 -1.7359999418258667 -0.11800000071525574 52.0
-1.8359999656677246 -1.7330000400543213 -0.0729999989271164 57.0
-1.8849999904632568 -1.7319999933242798 -0.023000000044703484 66.0
0.0 0.0 0.0 0.0
-1.7120000123977661 -1.7339999675750732 -0.11500000208616257 22.0
-1.75600004196167 -1.7350000143051147 -0.07199999690055847 38.0
-1.8070000410079956 -1.7380000352859497 -0.02500000037252903 61.0
0.0 0.0 0.0 0.0
0.0 0.0 0.0 0.0
0.0 0.0 0.0 0.0
-1.7280000448226929 -1.7369999885559082 -0.027000000700354576 32.0
0.0 0.0 0.0 0.0
0.0 0.0 0.0 0.0
0.0 0.0 0.0 0.0
0.0 0.0 0.0 0.0
0.0 0.0 0.0 0.0
0.0 0.0 0.0 0.0
0.0 0.0 0.0 0.0
0.0 0.0 0.0 0.0
0.0 0.0 0.0 0.0
0.0 0.0 0.0 0.0
0.0 0.0 0.0 0.0
0.0 0.0 0.0 0.0
0.0 0.0 0.0 0.0
0.0 0.0 0.0 0.0
0.0 0.0 0.0 0.0
0.0 0.0 0.0 0.0
0.0 0.0 0.0 0.0
0.0 0.0 0.0 0.0
0.0 0.0 0.0 0.0
0.0 0.0 0.0 0.0
0.0 0.0 0.0 0.0
0.0 0.0 0.0 0.0
0.0 0.0 0.0 0.0
0.0 0.0 0.0 0.0
0.0 0.0 0.0 0.0
0.0 0.0 0.0 0.0
0.0 0.0 0.0 0.0
0.0 0.0 0.0 0.0
0.0 0.0 0.0 0.0
0.0 0.0 0.0 0.0
0.0 0.0 0.0 0.0
0.0 0.0 0.0 0.0
0.0 0.0 0.0 0.0
0.0 0.0 0.0 0.0
0.0 0.0 0.0 0.0
0.0 0.0 0.0 0.0
0.0 0.0 0.0 0.0
0.0 0.0 0.0 0.0
0.0 0.0 0.0 0.0
0.0 0.0 0.0 0.0
-0.9079999923706055 -1.7339999675750732 -0.1080000028014183 21.0
0.0 0.0 0.0 0.0
0.0 0.0 0.0 0.0
0.0 0.0 0.0 0.0
-0.8569999933242798 -1.7369999885559082 -0.10499999672174454 23.0
-0.8930000066757202 -1.7309999465942383 -0.08699999749660492 22.0
-0.921999990940094 -1.715999960899353 -0.0689999982714653 0.0
0.0 0.0 0.0 0.0
-0.8080000281333923 -1.7400000095367432 -0.10199999809265137 24.0
-0.847000002861023 -1.7410000562667847 -0.0860000029206276 23.0
-0.8849999904632568 -1.7419999837875366 -0.07100000232458115 23.0
-0.9210000038146973 -1.7319999933242798 -0.05299999937415123 16.0
-0.7599999904632568 -1.7400000095367432 -0.0989999994635582 25.0
-0.7990000247955322 -1.7430000305175781 -0.08500000089406967 23.0
-0.8349999785423279 -1.7410000562667847 -0.07100000232458115 22.0
-0.875 -1.7389999628067017 -0.054999999701976776 23.0
-0.7129999995231628 -1.7450000047683716 -0.09700000286102295 26.0
-0.7490000128746033 -1.7389999628067017 -0.08399999886751175 24.0
-0.7879999876022339 -1.7450000047683716 -0.07100000232458115 24.0
-0.8259999752044678 -1.7389999628067017 -0.05700000002980232 22.0
-0.6669999957084656 -1.7480000257492065 -0.09399999678134918 26.0
-0.7049999833106995 -1.7489999532699585 -0.08299999684095383 26.0
-0.7419999837875366 -1.7489999532699585 -0.07199999690055847 26.0
-0.7799999713897705 -1.7430000305175781 -0.05900000035762787 26.0
-0.621999979019165 -1.753000020980835 -0.09200000017881393 26.0
-0.6579999923706055 -1.7480000257492065 -0.0820000022649765 27.0
-0.6959999799728394 -1.753999948501587 -0.07199999690055847 27.0
-0.7329999804496765 -1.74399995803833 -0.061000000685453415 26.0
-0.5759999752044678 -1.7510000467300415 -0.08900000154972076 27.0
-0.6129999756813049 -1.7519999742507935 -0.08100000023841858 26.0
-0.6510000228881836 -1.7549999952316284 -0.0729999989271164 24.0
-0.6899999976158142 -1.753999948501587 -0.06300000101327896 27.0
-0.5329999923706055 -1.7569999694824219 -0.08699999749660492 28.0
-0.5690000057220459 -1.7549999952316284 -0.07999999821186066 27.0
-0.6069999933242798 -1.7599999904632568 -0.07400000095367432 27.0
-0.6449999809265137 -1.753999948501587 -0.06599999964237213 26.0
-0.4909999966621399 -1.7669999599456787 -0.0860000029206276 27.0
-0.5249999761581421 -1.7569999694824219 -0.07999999821186066 25.0
-0.5609999895095825 -1.7580000162124634 -0.07400000095367432 27.0
-0.6000000238418579 -1.75600004196167 -0.06800000369548798 26.0
-0.44699999690055847 -1.7690000534057617 -0.08299999684095383 26.0
-0.4830000102519989 -1.7640000581741333 -0.07900000363588333 27.0
-0.5199999809265137 -1.7669999599456787 -0.07500000298023224 29.0
-0.5569999814033508 -1.7610000371932983 -0.07000000029802322 27.0
-0.40400001406669617 -1.7690000534057617 -0.08100000023841858 27.0
-0.4399999976158142 -1.7690000534057617 -0.07900000363588333 27.0
-0.47699999809265137 -1.7719999551773071 -0.07599999755620956 28.0
-0.5149999856948853 -1.7660000324249268 -0.07199999690055847 31.0
-0.36000001430511475 -1.7669999599456787 -0.07900000363588333 29.0
-0.3959999978542328 -1.7630000114440918 -0.07800000160932541 27.0
-0.43299999833106995 -1.7710000276565552 -0.07599999755620956 27.0
-0.47200000286102295 -1.7680000066757202 -0.07400000095367432 29.0
-0.3179999887943268 -1.7710000276565552 -0.07699999958276749 27.0
-0.3540000021457672 -1.7669999599456787 -0.07699999958276749 28.0
-0.39100000262260437 -1.7730000019073486 -0.07699999958276749 27.0
-0.42899999022483826 -1.7710000276565552 -0.07699999958276749 27.0
-0.2759999930858612 -1.7740000486373901 -0.07599999755620956 26.0
-0.31200000643730164 -1.7710000276565552 -0.07699999958276749 28.0
-0.34700000286102295 -1.7690000534057617 -0.07800000160932541 27.0
-0.3869999945163727 -1.7719999551773071 -0.07900000363588333 28.0
-0.2329999953508377 -1.7680000066757202 -0.0729999989271164 20.0
-0.2709999978542328 -1.7769999504089355 -0.07699999958276749 25.0
-0.3059999942779541 -1.7740000486373901 -0.07900000363588333 25.0
-0.3440000116825104 -1.7710000276565552 -0.08100000023841858 28.0
0.0 0.0 0.0 0.0
-0.2280000001192093 -1.7730000019073486 -0.07599999755620956 20.0
-0.2639999985694885 -1.7740000486373901 -0.07999999821186066 29.0
-0.30300000309944153 -1.774999976158142 -0.08399999886751175 29.0
0.0 0.0 0.0 0.0
0.0 0.0 0.0 0.0
-0.22100000083446503 -1.7699999809265137 -0.07999999821186066 23.0
-0.2619999945163727 -1.7790000438690186 -0.0860000029206276 28.0
0.0 0.0 0.0 0.0
0.0 0.0 0.0 0.0
0.0 0.0 0.0 0.0
-0.21899999678134918 -1.7730000019073486 -0.08799999952316284 22.0
0.0 0.0 0.0 0.0
0.0 0.0 0.0 0.0
0.0 0.0 0.0 0.0
0.0 0.0 0.0 0.0
0.0 0.0 0.0 0.0
0.0 0.0 0.0 0.0
0.0 0.0 0.0 0.0
0.0 0.0 0.0 0.0
0.0 0.0 0.0 0.0
0.0 0.0 0.0 0.0
0.0 0.0 0.0 0.0
0.0 0.0 0.0 0.0
0.0 0.0 0.0 0.0
0.0 0.0 0.0 0.0
0.0 0.0 0.0 0.0
0.0 0.0 0.0 0.0
0.0 0.0 0.0 0.0
0.0 0.0 0.0 0.0
0.0 0.0 0.0 0.0
0.0 0.0 0.0 0.0
0.0 0.0 0.0 0.0
0.0 0.0 0.0 0.0
0.0 0.0 0.0 0.0
0.0 0.0 0.0 0.0
0.0 0.0 0.0 0.0
0.0 0.0 0.0 0.0
0.0 0.0 0.0 0.0
0.0 0.0 0.0 0.0
0.0 0.0 0.0 0.0
0.0 0.0 0.0 0.0
0.0 0.0 0.0 0.0
0.0 0.0 0.0 0.0
0.26600000262260437 -1.8109999895095825 -0.05700000002980232 24.0
0.0 0.0 0.0 0.0
0.0 0.0 0.0 0.0
0.0 0.0 0.0 0.0
0.3089999854564667 -1.8109999895095825 -0.054999999701976776 29.0
0.26899999380111694 -1.7970000505447388 -0.07500000298023224 25.0
0.0 0.0 0.0 0.0
0.0 0.0 0.0 0.0
0.3499999940395355 -1.8049999475479126 -0.05400000140070915 31.0
0.3140000104904175 -1.8070000410079956 -0.07599999755620956 25.0
0.0 0.0 0.0 0.0
0.0 0.0 0.0 0.0
0.39500001072883606 -1.809000015258789 -0.05299999937415123 31.0
0.3569999933242798 -1.8079999685287476 -0.07599999755620956 32.0
0.32100000977516174 -1.8079999685287476 -0.09799999743700027 21.0
0.0 0.0 0.0 0.0
0.43799999356269836 -1.8070000410079956 -0.052000001072883606 31.0
0.39899998903274536 -1.8040000200271606 -0.07599999755620956 30.0
0.36500000953674316 -1.8109999895095825 -0.10000000149011612 26.0
0.0 0.0 0.0 0.0
0.4830000102519989 -1.8109999895095825 -0.050999999046325684 27.0
0.4449999928474426 -1.809999942779541 -0.07699999958276749 29.0
0.4099999964237213 -1.812999963760376 -0.10199999809265137 25.0
0.36899998784065247 -1.812000036239624 -0.1289999932050705 20.0
0.5299999713897705 -1.8200000524520874 -0.05000000074505806 29.0
0.4909999966621399 -1.8170000314712524 -0.07699999958276749 27.0
0.4560000002384186 -1.8209999799728394 -0.10400000214576721 30.0
0.414000004529953 -1.812000036239624 -0.13199999928474426 25.0
0.5770000219345093 -1.8250000476837158 -0.04899999871850014 27.0
0.5389999747276306 -1.8240000009536743 -0.07800000160932541 32.0
0.5009999871253967 -1.8220000267028809 -0.10599999874830246 28.0
0.46000000834465027 -1.8179999589920044 -0.13600000739097595 27.0
0.625 -1.8279999494552612 -0.04800000041723251 27.0
0.5849999785423279 -1.8250000476837158 -0.07900000363588333 29.0
0.5490000247955322 -1.8270000219345093 -0.1080000028014183 29.0
0.5070000290870667 -1.8240000009536743 -0.14000000059604645 27.0
0.6690000295639038 -1.8209999799728394 -0.04699999839067459 26.0
0.6320000290870667 -1.8250000476837158 -0.07900000363588333 26.0
0.5950000286102295 -1.8279999494552612 -0.10999999940395355 26.0
0.5519999861717224 -1.819000005722046 -0.14300000667572021 29.0
0.7200000286102295 -1.8279999494552612 -0.04600000008940697 23.0
0.6769999861717224 -1.8200000524520874 -0.07999999821186066 26.0
0.6449999809265137 -1.8329999446868896 -0.11299999803304672 26.0
0.6029999852180481 -1.8309999704360962 -0.14800000190734863 28.0
0.7689999938011169 -1.8309999704360962 -0.04500000178813934 26.0
0.7310000061988831 -1.8320000171661377 -0.08100000023841858 25.0
0.6919999718666077 -1.8309999704360962 -0.11500000208616257 27.0
0.6489999890327454 -1.8259999752044678 -0.1509999930858612 28.0
0.8230000138282776 -1.840000033378601 -0.04500000178813934 26.0
0.7799999713897705 -1.8329999446868896 -0.0820000022649765 26.0
0.7440000176429749 -1.8380000591278076 -0.11800000071525574 24.0
0.6990000009536743 -1.8289999961853027 -0.15600000321865082 26.0
0.875 -1.843000054359436 -0.04399999976158142 26.0
0.8330000042915344 -1.8380000591278076 -0.08299999684095383 25.0
0.7940000295639038 -1.8359999656677246 -0.11999999731779099 25.0
0.7509999871253967 -1.8359999656677246 -0.1599999964237213 26.0
0.9440000057220459 -1.878000020980835 -0.04399999976158142 66.0
0.8859999775886536 -1.840999960899353 -0.08399999886751175 23.0
0.847000002861023 -1.840999960899353 -0.12300000339746475 25.0
0.8059999942779541 -1.843000054359436 -0.16500000655651093 26.0
1.0080000162124634 -1.8960000276565552 -0.04399999976158142 57.0
0.9559999704360962 -1.875 -0.08699999749660492 73.0
0.9089999794960022 -1.8600000143051147 -0.12700000405311584 27.0
0.8560000061988831 -1.840000033378601 -0.16899999976158142 24.0
1.065999984741211 -1.8990000486373901 -0.0430000014603138 54.0
1.0230000019073486 -1.8969999551773071 -0.08900000154972076 57.0
0.9769999980926514 -1.8849999904632568 -0.13199999928474426 69.0
0.9309999942779541 -1.8839999437332153 -0.17800000309944153 55.0
1.1269999742507935 -1.9049999713897705 -0.0430000014603138 54.0
1.0829999446868896 -1.902999997138977 -0.09000000357627869 57.0
1.0420000553131104 -1.9019999504089355 -0.13600000739097595 65.0
0.9959999918937683 -1.899999976158142 -0.1850000023841858 62.0
1.187999963760376 -1.9079999923706055 -0.041999999433755875 54.0
1.1419999599456787 -1.902999997138977 -0.09099999815225601 53.0
1.0989999771118164 -1.899999976158142 -0.13899999856948853 60.0
1.0540000200271606 -1.899999976158142 -0.1899999976158142 65.0
0.8050000071525574 -1.2289999723434448 -0.027000000700354576 61.0
0.8420000076293945 -1.3320000171661377 -0.06499999761581421 159.0
1.1640000343322754 -1.9079999923706055 -0.14300000667572021 58.0
1.1169999837875366 -1.906000018119812 -0.19599999487400055 61.0
0.0 0.0 0.0 0.0
0.0 0.0 0.0 0.0
0.8119999766349792 -1.2640000581741333 -0.09700000286102295 71.0
1.1790000200271606 -1.9079999923706055 -0.20200000703334808 58.0
0.0 0.0 0.0 0.0
0.0 0.0 0.0 0.0
0.0 0.0 0.0 0.0
0.8230000138282776 -1.2640000581741333 -0.13699999451637268 26.0
0.0 0.0 0.0 0.0
0.9279999732971191 -1.2649999856948853 -0.06499999761581421 110.0
0.0 0.0 0.0 0.0
0.0 0.0 0.0 0.0
0.0 0.0 0.0 0.0
0.0 0.0 0.0 0.0
0.0 0.0 0.0 0.0
0.0 0.0 0.0 0.0
1.6059999465942383 -1.934999942779541 -0.03999999910593033 54.0
0.0 0.0 0.0 0.0
0.9179999828338623 -1.1710000038146973 -0.10000000149011612 9.0
0.0 0.0 0.0 0.0
1.6859999895095825 -1.940999984741211 -0.03999999910593033 59.0
1.628000020980835 -1.9259999990463257 -0.10499999672174454 37.0
0.0 0.0 0.0 0.0
0.0 0.0 0.0 0.0
1.7649999856948853 -1.9420000314712524 -0.03999999910593033 54.0
1.715000033378601 -1.937999963760376 -0.1080000028014183 35.0
1.6619999408721924 -1.9279999732971191 -0.17399999499320984 89.0
0.0 0.0 0.0 0.0
1.8530000448226929 -1.9470000267028809 -0.03999999910593033 50.0
1.784999966621399 -1.9259999990463257 -0.10999999940395355 28.0
1.7450000047683716 -1.9320000410079956 -0.17900000512599945 83.0
1.6950000524520874 -1.934000015258789 -0.2529999911785126 84.0
1.9459999799728394 -1.9550000429153442 -0.03999999910593033 51.0
1.8819999694824219 -1.9390000104904175 -0.11400000005960464 37.0
1.8320000171661377 -1.9359999895095825 -0.1850000023841858 77.0
1.7829999923706055 -1.9390000104904175 -0.2619999945163727 76.0
2.0320000648498535 -1.9509999752044678 -0.03999999910593033 52.0
1.9730000495910645 -1.940999984741211 -0.11699999868869781 40.0
1.9270000457763672 -1.9429999589920044 -0.19200000166893005 72.0
1.8700000047683716 -1.9390000104904175 -0.2709999978542328 79.0
2.135999917984009 -1.9609999656677246 -0.03999999910593033 45.0
2.069000005722046 -1.9450000524520874 -0.11999999731779099 36.0
2.0190000534057617 -1.9420000314712524 -0.1979999989271164 76.0
1.968000054359436 -1.9450000524520874 -0.2809999883174896 72.0
2.243000030517578 -1.968000054359436 -0.03999999910593033 39.0
2.190000057220459 -1.965000033378601 -0.125 34.0
2.125999927520752 -1.9509999752044678 -0.20499999821186066 68.0
2.065999984741211 -1.9470000267028809 -0.2919999957084656 69.0
2.3310000896453857 -1.9529999494552612 -0.03999999910593033 8.0
2.306999921798706 -1.9759999513626099 -0.12999999523162842 43.0
2.249000072479248 -1.968999981880188 -0.21400000154972076 42.0
2.190999984741211 -1.968000054359436 -0.3059999942779541 35.0
2.4760000705718994 -1.9819999933242798 -0.04100000113248825 35.0
2.4030001163482666 -1.9639999866485596 -0.13300000131130219 37.0
2.3519999980926514 -1.9630000591278076 -0.22100000083446503 46.0
2.302999973297119 -1.9709999561309814 -0.3179999887943268 43.0
2.628000020980835 -2.007999897003174 -0.041999999433755875 4.0
1.6820000410079956 -1.312000036239624 -0.09099999815225601 0.0
2.4730000495910645 -1.968000054359436 -0.23000000417232513 52.0
2.4110000133514404 -1.965000033378601 -0.32899999618530273 58.0
2.746000051498413 -2.003000020980835 -0.0430000014603138 37.0
2.6679999828338623 -1.9839999675750732 -0.14300000667572021 41.0
2.609999895095825 -1.9789999723434448 -0.23999999463558197 58.0
2.5510001182556152 -1.9809999465942383 -0.3449999988079071 64.0
2.8910000324249268 -2.009999990463257 -0.04399999976158142 32.0
2.806999921798706 -1.9889999628067017 -0.14900000393390656 37.0
2.755000114440918 -1.9900000095367432 -0.25099998712539673 43.0
2.693000078201294 -1.9889999628067017 -0.3610000014305115 50.0
3.0480000972747803 -2.0199999809265137 -0.04500000178813934 32.0
2.98799991607666 -2.0160000324249268 -0.15700000524520874 34.0
2.8989999294281006 -1.9930000305175781 -0.2619999945163727 39.0
2.8420000076293945 -1.996000051498413 -0.37700000405311584 46.0
3.2190001010894775 -2.0299999713897705 -0.04600000008940697 44.0
3.127000093460083 -2.006999969482422 -0.16200000047683716 60.0
3.0899999141693115 -2.0169999599456787 -0.2759999930858612 40.0
3.0230000019073486 -2.0160000324249268 -0.39800000190734863 32.0
3.4260001182556152 -2.053999900817871 -0.04800000041723251 42.0
3.3589999675750732 -2.046999931335449 -0.17299999296665192 43.0
3.2890000343322754 -2.0390000343322754 -0.2919999957084656 45.0
3.2060000896453857 -2.0280001163482666 -0.4189999997615814 49.0
2.321000099182129 -1.3220000267028809 -0.03200000151991844 15.0
3.569000005722046 -2.065000057220459 -0.18199999630451202 16.0
3.496000051498413 -2.055000066757202 -0.30799999833106995 40.0
3.427999973297119 -2.055000066757202 -0.4449999928474426 41.0
3.865000009536743 -2.0869998931884766 -0.052000001072883606 12.0
3.7950000762939453 -2.0810000896453857 -0.19200000166893005 12.0
3.7269999980926514 -2.075000047683716 -0.32600000500679016 12.0
3.6440000534057617 -2.066999912261963 -0.4699999988079071 19.0
4.0970001220703125 -2.0969998836517334 -0.05400000140070915 31.0
4.0269999504089355 -2.0899999141693115 -0.20200000703334808 32.0
3.9690001010894775 -2.0889999866485596 -0.3449999988079071 29.0
3.884000062942505 -2.0829999446868896 -0.4970000088214874 34.0
4.372000217437744 -2.114000082015991 -0.05700000002980232 23.0
4.303999900817871 -2.109999895095825 -0.2150000035762787 38.0
4.2270002365112305 -2.0999999046325684 -0.36500000953674316 32.0
4.1529998779296875 -2.0989999771118164 -0.5289999842643738 34.0
4.672999858856201 -2.132999897003174 -0.061000000685453415 16.0
4.603000164031982 -2.125999927520752 -0.2280000001192093 24.0
4.5279998779296875 -2.11899995803833 -0.3889999985694885 24.0
4.458000183105469 -2.119999885559082 -0.5649999976158142 25.0
5.013000011444092 -2.1530001163482666 -0.06499999761581421 11.0
4.934000015258789 -2.1419999599456787 -0.24300000071525574 12.0
4.88100004196167 -2.1440000534057617 -0.4169999957084656 12.0
4.789000034332275 -2.138000011444092 -0.6029999852180481 24.0
5.4079999923706055 -2.178999900817871 -0.07000000029802322 76.0
5.355000019073486 -2.180999994277954 -0.2630000114440918 21.0
5.267000198364258 -2.1679999828338623 -0.4490000009536743 20.0
5.179999828338623 -2.1640000343322754 -0.6499999761581421 21.0
5.658999919891357 -2.134999990463257 -0.0729999989271164 150.0
5.65500020980835 -2.1519999504089355 -0.2770000100135803 101.0
5.651000022888184 -2.1730000972747803 -0.4790000021457672 56.0
5.60699987411499 -2.184999942779541 -0.699999988079071 22.0
5.683000087738037 -1.9980000257492065 -0.0729999989271164 57.0
5.666999816894531 -2.009999990463257 -0.2770000100135803 68.0
5.665999889373779 -2.0269999504089355 -0.4790000021457672 64.0
5.666999816894531 -2.052999973297119 -0.7049999833106995 61.0
5.686999797821045 -1.8600000143051147 -0.0729999989271164 58.0
5.679999828338623 -1.86899995803833 -0.2770000100135803 57.0
5.683000087738037 -1.8849999904632568 -0.4790000021457672 64.0
5.673999786376953 -1.902999997138977 -0.7039999961853027 60.0
5.61899995803833 -1.6979999542236328 -0.0729999989271164 64.0
5.6479997634887695 -1.715999960899353 -0.2750000059604645 67.0
5.684000015258789 -1.7359999418258667 -0.4779999852180481 63.0
5.677000045776367 -1.753999948501587 -0.7020000219345093 63.0
5.638000011444092 -1.5679999589920044 -0.0729999989271164 52.0
5.664000034332275 -1.5789999961853027 -0.2750000059604645 72.0
5.689000129699707 -1.5920000076293945 -0.47699999809265137 66.0
5.684999942779541 -1.6039999723434448 -0.7009999752044678 68.0
5.636000156402588 -1.430999994277954 -0.07400000095367432 66.0
5.6529998779296875 -1.4359999895095825 -0.2750000059604645 72.0
5.703000068664551 -1.4520000219345093 -0.4779999852180481 67.0
5.698999881744385 -1.4609999656677246 -0.7009999752044678 67.0
5.714000225067139 -1.3140000104904175 -0.07599999755620956 66.0
5.7179999351501465 -1.3140000104904175 -0.27799999713897705 61.0
5.710000038146973 -1.3109999895095825 -0.4779999852180481 66.0
5.705999851226807 -1.3170000314712524 -0.699999988079071 65.0
5.7220001220703125 -1.1829999685287476 -0.07699999958276749 66.0
5.729000091552734 -1.1770000457763672 -0.27900001406669617 69.0
5.716000080108643 -1.1720000505447388 -0.4779999852180481 66.0
5.7129998207092285 -1.1740000247955322 -0.699999988079071 66.0
5.730000019073486 -1.0520000457763672 -0.07900000363588333 66.0
5.728000164031982 -1.0420000553131104 -0.27900001406669617 67.0
5.743000030517578 -1.0379999876022339 -0.47999998927116394 70.0
5.7220001220703125 -1.031999945640564 -0.699999988079071 66.0
5.739999771118164 -0.921999990940094 -0.07999999821186066 73.0
5.73799991607666 -0.9079999923706055 -0.2809999883174896 70.0
5.736999988555908 -0.8980000019073486 -0.4790000021457672 71.0
5.730999946594238 -0.8920000195503235 -0.7009999752044678 66.0
5.74399995803833 -0.7900000214576721 -0.0820000022649765 77.0
5.742000102996826 -0.7739999890327454 -0.2809999883174896 75.0
5.739999771118164 -0.7590000033378601 -0.47999998927116394 74.0
5.734000205993652 -0.75 -0.7009999752044678 66.0
5.748000144958496 -0.6589999794960022 -0.08299999684095383 98.0
5.747000217437744 -0.6399999856948853 -0.28299999237060547 96.0
5.744999885559082 -0.621999979019165 -0.48100000619888306 78.0
5.743000030517578 -0.609000027179718 -0.7009999752044678 67.0
5.750999927520752 -0.5289999842643738 -0.08500000089406967 150.0
5.751999855041504 -0.5059999823570251 -0.2840000092983246 122.0
5.750999927520752 -0.4860000014305115 -0.4819999933242798 86.0
5.755000114440918 -0.47099998593330383 -0.703000009059906 67.0
5.755000114440918 -0.39899998903274536 -0.08699999749660492 150.0
5.756999969482422 -0.37400001287460327 -0.28600001335144043 150.0
5.756999969482422 -0.3490000069141388 -0.4830000102519989 88.0
5.764999866485596 -0.3319999873638153 -0.7039999961853027 74.0
5.763999938964844 -0.2709999978542328 -0.09000000357627869 150.0
5.756999969482422 -0.23999999463558197 -0.2879999876022339 150.0
5.761000156402588 -0.21400000154972076 -0.48500001430511475 150.0
5.755000114440918 -0.19099999964237213 -0.7039999961853027 150.0
3.3989999294281006 -0.08399999886751175 -0.05400000140070915 11.0
5.763999938964844 -0.1080000028014183 -0.28999999165534973 150.0
5.765999794006348 -0.07900000363588333 -0.4860000014305115 150.0
5.765999794006348 -0.052000001072883606 -0.7059999704360962 150.0
3.3980000019073486 -0.007000000216066837 -0.0560000017285347 41.0
3.3259999752044678 0.013000000268220901 -0.1679999977350235 7.0
3.2839999198913574 0.03200000151991844 -0.2770000100135803 24.0
5.770999908447266 0.0860000029206276 -0.7070000171661377 150.0
3.3540000915527344 0.06700000166893005 -0.05700000002980232 61.0
3.2720000743865967 0.08900000154972076 -0.16699999570846558 40.0
3.259000062942505 0.10899999737739563 -0.2759999930858612 36.0
5.775000095367432 0.22699999809265137 -0.7089999914169312 123.0
3.3359999656677246 0.1420000046491623 -0.057999998331069946 79.0
3.3580000400543213 0.1679999977350235 -0.1720000058412552 12.0
5.806000232696533 0.3330000042915344 -0.49399998784065247 18.0
5.800000190734863 0.36899998784065247 -0.7129999995231628 67.0
3.359999895095825 0.21899999678134918 -0.05999999865889549 46.0
5.807000160217285 0.4259999990463257 -0.3009999990463257 72.0
5.802999973297119 0.4690000116825104 -0.4959999918937683 73.0
5.804999828338623 0.5109999775886536 -0.7149999737739563 67.0
3.3459999561309814 0.2930000126361847 -0.06199999898672104 9.0
5.823999881744385 0.5619999766349792 -0.30399999022483826 72.0
5.822000026702881 0.6100000143051147 -0.5 72.0
5.813000202178955 0.6539999842643738 -0.7179999947547913 66.0
5.823999881744385 0.6430000066757202 -0.11100000143051147 68.0
5.824999809265137 0.6970000267028809 -0.3070000112056732 72.0
5.823999881744385 0.7490000128746033 -0.503000020980835 76.0
5.828000068664551 0.7979999780654907 -0.722000002861023 67.0
5.828000068664551 0.7760000228881836 -0.11500000208616257 68.0
5.833000183105469 0.8360000252723694 -0.3109999895095825 73.0
5.836999893188477 0.890999972820282 -0.5070000290870667 74.0
5.828000068664551 0.9440000057220459 -0.7250000238418579 68.0
5.833000183105469 0.9089999794960022 -0.11900000274181366 70.0
5.8420000076293945 0.9750000238418579 -0.3149999976158142 73.0
5.830999851226807 1.0329999923706055 -0.5090000033378601 70.0
5.840000152587891 1.0920000076293945 -0.7289999723434448 67.0
5.85099983215332 1.0490000247955322 -0.12399999797344208 69.0
5.843999862670898 1.1150000095367432 -0.3190000057220459 70.0
5.840000152587891 1.1779999732971191 -0.5130000114440918 71.0
5.8520002365112305 1.2419999837875366 -0.7329999804496765 63.0
5.8429999351501465 1.184000015258789 -0.12800000607967377 69.0
5.8470001220703125 1.25600004196167 -0.3230000138282776 72.0
5.849999904632568 1.3240000009536743 -0.5170000195503235 70.0
5.86299991607666 1.3940000534057617 -0.7379999756813049 65.0
5.855999946594238 1.3240000009536743 -0.13300000131130219 69.0
5.86299991607666 1.4019999504089355 -0.3269999921321869 75.0
5.836999893188477 1.4670000076293945 -0.5199999809265137 96.0
5.861999988555908 1.5440000295639038 -0.7409999966621399 64.0
5.8429999351501465 1.4600000381469727 -0.13699999451637268 100.0
5.866000175476074 1.5460000038146973 -0.3319999873638153 70.0
5.877999782562256 1.6239999532699585 -0.5270000100135803 70.0
5.879000186920166 1.7009999752044678 -0.746999979019165 65.0
5.872000217437744 1.6059999465942383 -0.14300000667572021 88.0
5.869999885559082 1.6920000314712524 -0.3370000123977661 74.0
5.883999824523926 1.7769999504089355 -0.5320000052452087 68.0
5.888999938964844 1.8589999675750732 -0.7519999742507935 64.0
5.885000228881836 1.753999948501587 -0.14900000393390656 75.0
5.885000228881836 1.843000054359436 -0.34200000762939453 70.0
5.88700008392334 1.9299999475479126 -0.5370000004768372 68.0
5.89300012588501 2.0199999809265137 -0.7570000290870667 62.0
5.892000198364258 1.902999997138977 -0.15399999916553497 73.0
5.859000205993652 1.9869999885559082 -0.34599998593330383 22.0
5.901000022888184 2.0929999351501465 -0.5429999828338623 76.0
5.906000137329102 2.187000036239624 -0.7639999985694885 74.0
5.873000144958496 2.0450000762939453 -0.1599999964237213 5.0
5.495999813079834 2.00600004196167 -0.33000001311302185 13.0
5.809999942779541 2.2160000801086426 -0.5400000214576721 59.0
5.300000190734863 2.109999895095825 -0.6899999976158142 65.0
5.459000110626221 2.0390000343322754 -0.15399999916553497 26.0
5.235000133514404 2.049999952316284 -0.3190000057220459 80.0
5.4720001220703125 2.2360000610351562 -0.5130000114440918 62.0
5.2729997634887695 2.249000072479248 -0.6909999847412109 80.0
5.238999843597412 2.0929999351501465 -0.15399999916553497 83.0
5.245999813079834 2.194000005722046 -0.32499998807907104 77.0
5.191999912261963 2.2669999599456787 -0.492000013589859 29.0
5.065000057220459 2.305999994277954 -0.6690000295639038 66.0
5.247000217437744 2.2339999675750732 -0.1599999964237213 72.0
5.0970001220703125 2.2709999084472656 -0.32100000977516174 35.0
5.071000099182129 2.3580000400543213 -0.4860000014305115 65.0
5.079999923706055 2.4619998931884766 -0.6759999990463257 64.0
5.067999839782715 2.2939999103546143 -0.16099999845027924 69.0
5.071000099182129 2.4030001163482666 -0.32499998807907104 70.0
5.073999881744385 2.50600004196167 -0.492000013589859 72.0
5.0879998207092285 2.621000051498413 -0.6830000281333923 65.0
5.078000068664551 2.437000036239624 -0.1679999977350235 69.0
5.085999965667725 2.555000066757202 -0.3319999873638153 69.0
5.085999965667725 2.6640000343322754 -0.49900001287460327 71.0
5.0970001220703125 2.7839999198913574 -0.6899999976158142 66.0
5.09499979019165 2.5910000801086426 -0.17499999701976776 64.0
5.089000225067139 2.7060000896453857 -0.33899998664855957 69.0
5.105000019073486 2.8310000896453857 -0.5070000290870667 66.0
5.968999862670898 3.450000047683716 -0.8159999847412109 47.0
5.0970001220703125 2.739000082015991 -0.18199999630451202 66.0
4.046000003814697 2.2739999294281006 -0.2750000059604645 1.0
5.9730000495910645 3.497999906539917 -0.6019999980926514 48.0
5.973999977111816 3.6500000953674316 -0.824999988079071 46.0
4.005000114440918 2.2699999809265137 -0.14900000393390656 61.0
3.8589999675750732 2.2869999408721924 -0.2680000066757202 29.0
5.98199987411499 3.697000026702881 -0.6110000014305115 45.0
5.993000030517578 3.86299991607666 -0.8360000252723694 46.0
3.8469998836517334 2.296999931335449 -0.14900000393390656 40.0
0.0 0.0 0.0 0.0
6.002999782562256 3.9059998989105225 -0.621999979019165 46.0
6.014999866485596 4.084000110626221 -0.8489999771118164 36.0
3.680999994277954 2.312000036239624 -0.14900000393390656 30.0
0.0 0.0 0.0 0.0
0.0 0.0 0.0 0.0
6.021999835968018 4.303999900817871 -0.859000027179718 37.0
3.5339999198913574 2.3329999446868896 -0.14900000393390656 12.0
0.0 0.0 0.0 0.0
0.0 0.0 0.0 0.0
6.039000034332275 4.541999816894531 -0.8730000257492065 39.0
3.372999906539917 2.3389999866485596 -0.14800000190734863 6.0
0.0 0.0 0.0 0.0
6.072999954223633 4.5970001220703125 -0.6600000262260437 2.0
6.052000045776367 4.785999774932861 -0.8859999775886536 40.0
3.5989999771118164 2.61899995803833 -0.16500000655651093 57.0
3.0880000591278076 2.3510000705718994 -0.23999999463558197 59.0
3.1440000534057617 2.499000072479248 -0.34700000286102295 14.0
6.054999828338623 5.0289998054504395 -0.8980000019073486 40.0
3.0769999027252197 2.3480000495910645 -0.1469999998807907 63.0
3.072000026702881 2.4539999961853027 -0.24500000476837158 35.0
6.063000202178955 5.057000160217285 -0.6819999814033508 40.0
6.073999881744385 5.298999786376953 -0.9139999747276306 42.0
3.071000099182129 2.4549999237060547 -0.15399999916553497 53.0
3.0920000076293945 2.5889999866485596 -0.2529999911785126 29.0
6.085999965667725 5.326000213623047 -0.6980000138282776 41.0
6.0879998207092285 5.573999881744385 -0.9300000071525574 43.0
3.0829999446868896 2.5810000896453857 -0.16099999845027924 49.0
3.1050000190734863 2.7239999771118164 -0.26100000739097595 28.0
6.0920000076293945 5.586999893188477 -0.7120000123977661 42.0
6.105999946594238 5.866000175476074 -0.9480000138282776 44.0
3.1070001125335693 2.7239999771118164 -0.17000000178813934 56.0
6.0929999351501465 5.599999904632568 -0.5260000228881836 42.0
6.111999988555908 5.879000186920166 -0.7289999723434448 43.0
6.129000186920166 6.177999973297119 -0.9670000076293945 43.0
6.104000091552734 5.6020002365112305 -0.3499999940395355 43.0
6.107999801635742 5.881999969482422 -0.5429999828338623 43.0
6.133999824523926 6.186999797821045 -0.7480000257492065 40.0
6.138000011444092 6.495999813079834 -0.9860000014305115 40.0
6.117000102996826 5.877999782562256 -0.367000013589859 43.0
6.130000114440918 6.184999942779541 -0.5609999895095825 41.0
6.145999908447266 6.497000217437744 -0.765999972820282 40.0
6.160999774932861 6.841000080108643 -1.0080000162124634 38.0
6.138999938964844 6.176000118255615 -0.38600000739097595 41.0
6.144000053405762 6.493000030517578 -0.5799999833106995 43.0
6.163000106811523 6.833000183105469 -0.7870000004768372 37.0
6.184999942779541 7.208000183105469 -1.031999945640564 37.0
6.145999908447266 6.46999979019165 -0.4050000011920929 38.0
6.163000106811523 6.826000213623047 -0.6010000109672546 38.0
6.189000129699707 7.195000171661377 -0.8100000023841858 38.0
6.188000202178955 7.574999809265137 -1.0540000200271606 37.0
6.173999786376953 6.802999973297119 -0.4269999861717224 37.0
6.188000202178955 7.179999828338623 -0.6230000257492065 37.0
6.198999881744385 7.563000202178955 -0.8320000171661377 39.0
6.21999979019165 7.995999813079834 -1.0829999446868896 36.0
6.183000087738037 7.136000156402588 -0.4490000009536743 35.0
6.199999809265137 7.539000034332275 -0.6460000276565552 38.0
6.230999946594238 7.97599983215332 -0.859000027179718 38.0
6.263999938964844 8.467000007629395 -1.1160000562667847 34.0
6.197999954223633 7.491000175476074 -0.4729999899864197 35.0
6.21999979019165 7.934999942779541 -0.671999990940094 39.0
6.255000114440918 8.406000137329102 -0.8870000243186951 38.0
6.255000114440918 8.890999794006348 -1.1419999599456787 36.0
6.2230000495910645 7.883999824523926 -0.5 36.0
6.247000217437744 8.364999771118164 -0.699999988079071 39.0
3.365000009536743 4.754000186920166 -0.492000013589859 1.0
6.284999847412109 9.407999992370605 -1.1770000457763672 37.0
6.26200008392334 8.315999984741211 -0.5299999713897705 31.0
3.365999937057495 4.73199987411499 -0.3919999897480011 21.0
6.290999889373779 9.35099983215332 -0.9490000009536743 36.0
6.315000057220459 9.958000183105469 -1.215999960899353 35.0
3.380000114440918 4.710999965667725 -0.3009999990463257 31.0
6.265999794006348 9.253999710083008 -0.7590000033378601 18.0
6.315999984741211 9.881999969482422 -0.9850000143051147 37.0
6.363999843597412 10.592000007629395 -1.2619999647140503 60.0
6.275000095367432 9.182000160217285 -0.5910000205039978 35.0
3.4210000038146973 5.315999984741211 -0.4320000112056732 1.0
6.366000175476074 10.491999626159668 -1.0269999504089355 45.0
0.0 0.0 0.0 0.0
6.310999870300293 9.708999633789062 -0.6290000081062317 36.0
6.392000198364258 10.46399974822998 -0.8429999947547913 3.0
6.10699987411499 10.626999855041504 -1.0219999551773071 6.0
5.741000175476074 10.680000305175781 -1.2130000591278076 96.0
6.3520002365112305 10.279999732971191 -0.6700000166893005 31.0
6.138999938964844 10.595000267028809 -0.847000002861023 20.0
5.798999786376953 10.668999671936035 -1.0099999904632568 95.0
5.429999828338623 10.704000473022461 -1.187999963760376 90.0
6.23799991607666 10.63700008392334 -0.6980000138282776 92.0
5.855000019073486 10.666999816894531 -0.847000002861023 95.0
5.491000175476074 10.692000389099121 -0.9959999918937683 93.0
5.111000061035156 10.704999923706055 -1.1619999408721924 37.0
5.920000076293945 10.64799976348877 -0.703000009059906 57.0
5.543000221252441 10.682999610900879 -0.8429999947547913 92.0
5.186999797821045 10.718000411987305 -0.9829999804496765 64.0
0.0 0.0 0.0 0.0
5.616000175476074 10.675000190734863 -0.7110000252723694 94.0
5.241000175476074 10.701000213623047 -0.8389999866485596 90.0
0.0 0.0 0.0 0.0
0.0 0.0 0.0 0.0
5.317999839782715 10.699000358581543 -0.7179999947547913 93.0
4.941999912261963 10.718999862670898 -0.8360000252723694 43.0
0.0 0.0 0.0 0.0
4.257999897003174 10.847000122070312 -1.1030000448226929 66.0
5.019000053405762 10.71500015258789 -0.7250000238418579 68.0
0.0 0.0 0.0 0.0
0.0 0.0 0.0 0.0
3.9769999980926514 10.890000343322754 -1.0839999914169312 27.0
0.0 0.0 0.0 0.0
0.0 0.0 0.0 0.0
4.059000015258789 10.890999794006348 -0.9440000057220459 84.0
0.597000002861023 1.7630000114440918 -0.1720000058412552 4.0
0.0 0.0 0.0 0.0
4.124000072479248 10.885000228881836 -0.8389999866485596 82.0
0.6119999885559082 1.7699999809265137 -0.1509999930858612 4.0
0.550000011920929 1.7619999647140503 -0.1679999977350235 6.0
4.197999954223633 10.861000061035156 -0.7540000081062317 53.0
0.6200000047683716 1.7610000371932983 -0.13500000536441803 3.0
0.5669999718666077 1.7740000486373901 -0.15000000596046448 3.0
0.5199999809265137 1.8170000314712524 -0.17000000178813934 2.0
0.6320000290870667 1.75600004196167 -0.12300000339746475 2.0
0.5929999947547913 1.8179999589920044 -0.13899999856948853 2.0
0.5139999985694885 1.7489999532699585 -0.1459999978542328 3.0
0.6370000243186951 2.440000057220459 -0.2240000069141388 0.0
0.6039999723434448 1.809000015258789 -0.12800000607967377 2.0
0.5189999938011169 1.725000023841858 -0.13199999928474426 4.0
0.6449999809265137 2.4010000228881836 -0.1979999989271164 3.0
2.5820000171661377 10.949000358581543 -0.9860000014305115 51.0
0.5360000133514404 1.7369999885559082 -0.12399999797344208 7.0
0.6520000100135803 2.371000051498413 -0.1809999942779541 4.0
2.6600000858306885 10.906000137329102 -0.8920000195503235 34.0
2.2990000247955322 10.895000457763672 -0.9629999995231628 38.0
0.5569999814033508 1.965999960899353 -0.1420000046491623 4.0
0.6060000061988831 2.4230000972747803 -0.1850000023841858 3.0
2.384000062942505 10.880999565124512 -0.8809999823570251 58.0
2.0309998989105225 10.902999877929688 -0.9459999799728394 2.0
0.6299999952316284 2.437000036239624 -0.1770000010728836 2.0
2.4549999237060547 10.880999565124512 -0.8299999833106995 76.0
0.9359999895095825 4.816999912261963 -0.38600000739097595 8.0
0.0 0.0 0.0 0.0
2.5190000534057617 10.784000396728516 -0.7950000166893005 42.0
0.9660000205039978 4.798999786376953 -0.3659999966621399 2.0
0.46000000834465027 2.7060000896453857 -0.2150000035762787 4.0
0.0 0.0 0.0 0.0
2.2799999713897705 10.890000343322754 -0.8119999766349792 70.0
1.9290000200271606 10.89900016784668 -0.8320000171661377 12.0
0.0 0.0 0.0 0.0
0.0 0.0 0.0 0.0
2.010999917984009 10.871000289916992 -0.8199999928474426 33.0
0.421999990940094 2.75600004196167 -0.20999999344348907 1.0
0.0 0.0 0.0 0.0
0.0 0.0 0.0 0.0
0.0 0.0 0.0 0.0
0.0 0.0 0.0 0.0
0.0 0.0 0.0 0.0
0.0 0.0 0.0 0.0
0.0 0.0 0.0 0.0
0.0 0.0 0.0 0.0
0.0 0.0 0.0 0.0
0.0 0.0 0.0 0.0
0.0 0.0 0.0 0.0
0.0 0.0 0.0 0.0
0.0 0.0 0.0 0.0
0.0 0.0 0.0 0.0
0.0 0.0 0.0 0.0
0.0 0.0 0.0 0.0
0.0 0.0 0.0 0.0
0.0 0.0 0.0 0.0
0.0 0.0 0.0 0.0
0.0 0.0 0.0 0.0
0.0 0.0 0.0 0.0
0.0 0.0 0.0 0.0
0.0 0.0 0.0 0.0
0.0 0.0 0.0 0.0
0.0 0.0 0.0 0.0
0.0 0.0 0.0 0.0
0.0 0.0 0.0 0.0
0.0 0.0 0.0 0.0
0.0 0.0 0.0 0.0
0.0 0.0 0.0 0.0
0.0 0.0 0.0 0.0
0.0 0.0 0.0 0.0
0.0 0.0 0.0 0.0
-0.2759999930858612 2.812000036239624 -0.1979999989271164 17.0
0.0 0.0 0.0 0.0
0.0 0.0 0.0 0.0
-0.24899999797344208 2.7860000133514404 -0.20600000023841858 5.0
-0.3449999988079071 2.8310000896453857 -0.19699999690055847 54.0
-0.11699999868869781 2.2860000133514404 -0.19599999487400055 2.0
0.0 0.0 0.0 0.0
-0.3190000057220459 2.825000047683716 -0.20800000429153442 52.0
-0.4129999876022339 2.8340001106262207 -0.1940000057220459 53.0
-0.20999999344348907 2.809999942779541 -0.24400000274181366 37.0
-0.29899999499320984 2.819999933242798 -0.2240000069141388 52.0
-0.3869999945163727 2.8310000896453857 -0.2070000022649765 58.0
-0.31200000643730164 1.8420000076293945 -0.12399999797344208 0.0
-0.2770000100135803 2.815000057220459 -0.24799999594688416 49.0
-0.367000013589859 2.828000068664551 -0.22599999606609344 54.0
-0.4569999873638153 2.8420000076293945 -0.20800000429153442 51.0
-0.3319999873638153 1.7170000076293945 -0.11400000005960464 18.0
-0.3449999988079071 2.8239998817443848 -0.25200000405311584 52.0
-0.4359999895095825 2.8329999446868896 -0.2280000001192093 52.0
-0.3269999921321869 1.7719999551773071 -0.1289999932050705 6.0
-0.6230000257492065 2.861999988555908 -0.18700000643730164 31.0
-0.414000004529953 2.8329999446868896 -0.25699999928474426 54.0
-0.3230000138282776 1.8170000314712524 -0.1469999998807907 5.0
-0.3700000047683716 1.7710000276565552 -0.1289999932050705 8.0
-0.6940000057220459 2.864000082015991 -0.1850000023841858 43.0
-0.48399999737739563 2.8389999866485596 -0.2619999945163727 50.0
-0.35199999809265137 1.7400000095367432 -0.1420000046491623 59.0
-0.4230000078678131 1.8109999895095825 -0.13099999725818634 0.0
-0.4830000102519989 1.8070000410079956 -0.11500000208616257 20.0
-0.33399999141693115 1.7139999866485596 -0.1599999964237213 9.0
-0.40299999713897705 1.7760000228881836 -0.1459999978542328 6.0
-0.4650000035762787 1.8020000457763672 -0.13099999725818634 73.0
-0.5070000290870667 1.7369999885559082 -0.10899999737739563 19.0
-0.3790000081062317 1.7280000448226929 -0.164000004529953 30.0
-0.4440000057220459 1.7640000581741333 -0.1469999998807907 27.0
-0.49799999594688416 1.7569999694824219 -0.12700000405311584 8.0
-0.8069999814033508 2.5439999103546143 -0.15700000524520874 156.0
-0.41999998688697815 1.7209999561309814 -0.16599999368190765 35.0
-0.4830000102519989 1.746999979019165 -0.1469999998807907 15.0
-0.8870000243186951 2.874000072479248 -0.20900000631809235 69.0
-0.9509999752044678 2.7730000019073486 -0.16899999976158142 5.0
-0.48100000619888306 1.784999966621399 -0.17499999701976776 9.0
-0.5260000228881836 1.7410000562667847 -0.14800000190734863 5.0
-0.9660000205039978 2.88700008392334 -0.20999999344348907 41.0
0.0 0.0 0.0 0.0
-0.5070000290870667 1.7200000286102295 -0.1720000058412552 0.0
-0.9459999799728394 2.884999990463257 -0.24699999392032623 49.0
-2.634999990463257 7.306000232696533 -0.5320000052452087 8.0
0.0 0.0 0.0 0.0
-0.9269999861717224 2.88700008392334 -0.2939999997615814 46.0
-2.618000030517578 7.388000011444092 -0.640999972820282 22.0
-0.9269999861717224 2.3949999809265137 -0.17399999499320984 53.0
-2.677000045776367 6.333000183105469 -0.3720000088214874 23.0
-1.00600004196167 2.8940000534057617 -0.30000001192092896 16.0
-0.906000018119812 2.378999948501587 -0.20900000631809235 20.0
-2.6649999618530273 6.434000015258789 -0.4699999988079071 20.0
-2.7070000171661377 6.015999794006348 -0.3479999899864197 26.0
-2.6440000534057617 7.064000129699707 -0.746999979019165 19.0
-2.6589999198913574 6.513999938964844 -0.5789999961853027 16.0
-2.693000078201294 6.0980000495910645 -0.44699999690055847 25.0
-2.7269999980926514 5.701000213623047 -0.32600000500679016 25.0
-0.9240000247955322 2.302000045776367 -0.24799999594688416 87.0
-2.688999891281128 6.169000148773193 -0.5550000071525574 26.0
-2.7130000591278076 5.7729997634887695 -0.42500001192092896 25.0
-2.74399995803833 5.414000034332275 -0.3059999942779541 23.0
-0.9700000286102295 2.257999897003174 -0.24799999594688416 18.0
-2.7119998931884766 5.8460001945495605 -0.5329999923706055 26.0
-2.7320001125335693 5.480000019073486 -0.4050000011920929 24.0
-2.759999990463257 5.146999835968018 -0.28700000047683716 15.0
-2.7130000591278076 5.925000190734863 -0.6629999876022339 26.0
-2.73799991607666 5.552999973297119 -0.5130000114440918 25.0
-2.753000020980835 5.216000080108643 -0.3869999945163727 19.0
0.0 0.0 0.0 0.0
-2.7320001125335693 5.60699987411499 -0.6399999856948853 25.0
-2.752000093460083 5.265999794006348 -0.49300000071525574 22.0
-2.7799999713897705 4.98199987411499 -0.3709999918937683 1.0
0.0 0.0 0.0 0.0
-2.750999927520752 5.322000026702881 -0.6200000047683716 23.0
-2.7829999923706055 5.0329999923706055 -0.4790000021457672 9.0
0.0 0.0 0.0 0.0
0.0 0.0 0.0 0.0
-2.7730000019073486 5.066999912261963 -0.6029999852180481 12.0
0.0 0.0 0.0 0.0
0.0 0.0 0.0 0.0
0.0 0.0 0.0 0.0
0.0 0.0 0.0 0.0
0.0 0.0 0.0 0.0
0.0 0.0 0.0 0.0
0.0 0.0 0.0 0.0
0.0 0.0 0.0 0.0
0.0 0.0 0.0 0.0
0.0 0.0 0.0 0.0
0.0 0.0 0.0 0.0
0.0 0.0 0.0 0.0
0.0 0.0 0.0 0.0
0.0 0.0 0.0 0.0
0.0 0.0 0.0 0.0
0.0 0.0 0.0 0.0
0.0 0.0 0.0 0.0
0.0 0.0 0.0 0.0
0.0 0.0 0.0 0.0
0.0 0.0 0.0 0.0
0.0 0.0 0.0 0.0
0.0 0.0 0.0 0.0
0.0 0.0 0.0 0.0
0.0 0.0 0.0 0.0
0.0 0.0 0.0 0.0
0.0 0.0 0.0 0.0
0.0 0.0 0.0 0.0
0.0 0.0 0.0 0.0
0.0 0.0 0.0 0.0
0.0 0.0 0.0 0.0
0.0 0.0 0.0 0.0
0.0 0.0 0.0 0.0
0.0 0.0 0.0 0.0
0.0 0.0 0.0 0.0
0.0 0.0 0.0 0.0
0.0 0.0 0.0 0.0
0.0 0.0 0.0 0.0
-2.617000102996826 2.7300000190734863 -0.22699999809265137 13.0
-2.747999906539917 2.7249999046325684 -0.13500000536441803 54.0
0.0 0.0 0.0 0.0
-2.6059999465942383 2.7200000286102295 -0.3190000057220459 10.0
-2.744999885559082 2.7330000400543213 -0.23100000619888306 51.0
-2.8610000610351562 2.7119998931884766 -0.13300000131130219 55.0
-2.6070001125335693 2.7209999561309814 -0.42399999499320984 9.0
-2.746999979019165 2.7339999675750732 -0.328000009059906 49.0
-2.8570001125335693 2.7160000801086426 -0.2329999953508377 51.0
-2.865999937057495 2.5940001010894775 -0.12700000405311584 57.0
-2.749000072479248 2.7360000610351562 -0.4390000104904175 45.0
-2.859999895095825 2.7160000801086426 -0.33399999141693115 53.0
-2.8610000610351562 2.5959999561309814 -0.22699999809265137 53.0
-2.871000051498413 2.4830000400543213 -0.12099999934434891 55.0
-2.8580000400543213 2.7100000381469727 -0.4480000138282776 47.0
-2.865999937057495 2.5969998836517334 -0.328000009059906 62.0
-2.871000051498413 2.486999988555908 -0.22100000083446503 56.0
-2.878000020980835 2.375999927520752 -0.11500000208616257 63.0
-2.861999988555908 2.5869998931884766 -0.4410000145435333 53.0
-2.865999937057495 2.4760000705718994 -0.32199999690055847 57.0
-2.877000093460083 2.378999948501587 -0.2160000056028366 57.0
-2.8889999389648438 2.2769999504089355 -0.10999999940395355 63.0
-2.872999906539917 2.4730000495910645 -0.4350000023841858 51.0
-2.878000020980835 2.371000051498413 -0.31700000166893005 59.0
-2.882999897003174 2.2730000019073486 -0.210999995470047 58.0
-2.8949999809265137 2.177999973297119 -0.10499999672174454 61.0
-2.880000114440918 2.361999988555908 -0.4300000071525574 53.0
-2.888000011444092 2.2669999599456787 -0.31200000643730164 61.0
-2.8929998874664307 2.1740000247955322 -0.20600000023841858 54.0
-2.8989999294281006 2.0789999961853027 -0.10000000149011612 60.0
-2.888000011444092 2.255000114440918 -0.42500001192092896 49.0
-2.8959999084472656 2.1640000343322754 -0.3070000112056732 54.0
-2.8989999294281006 2.0759999752044678 -0.20200000703334808 63.0
-2.9070000648498535 1.9880000352859497 -0.09600000083446503 60.0
-2.8929998874664307 2.1489999294281006 -0.4189999997615814 49.0
-2.9010000228881836 2.063999891281128 -0.30300000309944153 57.0
-2.9079999923706055 1.9819999933242798 -0.1979999989271164 60.0
-2.9119999408721924 1.8960000276565552 -0.09200000017881393 63.0
-2.9040000438690186 2.049999952316284 -0.41499999165534973 52.0
-2.9049999713897705 1.9639999866485596 -0.2980000078678131 63.0
-2.9119999408721924 1.8880000114440918 -0.1940000057220459 60.0
-2.9159998893737793 1.805999994277954 -0.08799999952316284 66.0
-2.9119999408721924 1.9520000219345093 -0.41100001335144043 54.0
-2.9149999618530273 1.8730000257492065 -0.29499998688697815 59.0
-2.9210000038146973 1.7990000247955322 -0.1899999976158142 62.0
-2.928999900817871 1.7230000495910645 -0.08399999886751175 64.0
-2.9159998893737793 1.8550000190734863 -0.4059999883174896 52.0
-2.9179999828338623 1.7790000438690186 -0.29100000858306885 70.0
-2.927000045776367 1.7109999656677246 -0.1860000044107437 68.0
-2.930999994277954 1.6369999647140503 -0.08100000023841858 68.0
-2.9189999103546143 1.7599999904632568 -0.4020000100135803 51.0
-2.924999952316284 1.690000057220459 -0.28700000047683716 63.0
-2.934999942779541 1.6260000467300415 -0.18299999833106995 66.0
-2.936000108718872 1.5529999732971191 -0.07699999958276749 70.0
-2.934000015258789 1.6729999780654907 -0.4000000059604645 56.0
-2.930000066757202 1.6030000448226929 -0.2840000092983246 60.0
-2.937999963760376 1.5399999618530273 -0.18000000715255737 68.0
-2.944000005722046 1.4739999771118164 -0.07400000095367432 78.0
-2.938999891281128 1.5839999914169312 -0.3959999978542328 59.0
-2.943000078201294 1.5199999809265137 -0.2809999883174896 66.0
-2.940999984741211 1.4559999704360962 -0.1770000010728836 76.0
-2.9489998817443848 1.3940000534057617 -0.07100000232458115 71.0
-2.943000078201294 1.496000051498413 -0.3930000066757202 62.0
-2.944000005722046 1.434000015258789 -0.27799999713897705 68.0
-2.9539999961853027 1.378000020980835 -0.17499999701976776 77.0
-2.953000068664551 1.315999984741211 -0.06800000369548798 73.0
-2.944000005722046 1.4079999923706055 -0.3889999985694885 61.0
-2.9519999027252197 1.3530000448226929 -0.2759999930858612 74.0
-2.9539999961853027 1.2970000505447388 -0.1720000058412552 68.0
-2.9570000171661377 1.2380000352859497 -0.06499999761581421 65.0
-2.953000068664551 1.3259999752044678 -0.3869999945163727 68.0
-2.9489998817443848 1.2680000066757202 -0.2720000147819519 63.0
-2.9549999237060547 1.215999960899353 -0.16899999976158142 70.0
-2.9609999656677246 1.1619999408721924 -0.06300000101327896 65.0
-2.953000068664551 1.2410000562667847 -0.382999986410141 61.0
-2.9590001106262207 1.190999984741211 -0.27000001072883606 66.0
-2.9570000171661377 1.1380000114440918 -0.16599999368190765 69.0
-2.9649999141693115 1.0870000123977661 -0.05999999865889549 73.0
-2.9649999141693115 1.1629999876022339 -0.38199999928474426 57.0
-2.9630000591278076 1.1119999885559082 -0.2680000066757202 66.0
-2.9639999866485596 1.0640000104904175 -0.164000004529953 74.0
-2.9690001010894775 1.0130000114440918 -0.057999998331069946 60.0
-2.9630000591278076 1.0809999704360962 -0.3790000081062317 58.0
-2.9670000076293945 1.034000039100647 -0.26600000262260437 66.0
-2.9639999866485596 0.9869999885559082 -0.16200000047683716 105.0
-2.9730000495910645 0.9419999718666077 -0.0560000017285347 59.0
-2.9579999446868896 0.9980000257492065 -0.375 73.0
-2.9639999866485596 0.9559999704360962 -0.2630000114440918 104.0
-2.9660000801086426 0.9120000004768372 -0.1599999964237213 113.0
-2.9730000495910645 0.8679999709129333 -0.05400000140070915 61.0
-2.9679999351501465 0.9229999780654907 -0.37400001287460327 95.0
-2.9730000495910645 0.8820000290870667 -0.2619999945163727 102.0
-2.9709999561309814 0.8399999737739563 -0.15800000727176666 116.0
-2.9830000400543213 0.7990000247955322 -0.052000001072883606 71.0
-2.9730000495910645 0.8460000157356262 -0.3720000088214874 95.0
-2.9749999046325684 0.8069999814033508 -0.25999999046325684 114.0
-2.9800000190734863 0.7680000066757202 -0.15700000524520874 123.0
-2.98799991607666 0.7279999852180481 -0.05000000074505806 69.0
-2.9749999046325684 0.7699999809265137 -0.3700000047683716 107.0
-2.9820001125335693 0.7329999804496765 -0.2590000033378601 121.0
-2.9839999675750732 0.6970000267028809 -0.1550000011920929 128.0
-2.993000030517578 0.6589999794960022 -0.04899999871850014 67.0
-2.984999895095825 0.6949999928474426 -0.36899998784065247 100.0
-2.984999895095825 0.6600000262260437 -0.25699999928474426 112.0
-2.990999937057495 0.6259999871253967 -0.15399999916553497 141.0
-3.0 0.5910000205039978 -0.04699999839067459 75.0
-2.986999988555908 0.6200000047683716 -0.36800000071525574 102.0
-2.98799991607666 0.5879999995231628 -0.25600001215934753 145.0
-2.997999906539917 0.5559999942779541 -0.15299999713897705 141.0
-3.007999897003174 0.5220000147819519 -0.04600000008940697 81.0
-2.994999885559082 0.546999990940094 -0.367000013589859 113.0
-2.996999979019165 0.515999972820282 -0.2549999952316284 139.0
-2.999000072479248 0.48500001430511475 -0.15199999511241913 148.0
-3.013000011444092 0.45399999618530273 -0.04500000178813934 94.0
-3.003000020980835 0.4740000069141388 -0.3659999966621399 109.0
-3.0 0.4440000057220459 -0.2540000081062317 109.0
-3.0139999389648438 0.41600000858306885 -0.1509999930858612 78.0
-3.013000011444092 0.38499999046325684 -0.0430000014603138 97.0
-3.007999897003174 0.4009999930858612 -0.36500000953674316 60.0
-3.01200008392334 0.37299999594688416 -0.2540000081062317 70.0
-3.015000104904175 0.34599998593330383 -0.15000000596046448 94.0
-3.0190000534057617 0.31700000166893005 -0.041999999433755875 150.0
-3.0139999389648438 0.3269999921321869 -0.36500000953674316 62.0
-3.0169999599456787 0.3019999861717224 -0.2529999911785126 72.0
-3.0220000743865967 0.2770000100135803 -0.14900000393390656 111.0
-3.0339999198913574 0.25 -0.041999999433755875 150.0
-3.0230000019073486 0.2549999952316284 -0.36500000953674316 53.0
-3.0209999084472656 0.23000000417232513 -0.25200000405311584 55.0
-3.0269999504089355 0.2070000022649765 -0.14900000393390656 77.0
-3.0290000438690186 0.18199999630451202 -0.04100000113248825 150.0
-3.0380001068115234 0.18199999630451202 -0.36500000953674316 6.0
-3.0339999198913574 0.1599999964237213 -0.25200000405311584 3.0
0.0 0.0 0.0 0.0
0.0 0.0 0.0 0.0
0.0 0.0 0.0 0.0
0.0 0.0 0.0 0.0
0.0 0.0 0.0 0.0
0.0 0.0 0.0 0.0
0.0 0.0 0.0 0.0
0.0 0.0 0.0 0.0
-3.0460000038146973 -0.0010000000474974513 -0.1469999998807907 0.0
-3.0490000247955322 -0.020999999716877937 -0.039000000804662704 6.0
-3.0480000972747803 -0.035999998450279236 -0.36399999260902405 14.0
-3.0360000133514404 -0.05299999937415123 -0.25 30.0
-3.0409998893737793 -0.07100000232458115 -0.1469999998807907 46.0
-3.0420000553131104 -0.08900000154972076 -0.03799999877810478 56.0
-3.0429999828338623 -0.10999999940395355 -0.3630000054836273 60.0
-3.052999973297119 -0.12600000202655792 -0.25099998712539673 70.0
-3.052999973297119 -0.14100000262260437 -0.1469999998807907 74.0
-3.052999973297119 -0.15800000727176666 -0.03799999877810478 79.0
-3.055999994277954 -0.18400000035762787 -0.36399999260902405 64.0
-3.052999973297119 -0.19699999690055847 -0.25099998712539673 63.0
-3.056999921798706 -0.21199999749660492 -0.1469999998807907 67.0
-3.055999994277954 -0.22599999606609344 -0.03799999877810478 75.0
-3.059000015258789 -0.2590000033378601 -0.36399999260902405 62.0
-3.0510001182556152 -0.26899999380111694 -0.25099998712539673 66.0
-3.059000015258789 -0.28299999237060547 -0.1469999998807907 63.0
-3.055000066757202 -0.29600000381469727 -0.03700000047683716 72.0
-3.056999921798706 -0.3330000042915344 -0.36399999260902405 62.0
-3.059000015258789 -0.34299999475479126 -0.25099998712539673 66.0
-3.063999891281128 -0.3540000021457672 -0.1469999998807907 69.0
-3.058000087738037 -0.36500000953674316 -0.03700000047683716 72.0
-3.068000078201294 -0.4090000092983246 -0.36500000953674316 60.0
-3.065000057220459 -0.4169999957084656 -0.25200000405311584 66.0
-3.069000005722046 -0.4269999861717224 -0.1469999998807907 68.0
-3.069999933242798 -0.4359999895095825 -0.03700000047683716 70.0
-3.069999933242798 -0.48500001430511475 -0.3659999966621399 57.0
-3.072000026702881 -0.4909999966621399 -0.2529999911785126 64.0
-3.069000005722046 -0.49799999594688416 -0.1469999998807907 69.0
-3.072999954223633 -0.5070000290870667 -0.03799999877810478 69.0
-3.075000047683716 -0.5619999766349792 -0.3659999966621399 61.0
-3.072999954223633 -0.5659999847412109 -0.2529999911785126 66.0
-3.072999954223633 -0.5709999799728394 -0.14800000190734863 66.0
-3.072999954223633 -0.578000009059906 -0.03799999877810478 71.0
-3.0850000381469727 -0.640999972820282 -0.36800000071525574 57.0
-3.0769999027252197 -0.6420000195503235 -0.2540000081062317 62.0
-3.0810000896453857 -0.6470000147819519 -0.14800000190734863 68.0
-3.0799999237060547 -0.6499999761581421 -0.03799999877810478 65.0
-3.0869998931884766 -0.7200000286102295 -0.36899998784065247 55.0
-3.0869998931884766 -0.7200000286102295 -0.2549999952316284 63.0
-3.0920000076293945 -0.7239999771118164 -0.15000000596046448 66.0
-3.0889999866485596 -0.7250000238418579 -0.039000000804662704 68.0
-3.0859999656677246 -0.7979999780654907 -0.36899998784065247 58.0
-3.0920000076293945 -0.7979999780654907 -0.25600001215934753 64.0
-3.0929999351501465 -0.7990000247955322 -0.15000000596046448 64.0
-3.0929999351501465 -0.7990000247955322 -0.039000000804662704 67.0
-3.0920000076293945 -0.8799999952316284 -0.3709999918937683 56.0
-3.1040000915527344 -0.8790000081062317 -0.257999986410141 75.0
-3.0989999771118164 -0.8769999742507935 -0.1509999930858612 62.0
-3.0950000286102295 -0.8740000128746033 -0.03999999910593033 64.0
-3.1050000190734863 -0.9639999866485596 -0.37400001287460327 66.0
-3.1040000915527344 -0.9589999914169312 -0.2590000033378601 74.0
-3.1029999256134033 -0.9549999833106995 -0.15199999511241913 65.0
-3.1019999980926514 -0.9509999752044678 -0.04100000113248825 76.0
-3.1089999675750732 -1.0490000247955322 -0.375 64.0
-3.1059999465942383 -1.0399999618530273 -0.25999999046325684 65.0
-3.109999895095825 -1.0360000133514404 -0.15399999916553497 67.0
-3.1029999256134033 -1.027999997138977 -0.041999999433755875 77.0
-3.11899995803833 -1.1360000371932983 -0.3779999911785126 56.0
-3.115000009536743 -1.1260000467300415 -0.2619999945163727 62.0
-3.1110000610351562 -1.1169999837875366 -0.1550000011920929 66.0
-3.115000009536743 -1.1100000143051147 -0.0430000014603138 76.0
-3.125 -1.2239999771118164 -0.3799999952316284 60.0
-3.115999937057495 -1.2089999914169312 -0.2639999985694885 60.0
-3.121000051498413 -1.2020000219345093 -0.15700000524520874 65.0
-3.119999885559082 -1.190999984741211 -0.04399999976158142 66.0
-3.127000093460083 -1.312000036239624 -0.38199999928474426 53.0
-3.125999927520752 -1.2979999780654907 -0.26600000262260437 56.0
-3.128999948501587 -1.2879999876022339 -0.15800000727176666 62.0
-3.121000051498413 -1.2730000019073486 -0.04600000008940697 67.0
-3.132999897003174 -1.4040000438690186 -0.3840000033378601 55.0
-3.127000093460083 -1.3860000371932983 -0.2680000066757202 57.0
-3.128000020980835 -1.371999979019165 -0.1599999964237213 56.0
-3.130000114440918 -1.3589999675750732 -0.04699999839067459 59.0
-3.135999917984009 -1.496000051498413 -0.3869999945163727 50.0
-3.132999897003174 -1.4769999980926514 -0.27000001072883606 57.0
-3.134999990463257 -1.4620000123977661 -0.16200000047683716 62.0
-3.132999897003174 -1.444000005722046 -0.04899999871850014 59.0
-3.1449999809265137 -1.5950000286102295 -0.38999998569488525 25.0
-2.302000045776367 -1.1510000228881836 -0.20000000298023224 4.0
-2.309000015258789 -1.1419999599456787 -0.12099999934434891 3.0
-2.309999942779541 -1.128000020980835 -0.03700000047683716 13.0
-3.1029999256134033 -1.6679999828338623 -0.3869999945163727 9.0
-2.24399995803833 -1.1890000104904175 -0.19599999487400055 4.0
-2.259999990463257 -1.1829999685287476 -0.11999999731779099 6.0
-2.2829999923706055 -1.1790000200271606 -0.03799999877810478 8.0
-2.941999912261963 -1.6740000247955322 -0.3700000047683716 36.0
-2.9800000190734863 -1.6699999570846558 -0.2630000114440918 34.0
-3.0179998874664307 -1.6699999570846558 -0.16200000047683716 34.0
-3.056999921798706 -1.6660000085830688 -0.05400000140070915 19.0
-2.7920000553131104 -1.6790000200271606 -0.3540000021457672 34.0
-2.8359999656677246 -1.6790000200271606 -0.2529999911785126 38.0
-2.878000020980835 -1.6790000200271606 -0.15700000524520874 35.0
-2.9159998893737793 -1.6749999523162842 -0.05299999937415123 37.0
-2.6619999408721924 -1.687999963760376 -0.3400000035762787 38.0
-2.697000026702881 -1.6829999685287476 -0.24300000071525574 36.0
-2.7330000400543213 -1.6799999475479126 -0.1509999930858612 36.0
-2.7780001163482666 -1.6790000200271606 -0.05299999937415123 37.0
-2.5360000133514404 -1.6950000524520874 -0.32600000500679016 39.0
-2.568000078201294 -1.6859999895095825 -0.23399999737739563 39.0
-2.6050000190734863 -1.684999942779541 -0.1459999978542328 38.0
-2.6570000648498535 -1.6890000104904175 -0.05299999937415123 36.0
-2.4130001068115234 -1.6970000267028809 -0.31299999356269836 39.0
-2.4570000171661377 -1.6979999542236328 -0.22599999606609344 41.0
-2.496999979019165 -1.6970000267028809 -0.14300000667572021 42.0
-2.5339999198913574 -1.6920000314712524 -0.05299999937415123 43.0
-2.309000015258789 -1.7070000171661377 -0.30300000309944153 45.0
-2.3420000076293945 -1.7000000476837158 -0.21799999475479126 46.0
-2.380000114440918 -1.6990000009536743 -0.13899999856948853 47.0
-2.427000045776367 -1.7000000476837158 -0.05299999937415123 42.0
-2.203000068664551 -1.7130000591278076 -0.2919999957084656 52.0
-2.239000082015991 -1.7070000171661377 -0.21199999749660492 50.0
-2.2780001163482666 -1.7059999704360962 -0.13500000536441803 47.0
-2.321000099182129 -1.7059999704360962 -0.05299999937415123 50.0
-2.1040000915527344 -1.718000054359436 -0.28200000524520874 53.0
-2.1410000324249268 -1.7139999866485596 -0.20499999821186066 53.0
-2.187000036239624 -1.718000054359436 -0.13199999928474426 50.0
-2.2209999561309814 -1.7100000381469727 -0.05299999937415123 45.0
-2.013000011444092 -1.725000023841858 -0.27300000190734863 52.0
-2.052999973297119 -1.7230000495910645 -0.20000000298023224 51.0
-2.0889999866485596 -1.7200000286102295 -0.1289999932050705 50.0
-2.131999969482422 -1.718999981880188 -0.05400000140070915 52.0
-1.9270000457763672 -1.7330000400543213 -0.2639999985694885 56.0
-1.9630000591278076 -1.7280000448226929 -0.1940000057220459 52.0
-2.005000114440918 -1.7289999723434448 -0.12700000405311584 53.0
-2.0409998893737793 -1.7230000495910645 -0.05400000140070915 50.0
-1.8389999866485596 -1.7339999675750732 -0.25600001215934753 59.0
-1.8799999952316284 -1.7339999675750732 -0.1889999955892563 62.0
-1.9179999828338623 -1.7330000400543213 -0.12399999797344208 61.0
-1.9559999704360962 -1.7280000448226929 -0.054999999701976776 53.0
-1.7510000467300415 -1.7319999933242798 -0.24699999392032623 35.0
-1.7970000505447388 -1.7359999418258667 -0.18299999833106995 46.0
-1.8350000381469727 -1.7359999418258667 -0.12200000137090683 55.0
-1.8769999742507935 -1.7359999418258667 -0.054999999701976776 61.0
0.0 0.0 0.0 0.0
0.0 0.0 0.0 0.0
-1.7510000467300415 -1.7339999675750732 -0.11900000274181366 40.0
-1.7979999780654907 -1.7389999628067017 -0.0560000017285347 51.0
0.0 0.0 0.0 0.0
0.0 0.0 0.0 0.0
0.0 0.0 0.0 0.0
0.0 0.0 0.0 0.0
0.0 0.0 0.0 0.0
0.0 0.0 0.0 0.0
0.0 0.0 0.0 0.0
0.0 0.0 0.0 0.0
0.0 0.0 0.0 0.0
0.0 0.0 0.0 0.0
0.0 0.0 0.0 0.0
0.0 0.0 0.0 0.0
0.0 0.0 0.0 0.0
0.0 0.0 0.0 0.0
0.0 0.0 0.0 0.0
0.0 0.0 0.0 0.0
0.0 0.0 0.0 0.0
0.0 0.0 0.0 0.0
0.0 0.0 0.0 0.0
0.0 0.0 0.0 0.0
0.0 0.0 0.0 0.0
0.0 0.0 0.0 0.0
0.0 0.0 0.0 0.0
0.0 0.0 0.0 0.0
0.0 0.0 0.0 0.0
0.0 0.0 0.0 0.0
0.0 0.0 0.0 0.0
0.0 0.0 0.0 0.0
0.0 0.0 0.0 0.0
0.0 0.0 0.0 0.0
0.0 0.0 0.0 0.0
0.0 0.0 0.0 0.0
0.0 0.0 0.0 0.0
0.0 0.0 0.0 0.0
0.0 0.0 0.0 0.0
0.0 0.0 0.0 0.0
0.0 0.0 0.0 0.0
0.0 0.0 0.0 0.0
0.0 0.0 0.0 0.0
0.0 0.0 0.0 0.0
0.0 0.0 0.0 0.0
-0.9760000109672546 -1.6959999799728394 -0.13500000536441803 4.0
0.0 0.0 0.0 0.0
0.0 0.0 0.0 0.0
-0.9100000262260437 -1.7359999418258667 -0.17100000381469727 22.0
-0.9359999895095825 -1.7170000076293945 -0.13500000536441803 16.0
0.0 0.0 0.0 0.0
0.0 0.0 0.0 0.0
-0.8560000061988831 -1.7319999933242798 -0.16599999368190765 23.0
-0.8949999809265137 -1.7380000352859497 -0.1340000033378601 23.0
-0.9290000200271606 -1.7369999885559082 -0.10199999809265137 18.0
0.0 0.0 0.0 0.0
-0.8100000023841858 -1.7400000095367432 -0.16300000250339508 23.0
-0.8420000076293945 -1.7309999465942383 -0.13099999725818634 23.0
-0.8809999823570251 -1.7430000305175781 -0.10100000351667404 24.0
-0.9150000214576721 -1.7350000143051147 -0.06800000369548798 18.0
-0.7609999775886536 -1.7419999837875366 -0.1599999964237213 25.0
-0.796999990940094 -1.7419999837875366 -0.12999999523162842 23.0
-0.8309999704360962 -1.7419999837875366 -0.10100000351667404 23.0
-0.8690000176429749 -1.7419999837875366 -0.0689999982714653 27.0
-0.7160000205039978 -1.7480000257492065 -0.15700000524520874 27.0
-0.746999979019165 -1.7369999885559082 -0.12700000405311584 26.0
-0.7850000262260437 -1.746000051498413 -0.10100000351667404 26.0
-0.8190000057220459 -1.7410000562667847 -0.07100000232458115 23.0
-0.6700000166893005 -1.7519999742507935 -0.15299999713897705 26.0
-0.7039999961853027 -1.7489999532699585 -0.12600000202655792 27.0
-0.7369999885559082 -1.7489999532699585 -0.10000000149011612 25.0
-0.7739999890327454 -1.746000051498413 -0.07199999690055847 27.0
-0.6230000257492065 -1.753000020980835 -0.15000000596046448 26.0
-0.6570000052452087 -1.75 -0.125 25.0
-0.6919999718666077 -1.753000020980835 -0.10000000149011612 26.0
-0.7260000109672546 -1.746000051498413 -0.0729999989271164 25.0
-0.578000009059906 -1.75600004196167 -0.1469999998807907 26.0
-0.6129999756813049 -1.753999948501587 -0.12300000339746475 26.0
-0.6470000147819519 -1.7569999694824219 -0.10000000149011612 26.0
-0.6840000152587891 -1.753999948501587 -0.07500000298023224 27.0
-0.5329999923706055 -1.7580000162124634 -0.14399999380111694 27.0
-0.5680000185966492 -1.75600004196167 -0.12200000137090683 28.0
-0.6019999980926514 -1.75600004196167 -0.10000000149011612 27.0
-0.6380000114440918 -1.75600004196167 -0.07699999958276749 26.0
-0.4909999966621399 -1.7669999599456787 -0.1420000046491623 29.0
-0.5249999761581421 -1.7619999647140503 -0.12099999934434891 29.0
-0.5590000152587891 -1.7640000581741333 -0.10100000351667404 28.0
-0.5929999947547913 -1.75600004196167 -0.07800000160932541 27.0
-0.4490000009536743 -1.7740000486373901 -0.14000000059604645 27.0
-0.48100000619888306 -1.7619999647140503 -0.11900000274181366 27.0
-0.5139999985694885 -1.7630000114440918 -0.10100000351667404 31.0
-0.550000011920929 -1.7599999904632568 -0.07999999821186066 27.0
-0.40299999713897705 -1.7669999599456787 -0.13600000739097595 28.0
-0.43799999356269836 -1.7649999856948853 -0.11800000071525574 29.0
-0.4729999899864197 -1.7719999551773071 -0.10100000351667404 28.0
-0.5080000162124634 -1.7680000066757202 -0.0820000022649765 31.0
-0.3610000014305115 -1.7690000534057617 -0.1340000033378601 28.0
-0.39500001072883606 -1.7649999856948853 -0.11699999868869781 29.0
-0.42800000309944153 -1.7669999599456787 -0.10100000351667404 26.0
-0.4650000035762787 -1.7690000534057617 -0.08299999684095383 29.0
-0.3179999887943268 -1.7680000066757202 -0.13099999725818634 28.0
-0.35199999809265137 -1.7660000324249268 -0.11599999666213989 28.0
-0.3869999945163727 -1.7740000486373901 -0.10199999809265137 30.0
-0.4230000078678131 -1.7710000276565552 -0.08500000089406967 29.0
-0.2759999930858612 -1.774999976158142 -0.1289999932050705 28.0
-0.3100000023841858 -1.7710000276565552 -0.11500000208616257 29.0
-0.3440000116825104 -1.7719999551773071 -0.10199999809265137 30.0
-0.3790000081062317 -1.7680000066757202 -0.08699999749660492 31.0
-0.23399999737739563 -1.7760000228881836 -0.12600000202655792 26.0
-0.27000001072883606 -1.7799999713897705 -0.11400000005960464 30.0
-0.3019999861717224 -1.7740000486373901 -0.10199999809265137 26.0
-0.33799999952316284 -1.774999976158142 -0.08900000154972076 30.0
-0.19200000166893005 -1.774999976158142 -0.12399999797344208 23.0
-0.22699999809265137 -1.7769999504089355 -0.11299999803304672 24.0
-0.25999999046325684 -1.7790000438690186 -0.10300000011920929 28.0
-0.29600000381469727 -1.774999976158142 -0.09099999815225601 27.0
0.0 0.0 0.0 0.0
-0.1850000023841858 -1.7699999809265137 -0.1120000034570694 23.0
-0.21799999475479126 -1.7710000276565552 -0.10300000011920929 24.0
-0.2549999952316284 -1.7790000438690186 -0.09300000220537186 27.0
0.0 0.0 0.0 0.0
0.0 0.0 0.0 0.0
0.0 0.0 0.0 0.0
-0.21199999749660492 -1.7690000534057617 -0.09399999678134918 23.0
0.0 0.0 0.0 0.0
0.0 0.0 0.0 0.0
0.0 0.0 0.0 0.0
0.0 0.0 0.0 0.0
0.0 0.0 0.0 0.0
0.0 0.0 0.0 0.0
0.0 0.0 0.0 0.0
0.0 0.0 0.0 0.0
0.0 0.0 0.0 0.0
0.0 0.0 0.0 0.0
0.0 0.0 0.0 0.0
0.0 0.0 0.0 0.0
0.0 0.0 0.0 0.0
0.0 0.0 0.0 0.0
0.0 0.0 0.0 0.0
0.0 0.0 0.0 0.0
0.0 0.0 0.0 0.0
0.0 0.0 0.0 0.0
0.0 0.0 0.0 0.0
0.0 0.0 0.0 0.0
0.0 0.0 0.0 0.0
0.0 0.0 0.0 0.0
0.0 0.0 0.0 0.0
0.0 0.0 0.0 0.0
0.0 0.0 0.0 0.0
0.0 0.0 0.0 0.0
0.0 0.0 0.0 0.0
0.0 0.0 0.0 0.0
0.0 0.0 0.0 0.0
0.0 0.0 0.0 0.0
0.0 0.0 0.0 0.0
0.0 0.0 0.0 0.0
0.0 0.0 0.0 0.0
0.0 0.0 0.0 0.0
0.0 0.0 0.0 0.0
0.0 0.0 0.0 0.0
0.30799999833106995 -1.7999999523162842 -0.10300000011920929 24.0
0.0 0.0 0.0 0.0
0.0 0.0 0.0 0.0
0.0 0.0 0.0 0.0
0.35100001096725464 -1.8020000457763672 -0.10100000351667404 30.0
0.3149999976158142 -1.8029999732971191 -0.1080000028014183 28.0
0.0 0.0 0.0 0.0
0.0 0.0 0.0 0.0
0.3970000147819519 -1.812000036239624 -0.10000000149011612 29.0
0.36000001430511475 -1.8070000410079956 -0.10899999737739563 24.0
0.0 0.0 0.0 0.0
0.0 0.0 0.0 0.0
0.4399999976158142 -1.812000036239624 -0.0989999994635582 31.0
0.40400001406669617 -1.8109999895095825 -0.10899999737739563 27.0
0.3700000047683716 -1.8109999895095825 -0.11800000071525574 22.0
0.0 0.0 0.0 0.0
0.4860000014305115 -1.819000005722046 -0.09799999743700027 27.0
0.4480000138282776 -1.8109999895095825 -0.10899999737739563 31.0
0.414000004529953 -1.8109999895095825 -0.11999999731779099 27.0
0.37599998712539673 -1.809000015258789 -0.13099999725818634 21.0
0.531000018119812 -1.8179999589920044 -0.09600000083446503 27.0
0.49399998784065247 -1.8170000314712524 -0.10999999940395355 26.0
0.45899999141693115 -1.815999984741211 -0.12200000137090683 27.0
0.421999990940094 -1.815999984741211 -0.13500000536441803 25.0
0.578000009059906 -1.8220000267028809 -0.0949999988079071 27.0
0.5379999876022339 -1.812000036239624 -0.10899999737739563 27.0
0.5049999952316284 -1.819000005722046 -0.12399999797344208 29.0
0.4659999907016754 -1.8140000104904175 -0.1379999965429306 30.0
0.6259999871253967 -1.8259999752044678 -0.09399999678134918 26.0
0.5870000123977661 -1.8220000267028809 -0.10999999940395355 26.0
0.5529999732971191 -1.8250000476837158 -0.12600000202655792 28.0
0.5130000114440918 -1.8200000524520874 -0.14100000262260437 28.0
0.6700000166893005 -1.819000005722046 -0.09300000220537186 25.0
0.6340000033378601 -1.8229999542236328 -0.11100000143051147 27.0
0.6010000109672546 -1.8300000429153442 -0.12800000607967377 27.0
0.5609999895095825 -1.8240000009536743 -0.14499999582767487 27.0
0.7210000157356262 -1.8259999752044678 -0.09200000017881393 22.0
0.6809999942779541 -1.8209999799728394 -0.11100000143051147 24.0
0.6489999890327454 -1.8309999704360962 -0.12999999523162842 28.0
0.6100000143051147 -1.8300000429153442 -0.14900000393390656 28.0
0.7710000276565552 -1.8289999961853027 -0.09099999815225601 25.0
0.7329999804496765 -1.8309999704360962 -0.1120000034570694 24.0
0.6949999928474426 -1.8240000009536743 -0.13199999928474426 24.0
0.6570000052452087 -1.8270000219345093 -0.15299999713897705 29.0
0.824999988079071 -1.840000033378601 -0.09099999815225601 25.0
0.7829999923706055 -1.8300000429153442 -0.11299999803304672 26.0
0.7480000257492065 -1.8329999446868896 -0.13500000536441803 22.0
0.7070000171661377 -1.8289999961853027 -0.15700000524520874 25.0
0.875 -1.8370000123977661 -0.08900000154972076 23.0
0.8349999785423279 -1.8350000381469727 -0.11400000005960464 25.0
0.7979999780654907 -1.8329999446868896 -0.13699999451637268 25.0
0.7580000162124634 -1.8329999446868896 -0.16099999845027924 27.0
0.9490000009536743 -1.8799999952316284 -0.09099999815225601 69.0
0.890999972820282 -1.843000054359436 -0.11500000208616257 22.0
0.8529999852180481 -1.8420000076293945 -0.14000000059604645 26.0
0.8130000233650208 -1.8420000076293945 -0.16599999368190765 26.0
1.0110000371932983 -1.8960000276565552 -0.09000000357627869 58.0
0.9620000123977661 -1.878000020980835 -0.11800000071525574 76.0
0.9169999957084656 -1.8639999628067017 -0.14399999380111694 32.0
0.8640000224113464 -1.8389999866485596 -0.17000000178813934 25.0
1.069000005722046 -1.8990000486373901 -0.09000000357627869 56.0
1.0260000228881836 -1.8940000534057617 -0.11999999731779099 58.0
0.984000027179718 -1.8880000114440918 -0.14900000393390656 64.0
0.9380000233650208 -1.88100004196167 -0.17900000512599945 63.0
1.1269999742507935 -1.8990000486373901 -0.08900000154972076 57.0
1.0839999914169312 -1.8960000276565552 -0.12200000137090683 55.0
1.0449999570846558 -1.8960000276565552 -0.15299999713897705 57.0
1.003000020980835 -1.8960000276565552 -0.1850000023841858 58.0
1.190000057220459 -1.9049999713897705 -0.08799999952316284 53.0
1.1460000276565552 -1.9010000228881836 -0.12300000339746475 56.0
1.1069999933242798 -1.9019999504089355 -0.15600000321865082 65.0
1.0640000104904175 -1.902999997138977 -0.19099999964237213 65.0
0.8019999861717224 -1.2200000286102295 -0.0560000017285347 22.0
0.8410000205039978 -1.3259999752044678 -0.08699999749660492 159.0
1.1690000295639038 -1.9049999713897705 -0.1599999964237213 60.0
1.1260000467300415 -1.9049999713897705 -0.19699999690055847 57.0
0.0 0.0 0.0 0.0
0.0 0.0 0.0 0.0
0.8050000071525574 -1.246000051498413 -0.10700000077486038 91.0
1.187999963760376 -1.906000018119812 -0.2029999941587448 58.0
0.9259999990463257 -1.2799999713897705 -0.057999998331069946 21.0
0.8159999847412109 -1.1640000343322754 -0.07800000160932541 6.0
0.0 0.0 0.0 0.0
0.8180000185966492 -1.246999979019165 -0.13600000739097595 10.0
0.0 0.0 0.0 0.0
0.0 0.0 0.0 0.0
0.8259999752044678 -1.156000018119812 -0.10300000011920929 61.0
0.0 0.0 0.0 0.0
0.0 0.0 0.0 0.0
0.0 0.0 0.0 0.0
0.0 0.0 0.0 0.0
0.0 0.0 0.0 0.0
1.6130000352859497 -1.937000036239624 -0.08699999749660492 63.0
0.0 0.0 0.0 0.0
0.0 0.0 0.0 0.0
0.0 0.0 0.0 0.0
1.6920000314712524 -1.940000057220459 -0.0860000029206276 54.0
1.6349999904632568 -1.9279999732971191 -0.13699999451637268 87.0
0.0 0.0 0.0 0.0
0.0 0.0 0.0 0.0
1.7680000066757202 -1.937000036239624 -0.0860000029206276 39.0
1.715999960899353 -1.9299999475479126 -0.14000000059604645 88.0
1.6679999828338623 -1.9259999990463257 -0.19099999964237213 92.0
0.0 0.0 0.0 0.0
1.8589999675750732 -1.9459999799728394 -0.0860000029206276 49.0
1.8020000457763672 -1.9359999895095825 -0.14300000667572021 75.0
1.7519999742507935 -1.9299999475479126 -0.19599999487400055 82.0
1.7059999704360962 -1.9329999685287476 -0.2540000081062317 78.0
1.9490000009536743 -1.9500000476837158 -0.0860000029206276 42.0
1.8899999856948853 -1.9390000104904175 -0.1459999978542328 79.0
1.840999960899353 -1.934999942779541 -0.2029999941587448 74.0
1.7899999618530273 -1.9329999685287476 -0.2630000114440918 76.0
2.0420000553131104 -1.9529999494552612 -0.0860000029206276 45.0
1.9839999675750732 -1.944000005722046 -0.14900000393390656 74.0
1.934000015258789 -1.9390000104904175 -0.20900000631809235 70.0
1.8849999904632568 -1.940999984741211 -0.27300000190734863 81.0
2.1429998874664307 -1.9579999446868896 -0.08699999749660492 44.0
2.078000068664551 -1.9450000524520874 -0.15299999713897705 68.0
2.0280001163482666 -1.940999984741211 -0.2150000035762787 70.0
1.9780000448226929 -1.940999984741211 -0.28299999237060547 70.0
2.249000072479248 -1.9639999866485596 -0.08699999749660492 37.0
2.200000047683716 -1.965000033378601 -0.15800000727176666 37.0
2.134999990463257 -1.9490000009536743 -0.22300000488758087 65.0
2.0810000896453857 -1.9470000267028809 -0.2939999997615814 68.0
2.367000102996826 -1.975000023841858 -0.08799999952316284 16.0
2.312000036239624 -1.972000002861023 -0.16200000047683716 43.0
2.259999990463257 -1.968000054359436 -0.2329999953508377 44.0
2.2049999237060547 -1.9670000076293945 -0.30799999833106995 43.0
2.486999988555908 -1.9819999933242798 -0.08900000154972076 35.0
2.4140000343322754 -1.965000033378601 -0.16599999368190765 56.0
2.361999988555908 -1.9620000123977661 -0.23999999463558197 40.0
2.321000099182129 -1.972000002861023 -0.3199999928474426 50.0
2.621999979019165 -1.9950000047683716 -0.09000000357627869 22.0
2.5380001068115234 -1.9709999561309814 -0.17100000381469727 49.0
2.486999988555908 -1.968000054359436 -0.24899999797344208 53.0
2.427000045776367 -1.965000033378601 -0.3319999873638153 55.0
2.757999897003174 -2.000999927520752 -0.09099999815225601 34.0
2.677999973297119 -1.9830000400543213 -0.1770000010728836 49.0
2.619999885559082 -1.9759999513626099 -0.2590000033378601 55.0
2.565000057220459 -1.9769999980926514 -0.34700000286102295 62.0
2.9040000438690186 -2.009000062942505 -0.09200000017881393 32.0
2.821000099182129 -1.9889999628067017 -0.18299999833106995 43.0
2.7679998874664307 -1.9880000352859497 -0.2709999978542328 43.0
2.7079999446868896 -1.9850000143051147 -0.36399999260902405 47.0
3.061000108718872 -2.0179998874664307 -0.09399999678134918 33.0
2.997999906539917 -2.013000011444092 -0.19099999964237213 35.0
2.9100000858306885 -1.9880000352859497 -0.2809999883174896 37.0
2.8559999465942383 -1.9910000562667847 -0.3799999952316284 45.0
3.242000102996826 -2.0350000858306885 -0.09600000083446503 47.0
3.1389999389648438 -2.005000114440918 -0.19699999690055847 51.0
3.1019999980926514 -2.0139999389648438 -0.296999990940094 49.0
3.0390000343322754 -2.013000011444092 -0.4020000100135803 32.0
3.440999984741211 -2.052000045776367 -0.09799999743700027 42.0
3.367000102996826 -2.0439999103546143 -0.20800000429153442 43.0
3.306999921798706 -2.0390000343322754 -0.31299999356269836 43.0
3.240999937057495 -2.0360000133514404 -0.4259999990463257 47.0
2.3269999027252197 -1.3179999589920044 -0.06400000303983688 15.0
3.5810000896453857 -2.062000036239624 -0.21799999475479126 15.0
3.506999969482422 -2.0510001182556152 -0.32899999618530273 39.0
3.450000047683716 -2.053999900817871 -0.44999998807907104 40.0
3.88700008392334 -2.0869998931884766 -0.10400000214576721 12.0
3.813999891281128 -2.0799999237060547 -0.2290000021457672 12.0
3.744999885559082 -2.072999954223633 -0.3490000069141388 12.0
3.6689999103546143 -2.065999984741211 -0.47600001096725464 22.0
4.119999885559082 -2.0940001010894775 -0.10700000077486038 34.0
4.041999816894531 -2.0850000381469727 -0.23999999463558197 33.0
3.9800000190734863 -2.0810000896453857 -0.36800000071525574 35.0
3.9079999923706055 -2.0789999961853027 -0.5040000081062317 39.0
4.401000022888184 -2.114000082015991 -0.11100000143051147 23.0
4.323999881744385 -2.1059999465942383 -0.2540000081062317 35.0
4.256999969482422 -2.1010000705718994 -0.38999998569488525 32.0
4.185999870300293 -2.0980000495910645 -0.5370000004768372 31.0
4.697000026702881 -2.128000020980835 -0.11500000208616257 12.0
4.617000102996826 -2.119999885559082 -0.2680000066757202 24.0
4.553999900817871 -2.117000102996826 -0.41499999165534973 25.0
4.492000102996826 -2.118000030517578 -0.5740000009536743 26.0
5.056000232696533 -2.1559998989105225 -0.12099999934434891 12.0
4.96999979019165 -2.1449999809265137 -0.2849999964237213 12.0
4.9029998779296875 -2.1410000324249268 -0.4440000057220459 11.0
4.829999923706055 -2.138000011444092 -0.6150000095367432 19.0
5.419000148773193 -2.1689999103546143 -0.12600000202655792 98.0
5.369999885559082 -2.1730000972747803 -0.3059999942779541 30.0
5.288000106811523 -2.1610000133514404 -0.47600001096725464 20.0
5.22599983215332 -2.1649999618530273 -0.6629999876022339 21.0
5.676000118255615 -2.125 -0.1289999932050705 77.0
5.669000148773193 -2.1440000534057617 -0.3199999928474426 91.0
5.659999847412109 -2.1600000858306885 -0.5070000290870667 70.0
5.639999866485596 -2.177999973297119 -0.7129999995231628 24.0
5.679999828338623 -1.9830000400543213 -0.12600000202655792 58.0
5.668000221252441 -1.9950000047683716 -0.31700000166893005 65.0
5.670000076293945 -2.013000011444092 -0.5059999823570251 63.0
5.668000221252441 -2.0339999198913574 -0.7139999866485596 62.0
5.686999797821045 -1.8420000076293945 -0.12399999797344208 61.0
5.678999900817871 -1.8539999723434448 -0.3149999976158142 63.0
5.684000015258789 -1.8680000305175781 -0.5049999952316284 65.0
5.675000190734863 -1.8839999437332153 -0.7139999866485596 61.0
5.623000144958496 -1.6829999685287476 -0.11999999731779099 21.0
5.682000160217285 -1.7109999656677246 -0.31299999356269836 65.0
5.689000129699707 -1.7230000495910645 -0.503000020980835 62.0
5.684000015258789 -1.7350000143051147 -0.7129999995231628 64.0
5.632999897003174 -1.5490000247955322 -0.11800000071525574 21.0
5.692999839782715 -1.5729999542236328 -0.31200000643730164 61.0
5.691999912261963 -1.5779999494552612 -0.5019999742507935 66.0
5.695000171661377 -1.5880000591278076 -0.7129999995231628 60.0
5.61299991607666 -1.409999966621399 -0.11500000208616257 32.0
5.704999923706055 -1.434999942779541 -0.3109999895095825 65.0
5.698999881744385 -1.4359999895095825 -0.5009999871253967 66.0
5.703000068664551 -1.4429999589920044 -0.7129999995231628 66.0
5.716000080108643 -1.2999999523162842 -0.11599999666213989 66.0
5.718999862670898 -1.2999999523162842 -0.3100000023841858 62.0
5.708000183105469 -1.2960000038146973 -0.5009999871253967 66.0
5.709000110626221 -1.2990000247955322 -0.7129999995231628 64.0
5.724999904632568 -1.1670000553131104 -0.11400000005960464 66.0
5.7230000495910645 -1.1640000343322754 -0.3089999854564667 63.0
5.724999904632568 -1.159000039100647 -0.5009999871253967 67.0
5.7220001220703125 -1.159000039100647 -0.7149999737739563 66.0
5.728000164031982 -1.0360000133514404 -0.11299999803304672 66.0
5.730999946594238 -1.0290000438690186 -0.30799999833106995 64.0
5.723999977111816 -1.0199999809265137 -0.5009999871253967 67.0
5.7270002365112305 -1.0169999599456787 -0.7149999737739563 64.0
5.73799991607666 -0.906000018119812 -0.1120000034570694 71.0
5.736999988555908 -0.8939999938011169 -0.30799999833106995 71.0
5.738999843597412 -0.8840000033378601 -0.5019999742507935 71.0
5.732999801635742 -0.8740000128746033 -0.7160000205039978 65.0
5.74399995803833 -0.7749999761581421 -0.11100000143051147 78.0
5.743000030517578 -0.7609999775886536 -0.30799999833106995 75.0
5.744999885559082 -0.7459999918937683 -0.5019999742507935 74.0
5.738999843597412 -0.7329999804496765 -0.7170000076293945 65.0
5.742000102996826 -0.6439999938011169 -0.10999999940395355 100.0
5.745999813079834 -0.6259999871253967 -0.3070000112056732 87.0
5.751999855041504 -0.6100000143051147 -0.503000020980835 77.0
5.742000102996826 -0.5929999947547913 -0.7179999947547913 66.0
5.758999824523926 -0.5139999985694885 -0.10999999940395355 150.0
5.750999927520752 -0.49300000071525574 -0.3070000112056732 116.0
5.758999824523926 -0.4729999899864197 -0.503000020980835 84.0
5.758999824523926 -0.45500001311302185 -0.7210000157356262 67.0
5.760000228881836 -0.38499999046325684 -0.10999999940395355 150.0
5.757999897003174 -0.36000001430511475 -0.30799999833106995 150.0
5.76200008392334 -0.3370000123977661 -0.5040000081062317 83.0
5.76800012588501 -0.3149999976158142 -0.7229999899864197 42.0
5.76200008392334 -0.25600001215934753 -0.10999999940395355 150.0
5.763000011444092 -0.2290000021457672 -0.30799999833106995 150.0
5.761000156402588 -0.20100000500679016 -0.5040000081062317 150.0
5.755000114440918 -0.17599999904632568 -0.7229999899864197 150.0
3.4130001068115234 -0.07500000298023224 -0.06499999761581421 6.0
5.76200008392334 -0.09600000083446503 -0.30799999833106995 150.0
5.764999866485596 -0.06599999964237213 -0.5059999823570251 150.0
5.764999866485596 -0.035999998450279236 -0.7250000238418579 150.0
3.3980000019073486 0.0 -0.06400000303983688 35.0
3.305999994277954 0.019999999552965164 -0.1770000010728836 22.0
3.2869999408721924 0.03999999910593033 -0.289000004529953 24.0
5.77400016784668 0.10300000011920929 -0.7279999852180481 136.0
3.3550000190734863 0.07699999958276749 -0.06400000303983688 58.0
3.2679998874664307 0.09600000083446503 -0.17499999701976776 45.0
3.265000104904175 0.11699999868869781 -0.28700000047683716 25.0
5.7789998054504395 0.24300000071525574 -0.7310000061988831 123.0
3.3320000171661377 0.1509999930858612 -0.06400000303983688 72.0
3.3580000400543213 0.17599999904632568 -0.1809999942779541 25.0
5.808000087738037 0.3449999988079071 -0.5130000114440918 45.0
5.803999900817871 0.38600000739097595 -0.7369999885559082 67.0
3.3589999675750732 0.22699999809265137 -0.06499999761581421 34.0
5.806000232696533 0.4390000104904175 -0.3140000104904175 73.0
5.802000045776367 0.4819999933242798 -0.5139999985694885 73.0
5.804999828338623 0.5270000100135803 -0.7390000224113464 67.0
5.822999954223633 0.5260000228881836 -0.11299999803304672 65.0
5.804999828338623 0.5730000138282776 -0.3149999976158142 72.0
5.813000202178955 0.6209999918937683 -0.5180000066757202 73.0
5.815999984741211 0.6700000166893005 -0.7429999709129333 67.0
5.822000026702881 0.6570000052452087 -0.11500000208616257 68.0
5.828999996185303 0.7099999785423279 -0.3179999887943268 72.0
5.830999851226807 0.7630000114440918 -0.5210000276565552 72.0
5.822000026702881 0.8130000233650208 -0.746999979019165 67.0
5.822000026702881 0.7900000214576721 -0.11599999666213989 69.0
5.831999778747559 0.847000002861023 -0.3199999928474426 72.0
5.830999851226807 0.902999997138977 -0.5239999890327454 68.0
5.829999923706055 0.9599999785423279 -0.7519999742507935 68.0
5.835000038146973 0.925000011920929 -0.11800000071525574 68.0
5.841000080108643 0.9869999885559082 -0.3230000138282776 71.0
5.828999996185303 1.0449999570846558 -0.5260000228881836 69.0
5.834000110626221 1.1059999465942383 -0.7559999823570251 62.0
5.843999862670898 1.062000036239624 -0.11999999731779099 69.0
5.8470001220703125 1.128000020980835 -0.32499998807907104 73.0
5.841000080108643 1.1890000104904175 -0.5299999713897705 70.0
5.853000164031982 1.2580000162124634 -0.7620000243186951 61.0
5.8460001945495605 1.1979999542236328 -0.12099999934434891 68.0
5.85099983215332 1.2690000534057617 -0.328000009059906 73.0
5.8480000495910645 1.3359999656677246 -0.5339999794960022 70.0
5.861000061035156 1.4079999923706055 -0.7680000066757202 60.0
5.855999946594238 1.3389999866485596 -0.12399999797344208 69.0
5.860000133514404 1.4119999408721924 -0.3310000002384186 75.0
5.8470001220703125 1.4809999465942383 -0.5370000004768372 91.0
5.861999988555908 1.5609999895095825 -0.7720000147819519 59.0
5.85099983215332 1.4759999513626099 -0.12600000202655792 98.0
5.86299991607666 1.555999994277954 -0.33399999141693115 73.0
5.874000072479248 1.6360000371932983 -0.5429999828338623 70.0
5.88100004196167 1.718999981880188 -0.7799999713897705 59.0
5.869999885559082 1.621999979019165 -0.1289999932050705 88.0
5.873000144958496 1.7059999704360962 -0.33799999952316284 70.0
5.879000186920166 1.7879999876022339 -0.5479999780654907 69.0
5.883999824523926 1.875 -0.7850000262260437 57.0
5.876999855041504 1.7680000066757202 -0.13199999928474426 72.0
5.88100004196167 1.8550000190734863 -0.34200000762939453 70.0
5.889999866485596 1.9450000524520874 -0.5529999732971191 74.0
5.8979997634887695 2.0390000343322754 -0.7929999828338623 54.0
5.885000228881836 1.9149999618530273 -0.13500000536441803 73.0
5.835000038146973 1.9910000562667847 -0.34299999475479126 19.0
5.895999908447266 2.1019999980926514 -0.5580000281333923 73.0
5.910999774932861 2.2039999961853027 -0.8009999990463257 69.0
5.879000186920166 2.062000036239624 -0.1379999965429306 4.0
5.46999979019165 2.007999897003174 -0.32499998807907104 14.0
5.793000221252441 2.2219998836517334 -0.5529999732971191 58.0
5.335999965667725 2.138000011444092 -0.7279999852180481 70.0
5.34499979019165 2.009999990463257 -0.1289999932050705 15.0
5.236000061035156 2.061000108718872 -0.3149999976158142 80.0
5.453999996185303 2.240000009536743 -0.5260000228881836 66.0
5.260000228881836 2.256999969482422 -0.7239999771118164 74.0
5.239999771118164 2.1059999465942383 -0.12999999523162842 77.0
5.243000030517578 2.2039999961853027 -0.3190000057220459 75.0
5.166999816894531 2.2660000324249268 -0.503000020980835 21.0
5.070000171661377 2.322000026702881 -0.7039999961853027 63.0
5.247000217437744 2.247999906539917 -0.1340000033378601 64.0
5.0960001945495605 2.2820000648498535 -0.3140000104904175 44.0
5.066999912261963 2.367000102996826 -0.49799999594688416 69.0
5.077000141143799 2.4749999046325684 -0.7110000252723694 62.0
5.065999984741211 2.306999921798706 -0.13300000131130219 69.0
5.072000026702881 2.4140000343322754 -0.31700000166893005 69.0
5.074999809265137 2.5179998874664307 -0.5049999952316284 70.0
5.089000225067139 2.635999917984009 -0.7200000286102295 64.0
5.085000038146973 2.4539999961853027 -0.1379999965429306 64.0
5.085000038146973 2.565000057220459 -0.3230000138282776 70.0
5.0970001220703125 2.681999921798706 -0.5130000114440918 69.0
5.104000091552734 2.803999900817871 -0.7289999723434448 64.0
5.093999862670898 2.6029999256134033 -0.1420000046491623 41.0
5.091000080108643 2.7179999351501465 -0.328000009059906 68.0
5.099999904632568 2.8380000591278076 -0.5189999938011169 66.0
5.960000038146973 3.4630000591278076 -0.8610000014305115 45.0
5.099999904632568 2.753999948501587 -0.1469999998807907 66.0
4.021999835968018 2.2679998874664307 -0.2639999985694885 12.0
5.973999977111816 3.513000011444092 -0.6159999966621399 47.0
5.9730000495910645 3.6659998893737793 -0.871999979019165 43.0
3.989000082015991 2.2720000743865967 -0.11900000274181366 51.0
3.8499999046325684 2.2909998893737793 -0.25699999928474426 32.0
5.982999801635742 3.7109999656677246 -0.625 45.0
5.998000144958496 3.884000062942505 -0.8859999775886536 35.0
3.8269999027252197 2.2950000762939453 -0.11800000071525574 43.0
0.0 0.0 0.0 0.0
6.002999782562256 3.9210000038146973 -0.6349999904632568 47.0
6.010000228881836 4.098999977111816 -0.8989999890327454 36.0
3.6619999408721924 2.309999942779541 -0.11699999868869781 38.0
0.0 0.0 0.0 0.0
0.0 0.0 0.0 0.0
6.014999866485596 4.320000171661377 -0.9110000133514404 37.0
3.503000020980835 2.321000099182129 -0.11599999666213989 46.0
3.3580000400543213 2.3259999752044678 -0.2370000034570694 1.0
0.0 0.0 0.0 0.0
6.040999889373779 4.565000057220459 -0.9279999732971191 38.0
3.3550000190734863 2.3359999656677246 -0.11500000208616257 47.0
3.3610000610351562 2.446000099182129 -0.24199999868869781 10.0
0.0 0.0 0.0 0.0
6.046999931335449 4.803999900817871 -0.9419999718666077 38.0
3.2100000381469727 2.3440001010894775 -0.11400000005960464 57.0
3.0840001106262207 2.3559999465942383 -0.22599999606609344 62.0
3.1389999389648438 2.503000020980835 -0.3529999852180481 14.0
6.054999828338623 5.052999973297119 -0.9570000171661377 37.0
3.0739998817443848 2.3529999256134033 -0.11400000005960464 66.0
3.072000026702881 2.4609999656677246 -0.23100000619888306 35.0
6.059999942779541 5.072999954223633 -0.6940000057220459 40.0
6.065999984741211 5.314000129699707 -0.9739999771118164 40.0
3.072999954223633 2.4660000801086426 -0.11800000071525574 62.0
3.0980000495910645 2.6010000705718994 -0.23800000548362732 36.0
6.083000183105469 5.336999893188477 -0.7099999785423279 41.0
6.0920000076293945 5.599999904632568 -0.9940000176429749 42.0
3.0929999351501465 2.5989999771118164 -0.12399999797344208 75.0
3.1019999980926514 2.7290000915527344 -0.24400000274181366 43.0
6.090000152587891 5.605000019073486 -0.7239999771118164 42.0
6.104000091552734 5.88700008392334 -1.0130000114440918 41.0
3.1070001125335693 2.7330000400543213 -0.12999999523162842 55.0
6.091000080108643 5.617000102996826 -0.492000013589859 42.0
6.110000133514404 5.894000053405762 -0.7409999966621399 44.0
6.116000175476074 6.191999912261963 -1.0329999923706055 34.0
6.0920000076293945 5.609000205993652 -0.26600000262260437 42.0
6.105999946594238 5.900000095367432 -0.5059999823570251 39.0
6.127999782562256 6.198999881744385 -0.7580000162124634 36.0
6.130000114440918 6.513999938964844 -1.0549999475479126 36.0
6.120999813079834 5.89900016784668 -0.2800000011920929 44.0
6.13100004196167 6.203000068664551 -0.5220000147819519 40.0
6.146999835968018 6.520999908447266 -0.777999997138977 36.0
6.151000022888184 6.859000205993652 -1.0800000429153442 35.0
6.135000228881836 6.190000057220459 -0.2930000126361847 39.0
6.138999938964844 6.50600004196167 -0.5370000004768372 38.0
6.163000106811523 6.853000164031982 -0.796999990940094 37.0
6.183000087738037 7.236000061035156 -1.1080000400543213 34.0
6.145999908447266 6.489999771118164 -0.3070000112056732 40.0
6.156000137329102 6.835999965667725 -0.5540000200271606 38.0
6.190999984741211 7.218999862670898 -0.8199999928474426 36.0
6.197999954223633 7.617000102996826 -1.1349999904632568 35.0
6.163000106811523 6.809999942779541 -0.3230000138282776 34.0
6.185999870300293 7.192999839782715 -0.5740000009536743 37.0
6.202000141143799 7.585000038146973 -0.8429999947547913 36.0
6.223999977111816 8.029999732971191 -1.1660000085830688 35.0
6.183000087738037 7.1519999504089355 -0.33899998664855957 35.0
6.192999839782715 7.550000190734863 -0.5929999947547913 37.0
6.22599983215332 7.989999771118164 -0.8679999709129333 37.0
6.25600004196167 8.487000465393066 -1.2009999752044678 33.0
6.210000038146973 7.52400016784668 -0.3580000102519989 31.0
6.224999904632568 7.958000183105469 -0.6159999966621399 37.0
6.254000186920166 8.430000305175781 -0.8960000276565552 38.0
6.281000137329102 8.970999717712402 -1.2369999885559082 35.0
6.23199987411499 7.918000221252441 -0.3779999911785126 35.0
6.245999813079834 8.385000228881836 -0.6399999856948853 37.0
6.2789998054504395 8.89799976348877 -0.9269999861717224 19.0
6.270999908447266 9.427000045776367 -1.2680000066757202 37.0
6.248000144958496 8.326000213623047 -0.39899998903274536 33.0
3.3589999675750732 4.735000133514404 -0.3569999933242798 16.0
6.284999847412109 9.369999885559082 -0.9559999704360962 35.0
6.314000129699707 10.0 -1.3140000104904175 29.0
3.374000072479248 4.715000152587891 -0.22699999809265137 43.0
6.2729997634887695 9.289999961853027 -0.6919999718666077 36.0
6.317999839782715 9.914999961853027 -0.9919999837875366 34.0
6.3480000495910645 10.612000465393066 -1.3609999418258667 64.0
6.2829999923706055 9.218999862670898 -0.44600000977516174 27.0
3.430999994277954 5.3470001220703125 -0.3930000066757202 16.0
6.39300012588501 10.571000099182129 -1.0390000343322754 47.0
5.939000129699707 10.480999946594238 -1.315000057220459 1.0
6.315000057220459 9.737000465393066 -0.4740000069141388 26.0
6.335999965667725 10.387999534606934 -0.7570000290870667 8.0
6.086999893188477 10.619999885559082 -1.024999976158142 4.0
5.7179999351501465 10.678999900817871 -1.309000015258789 95.0
6.34499979019165 10.288999557495117 -0.5040000081062317 26.0
6.1539998054504395 10.642999649047852 -0.7670000195503235 40.0
5.783999919891357 10.663999557495117 -1.0110000371932983 94.0
5.4029998779296875 10.694999694824219 -1.2829999923706055 71.0
6.22599983215332 10.638999938964844 -0.5239999890327454 81.0
5.843999862670898 10.673999786376953 -0.7620000243186951 94.0
5.4710001945495605 10.6899995803833 -0.9959999918937683 92.0
5.111000061035156 10.751999855041504 -1.2619999647140503 4.0
5.9019999504089355 10.642000198364258 -0.527999997138977 59.0
5.526000022888184 10.680000305175781 -0.7559999823570251 90.0
5.170000076293945 10.71399974822998 -0.9819999933242798 59.0
0.0 0.0 0.0 0.0
5.610000133514404 10.685999870300293 -0.5350000262260437 92.0
5.228000164031982 10.704000473022461 -0.7519999742507935 88.0
0.0 0.0 0.0 0.0
0.0 0.0 0.0 0.0
5.303999900817871 10.699000358581543 -0.5400000214576721 90.0
4.921999931335449 10.701000213623047 -0.7459999918937683 40.0
4.627999782562256 10.871000289916992 -0.9660000205039978 1.0
4.236999988555908 10.854000091552734 -1.1959999799728394 71.0
5.013999938964844 10.717000007629395 -0.5450000166893005 85.0
0.0 0.0 0.0 0.0
4.326000213623047 10.859999656677246 -0.949999988079071 49.0
3.9609999656677246 10.895000457763672 -1.1770000457763672 83.0
4.781000137329102 10.869999885559082 -0.5580000281333923 1.0
0.0 0.0 0.0 0.0
4.046999931335449 10.894000053405762 -0.9399999976158142 82.0
0.5920000076293945 1.7599999904632568 -0.1860000044107437 13.0
0.0 0.0 0.0 0.0
4.11299991607666 10.883999824523926 -0.7450000047683716 78.0
0.6079999804496765 1.7619999647140503 -0.15000000596046448 4.0
0.5440000295639038 1.753000020980835 -0.18199999630451202 3.0
0.0 0.0 0.0 0.0
0.6169999837875366 1.7569999694824219 -0.11900000274181366 4.0
0.5669999718666077 1.781999945640564 -0.14900000393390656 4.0
0.0 0.0 0.0 0.0
0.6309999823570251 1.7569999694824219 -0.09300000220537186 4.0
0.5889999866485596 1.812999963760376 -0.12300000339746475 3.0
0.5109999775886536 1.7450000047683716 -0.14399999380111694 3.0
0.0 0.0 0.0 0.0
0.6019999980926514 1.8070000410079956 -0.09600000083446503 0.0
0.5170000195503235 1.7269999980926514 -0.11599999666213989 4.0
0.6439999938011169 2.4110000133514404 -0.19699999690055847 3.0
2.561000108718872 10.946000099182129 -1.0729999542236328 39.0
0.5339999794960022 1.7350000143051147 -0.09300000220537186 8.0
0.6489999890327454 2.365999937057495 -0.1589999943971634 4.0
2.6470000743865967 10.90999984741211 -0.8820000290870667 37.0
2.2790000438690186 10.892999649047852 -1.0479999780654907 5.0
0.5180000066757202 1.8320000171661377 -0.10000000149011612 3.0
0.6019999980926514 2.4119999408721924 -0.16200000047683716 3.0
2.371000051498413 10.878000259399414 -0.8690000176429749 54.0
0.0 0.0 0.0 0.0
2.6570000648498535 10.303000450134277 -0.5699999928474426 16.0
2.2890000343322754 10.178999900817871 -0.6819999814033508 46.0
0.9290000200271606 4.801000118255615 -0.3790000081062317 1.0
0.0 0.0 0.0 0.0
2.369999885559082 10.164999961853027 -0.5690000057220459 65.0
0.9620000123977661 4.802000045776367 -0.32100000977516174 9.0
0.45399999618530273 2.683000087738037 -0.20900000631809235 0.0
0.0 0.0 0.0 0.0
2.2699999809265137 10.881999969482422 -0.6159999966621399 76.0
0.47999998927116394 2.7239999771118164 -0.18199999630451202 2.0
0.0 0.0 0.0 0.0
0.0 0.0 0.0 0.0
1.9249999523162842 10.430999755859375 -0.5979999899864197 5.0
0.0 0.0 0.0 0.0
0.0 0.0 0.0 0.0
0.0 0.0 0.0 0.0
0.4399999976158142 2.740999937057495 -0.1589999943971634 20.0
0.0 0.0 0.0 0.0
0.0 0.0 0.0 0.0
0.0 0.0 0.0 0.0
0.0 0.0 0.0 0.0
0.0 0.0 0.0 0.0
0.0 0.0 0.0 0.0
0.0 0.0 0.0 0.0
0.0 0.0 0.0 0.0
0.0 0.0 0.0 0.0
0.0 0.0 0.0 0.0
0.0 0.0 0.0 0.0
0.0 0.0 0.0 0.0
0.0 0.0 0.0 0.0
0.0 0.0 0.0 0.0
0.0 0.0 0.0 0.0
0.0 0.0 0.0 0.0
0.0 0.0 0.0 0.0
0.0 0.0 0.0 0.0
-0.07999999821186066 2.7679998874664307 -0.2240000069141388 14.0
0.0 0.0 0.0 0.0
0.0 0.0 0.0 0.0
0.0 0.0 0.0 0.0
0.0 0.0 0.0 0.0
0.0 0.0 0.0 0.0
0.0 0.0 0.0 0.0
-0.09700000286102295 2.2709999084472656 -0.164000004529953 3.0
0.0 0.0 0.0 0.0
0.0 0.0 0.0 0.0
-0.09799999743700027 2.7639999389648438 -0.18700000643730164 0.0
0.0 0.0 0.0 0.0
-0.2800000011920929 2.819999933242798 -0.21699999272823334 27.0
0.0 0.0 0.0 0.0
-0.1550000011920929 2.615999937057495 -0.1770000010728836 5.0
0.0 0.0 0.0 0.0
-0.3479999899864197 2.8259999752044678 -0.21400000154972076 54.0
0.0 0.0 0.0 0.0
-0.2329999953508377 2.809999942779541 -0.19099999964237213 7.0
-0.32100000977516174 2.819000005722046 -0.19900000095367432 54.0
-0.4169999957084656 2.8350000381469727 -0.210999995470047 54.0
-0.210999995470047 2.819999933242798 -0.1889999955892563 24.0
-0.30000001192092896 2.815000057220459 -0.19200000166893005 51.0
-0.38999998569488525 2.8329999446868896 -0.19900000095367432 57.0
-0.3149999976158142 1.840999960899353 -0.13500000536441803 0.0
-0.2770000100135803 2.821000099182129 -0.19200000166893005 24.0
-0.367000013589859 2.819999933242798 -0.1940000057220459 55.0
-0.45899999141693115 2.8429999351501465 -0.19900000095367432 51.0
-0.33500000834465027 1.7170000076293945 -0.12399999797344208 22.0
-0.3449999988079071 2.822000026702881 -0.19599999487400055 51.0
-0.43700000643730164 2.8340001106262207 -0.19599999487400055 53.0
-0.328000009059906 1.7669999599456787 -0.12300000339746475 6.0
-0.6269999742507935 2.8529999256134033 -0.2029999941587448 32.0
-0.4129999876022339 2.8310000896453857 -0.20000000298023224 50.0
-0.3240000009536743 1.8209999799728394 -0.12600000202655792 5.0
-0.36800000071525574 1.7569999694824219 -0.12200000137090683 7.0
-0.6990000009536743 2.864000082015991 -0.20000000298023224 48.0
-0.3149999976158142 1.8480000495910645 -0.13199999928474426 0.0
-0.35100001096725464 1.7330000400543213 -0.12099999934434891 116.0
-0.42800000309944153 1.8300000429153442 -0.12600000202655792 0.0
-0.48500001430511475 1.8049999475479126 -0.12399999797344208 17.0
-0.33399999141693115 1.7170000076293945 -0.125 23.0
-0.6470000147819519 2.8499999046325684 -0.20100000500679016 44.0
-0.4659999907016754 1.7979999780654907 -0.12300000339746475 60.0
-0.5090000033378601 1.7339999675750732 -0.11699999868869781 19.0
-0.6259999871253967 2.8559999465942383 -0.21199999749660492 36.0
-0.4519999921321869 1.7960000038146973 -0.12700000405311584 0.0
-0.49900001287460327 1.7569999694824219 -0.11999999731779099 8.0
-0.8109999895095825 2.5429999828338623 -0.17000000178813934 159.0
-0.6980000138282776 2.86299991607666 -0.2160000056028366 49.0
-0.49799999594688416 1.8009999990463257 -0.1289999932050705 8.0
-0.7829999923706055 2.5320000648498535 -0.17299999296665192 158.0
-0.9800000190734863 2.8410000801086426 -0.18700000643730164 7.0
-0.4860000014305115 1.8040000200271606 -0.13899999856948853 19.0
-0.5239999890327454 1.7359999418258667 -0.125 3.0
-0.9610000252723694 2.867000102996826 -0.19599999487400055 15.0
0.0 0.0 0.0 0.0
-0.5099999904632568 1.7330000400543213 -0.13600000739097595 11.0
-0.9470000267028809 2.88700008392334 -0.20999999344348907 47.0
0.0 0.0 0.0 0.0
0.0 0.0 0.0 0.0
-0.9259999990463257 2.8889999389648438 -0.23100000619888306 49.0
-2.61299991607666 7.376999855041504 -0.5440000295639038 15.0
0.0 0.0 0.0 0.0
-2.684999942779541 6.327000141143799 -0.39800000190734863 23.0
-1.003999948501587 2.8940000534057617 -0.23600000143051147 24.0
-0.9120000004768372 2.3949999809265137 -0.17800000309944153 28.0
-2.6700000762939453 6.435999870300293 -0.43799999356269836 19.0
-2.7109999656677246 5.997000217437744 -0.3709999918937683 27.0
-0.8989999890327454 2.4059998989105225 -0.20000000298023224 15.0
-2.677999973297119 6.560999870300293 -0.49300000071525574 21.0
-2.694999933242798 6.093999862670898 -0.41499999165534973 26.0
-2.7269999980926514 5.682000160217285 -0.34700000286102295 25.0
-0.9459999799728394 2.3589999675750732 -0.20000000298023224 6.0
-2.691999912261963 6.177999973297119 -0.4699999988079071 28.0
-2.7170000076293945 5.7729997634887695 -0.3930000066757202 26.0
-2.746000051498413 5.39900016784668 -0.3240000009536743 23.0
-2.688999891281128 6.270999908447266 -0.5440000295639038 21.0
-2.7160000801086426 5.854000091552734 -0.45100000500679016 26.0
-2.7360000610351562 5.48199987411499 -0.37299999594688416 24.0
-2.7660000324249268 5.139999866485596 -0.30399999022483826 15.0
-2.7119998931884766 5.933000087738037 -0.5260000228881836 26.0
-2.734999895095825 5.551000118255615 -0.43299999833106995 25.0
-2.753000020980835 5.208000183105469 -0.35499998927116394 15.0
0.0 0.0 0.0 0.0
-2.7309999465942383 5.616000175476074 -0.5080000162124634 25.0
-2.752000093460083 5.269000053405762 -0.41600000858306885 20.0
0.0 0.0 0.0 0.0
0.0 0.0 0.0 0.0
-2.753999948501587 5.336999893188477 -0.49399998784065247 23.0
-2.7780001163482666 5.026000022888184 -0.4020000100135803 2.0
0.0 0.0 0.0 0.0
0.0 0.0 0.0 0.0
-2.7690000534057617 5.065000057220459 -0.4790000021457672 11.0
0.0 0.0 0.0 0.0
0.0 0.0 0.0 0.0
0.0 0.0 0.0 0.0
0.0 0.0 0.0 0.0
0.0 0.0 0.0 0.0
0.0 0.0 0.0 0.0
0.0 0.0 0.0 0.0
0.0 0.0 0.0 0.0
0.0 0.0 0.0 0.0
0.0 0.0 0.0 0.0
0.0 0.0 0.0 0.0
0.0 0.0 0.0 0.0
0.0 0.0 0.0 0.0
0.0 0.0 0.0 0.0
0.0 0.0 0.0 0.0
0.0 0.0 0.0 0.0
0.0 0.0 0.0 0.0
0.0 0.0 0.0 0.0
0.0 0.0 0.0 0.0
0.0 0.0 0.0 0.0
0.0 0.0 0.0 0.0
0.0 0.0 0.0 0.0
0.0 0.0 0.0 0.0
0.0 0.0 0.0 0.0
0.0 0.0 0.0 0.0
0.0 0.0 0.0 0.0
0.0 0.0 0.0 0.0
0.0 0.0 0.0 0.0
0.0 0.0 0.0 0.0
0.0 0.0 0.0 0.0
0.0 0.0 0.0 0.0
0.0 0.0 0.0 0.0
0.0 0.0 0.0 0.0
0.0 0.0 0.0 0.0
0.0 0.0 0.0 0.0
0.0 0.0 0.0 0.0
0.0 0.0 0.0 0.0
-2.621999979019165 2.7339999675750732 -0.1979999989271164 19.0
-2.756999969482422 2.7269999980926514 -0.13199999928474426 79.0
0.0 0.0 0.0 0.0
-2.615999937057495 2.7330000400543213 -0.26600000262260437 13.0
-2.744999885559082 2.7320001125335693 -0.20000000298023224 62.0
-2.859999895095825 2.7039999961853027 -0.1289999932050705 52.0
-2.615000009536743 2.734999895095825 -0.3440000116825104 10.0
-2.739000082015991 2.7309999465942383 -0.2720000147819519 53.0
-2.8589999675750732 2.7170000076293945 -0.20200000703334808 54.0
-2.865000009536743 2.5859999656677246 -0.12099999934434891 60.0
-2.740999937057495 2.7320001125335693 -0.35499998927116394 48.0
-2.8610000610351562 2.7200000286102295 -0.2770000100135803 57.0
-2.859999895095825 2.5959999561309814 -0.19499999284744263 59.0
-2.871000051498413 2.4769999980926514 -0.11400000005960464 61.0
-2.8559999465942383 2.7139999866485596 -0.3630000054836273 55.0
-2.864000082015991 2.5980000495910645 -0.2709999978542328 59.0
-2.871000051498413 2.4860000610351562 -0.1889999955892563 61.0
-2.880000114440918 2.372999906539917 -0.10700000077486038 60.0
-2.861999988555908 2.5920000076293945 -0.3580000102519989 55.0
-2.869999885559082 2.4820001125335693 -0.26600000262260437 60.0
-2.878999948501587 2.378999948501587 -0.18400000035762787 62.0
-2.885999917984009 2.2699999809265137 -0.10100000351667404 69.0
-2.868000030517578 2.4749999046325684 -0.3540000021457672 58.0
-2.877000093460083 2.371999979019165 -0.26100000739097595 63.0
-2.878999948501587 2.2690000534057617 -0.17800000309944153 60.0
-2.8940000534057617 2.171999931335449 -0.0949999988079071 59.0
-2.877000093460083 2.364000082015991 -0.3499999940395355 54.0
-2.882999897003174 2.265000104904175 -0.25699999928474426 69.0
-2.8929998874664307 2.1730000972747803 -0.17299999296665192 60.0
-2.8989999294281006 2.075000047683716 -0.08900000154972076 61.0
-2.885999917984009 2.257999897003174 -0.34599998593330383 60.0
-2.8940000534057617 2.1649999618530273 -0.2529999911785126 57.0
-2.9000000953674316 2.0769999027252197 -0.16899999976158142 64.0
-2.9100000858306885 1.9850000143051147 -0.08399999886751175 62.0
-2.8949999809265137 2.1540000438690186 -0.34299999475479126 55.0
-2.9010000228881836 2.065999984741211 -0.24899999797344208 61.0
-2.9059998989105225 1.9800000190734863 -0.164000004529953 59.0
-2.9130001068115234 1.8919999599456787 -0.07800000160932541 66.0
-2.9010000228881836 2.052999973297119 -0.33899998664855957 59.0
-2.9070000648498535 1.968000054359436 -0.24500000476837158 63.0
-2.9119999408721924 1.8880000114440918 -0.1599999964237213 62.0
-2.9159998893737793 1.8009999990463257 -0.0729999989271164 66.0
-2.9079999923706055 1.9550000429153442 -0.335999995470047 57.0
-2.9110000133514404 1.8730000257492065 -0.2409999966621399 64.0
-2.921999931335449 1.7990000247955322 -0.15600000321865082 63.0
-2.930000066757202 1.7200000286102295 -0.0689999982714653 64.0
-2.9149999618530273 1.8589999675750732 -0.3330000042915344 59.0
-2.9210000038146973 1.784000039100647 -0.23800000548362732 64.0
-2.930000066757202 1.7130000591278076 -0.15199999511241913 67.0
-2.934000015258789 1.6339999437332153 -0.06400000303983688 70.0
-2.9170000553131104 1.7630000114440918 -0.33000001311302185 61.0
-2.927000045776367 1.694000005722046 -0.23499999940395355 64.0
-2.936000108718872 1.6269999742507935 -0.14800000190734863 66.0
-2.937999963760376 1.5509999990463257 -0.05999999865889549 69.0
-2.924999952316284 1.6740000247955322 -0.328000009059906 63.0
-2.936000108718872 1.6080000400543213 -0.23199999332427979 68.0
-2.936000108718872 1.5390000343322754 -0.14499999582767487 69.0
-2.940999984741211 1.468999981880188 -0.054999999701976776 77.0
-2.934000015258789 1.5850000381469727 -0.32600000500679016 65.0
-2.938999891281128 1.5219999551773071 -0.2290000021457672 69.0
-2.940000057220459 1.4559999704360962 -0.14100000262260437 71.0
-2.941999912261963 1.3869999647140503 -0.050999999046325684 69.0
-2.940999984741211 1.4989999532699585 -0.3240000009536743 62.0
-2.946000099182129 1.437999963760376 -0.22699999809265137 70.0
-2.940000057220459 1.3730000257492065 -0.1379999965429306 64.0
-2.9560000896453857 1.3140000104904175 -0.04699999839067459 77.0
-2.946000099182129 1.4119999408721924 -0.32100000977516174 66.0
-2.953000068664551 1.3559999465942383 -0.2240000069141388 69.0
-2.9519999027252197 1.2960000038146973 -0.13500000536441803 67.0
-2.9539999961853027 1.2350000143051147 -0.04399999976158142 68.0
-2.9560000896453857 1.3309999704360962 -0.3199999928474426 72.0
-2.9509999752044678 1.2719999551773071 -0.22100000083446503 63.0
-2.9570000171661377 1.218000054359436 -0.13199999928474426 71.0
-2.9609999656677246 1.159000039100647 -0.03999999910593033 69.0
-2.9539999961853027 1.246000051498413 -0.31700000166893005 66.0
-2.9590001106262207 1.194000005722046 -0.21899999678134918 69.0
-2.9600000381469727 1.1399999856948853 -0.1289999932050705 67.0
-2.9609999656677246 1.0839999914169312 -0.035999998450279236 65.0
-2.9590001106262207 1.1640000343322754 -0.3149999976158142 62.0
-2.9579999446868896 1.1130000352859497 -0.21699999272823334 69.0
-2.9690001010894775 1.065999984741211 -0.12700000405311584 64.0
-2.9660000801086426 1.0110000371932983 -0.032999999821186066 68.0
-2.9679999351501465 1.0859999656677246 -0.3140000104904175 62.0
-2.9670000076293945 1.0369999408721924 -0.2150000035762787 65.0
-2.9649999141693115 0.9890000224113464 -0.12399999797344208 108.0
-2.9719998836517334 0.9390000104904175 -0.029999999329447746 71.0
-2.9600000381469727 1.003000020980835 -0.31200000643730164 61.0
-2.9660000801086426 0.9589999914169312 -0.21299999952316284 112.0
-2.9679999351501465 0.9139999747276306 -0.12099999934434891 108.0
-2.9709999561309814 0.8659999966621399 -0.027000000700354576 69.0
-2.9670000076293945 0.9259999990463257 -0.3100000023841858 104.0
-2.9709999561309814 0.8849999904632568 -0.210999995470047 113.0
-2.9730000495910645 0.8410000205039978 -0.11900000274181366 114.0
-2.9760000705718994 0.7950000166893005 -0.024000000208616257 72.0
-2.9749999046325684 0.8500000238418579 -0.3100000023841858 102.0
-2.9730000495910645 0.8090000152587891 -0.20900000631809235 114.0
-2.9800000190734863 0.7689999938011169 -0.11699999868869781 121.0
-2.98799991607666 0.7269999980926514 -0.020999999716877937 68.0
-2.9739999771118164 0.7720000147819519 -0.30799999833106995 107.0
-2.9820001125335693 0.7369999885559082 -0.20800000429153442 115.0
-2.986999988555908 0.6980000138282776 -0.11500000208616257 124.0
-2.994999885559082 0.6579999923706055 -0.017999999225139618 73.0
-2.9860000610351562 0.6990000009536743 -0.30799999833106995 113.0
-2.98799991607666 0.6629999876022339 -0.20600000023841858 132.0
-2.990000009536743 0.628000020980835 -0.11299999803304672 130.0
-3.000999927520752 0.5889999866485596 -0.01600000075995922 78.0
-2.9860000610351562 0.6240000128746033 -0.3070000112056732 115.0
-2.996999979019165 0.5920000076293945 -0.20499999821186066 129.0
-2.996999979019165 0.5569999814033508 -0.11100000143051147 128.0
-3.009000062942505 0.5210000276565552 -0.013000000268220901 81.0
-2.994999885559082 0.550000011920929 -0.3059999942779541 126.0
-3.0 0.5199999809265137 -0.20399999618530273 139.0
-2.996000051498413 0.4860000014305115 -0.10899999737739563 137.0
-3.009000062942505 0.4519999921321869 -0.009999999776482582 101.0
-2.999000072479248 0.47699999809265137 -0.3059999942779541 132.0
-3.002000093460083 0.44699999690055847 -0.2029999941587448 125.0
-3.01200008392334 0.4180000126361847 -0.1080000028014183 74.0
-3.013000011444092 0.3840000033378601 -0.00800000037997961 98.0
-3.010999917984009 0.40400001406669617 -0.3059999942779541 63.0
-3.007999897003174 0.37599998712539673 -0.20200000703334808 70.0
-3.0160000324249268 0.3479999899864197 -0.10599999874830246 103.0
-3.0190000534057617 0.31700000166893005 -0.006000000052154064 150.0
-3.009999990463257 0.33000001311302185 -0.3050000071525574 67.0
-3.015000104904175 0.3059999942779541 -0.20100000500679016 86.0
-3.0250000953674316 0.27900001406669617 -0.10400000214576721 150.0
-3.0420000553131104 0.25 -0.004000000189989805 153.0
-3.0190000534057617 0.257999986410141 -0.3050000071525574 64.0
-3.0179998874664307 0.23399999737739563 -0.20000000298023224 63.0
-3.0260000228881836 0.20999999344348907 -0.10300000011920929 102.0
-3.0390000343322754 0.18199999630451202 -0.0010000000474974513 150.0
-3.0439999103546143 0.1860000044107437 -0.3070000112056732 8.0
0.0 0.0 0.0 0.0
0.0 0.0 0.0 0.0
0.0 0.0 0.0 0.0
0.0 0.0 0.0 0.0
0.0 0.0 0.0 0.0
0.0 0.0 0.0 0.0
0.0 0.0 0.0 0.0
0.0 0.0 0.0 0.0
0.0 0.0 0.0 0.0
-3.046999931335449 0.0 -0.0989999994635582 3.0
-3.0480000972747803 -0.020999999716877937 0.004000000189989805 6.0
-3.0439999103546143 -0.03400000184774399 -0.3050000071525574 20.0
-3.0439999103546143 -0.05000000074505806 -0.1979999989271164 34.0
-3.0429999828338623 -0.06800000369548798 -0.09799999743700027 50.0
-3.0390000343322754 -0.08900000154972076 0.004999999888241291 64.0
-3.0380001068115234 -0.10700000077486038 -0.3050000071525574 64.0
-3.052999973297119 -0.12200000137090683 -0.1979999989271164 76.0
-3.0490000247955322 -0.1379999965429306 -0.09700000286102295 71.0
-3.0490000247955322 -0.15700000524520874 0.007000000216066837 82.0
-3.046999931335449 -0.1809999942779541 -0.3050000071525574 63.0
-3.053999900817871 -0.1940000057220459 -0.19699999690055847 71.0
-3.055000066757202 -0.20900000631809235 -0.09600000083446503 71.0
-3.052000045776367 -0.22499999403953552 0.008999999612569809 74.0
-3.052999973297119 -0.2549999952316284 -0.3059999942779541 68.0
-3.055000066757202 -0.2669999897480011 -0.19599999487400055 67.0
-3.055999994277954 -0.27900001406669617 -0.0949999988079071 67.0
-3.055999994277954 -0.29499998688697815 0.010999999940395355 65.0
-3.059000015258789 -0.33000001311302185 -0.3059999942779541 63.0
-3.058000087738037 -0.33899998664855957 -0.19599999487400055 73.0
-3.059000015258789 -0.3499999940395355 -0.09399999678134918 66.0
-3.063999891281128 -0.36399999260902405 0.012000000104308128 67.0
-3.059999942779541 -0.4050000011920929 -0.3070000112056732 68.0
-3.066999912261963 -0.4129999876022339 -0.19599999487400055 65.0
-3.062999963760376 -0.421999990940094 -0.09300000220537186 70.0
-3.063999891281128 -0.43299999833106995 0.014000000432133675 68.0
-3.069000005722046 -0.4819999933242798 -0.30799999833106995 63.0
-3.065000057220459 -0.4869999885559082 -0.19599999487400055 67.0
-3.069000005722046 -0.4950000047683716 -0.09200000017881393 66.0
-3.069000005722046 -0.5049999952316284 0.014999999664723873 72.0
-3.071000099182129 -0.5580000281333923 -0.30799999833106995 59.0
-3.0739998817443848 -0.5619999766349792 -0.19599999487400055 63.0
-3.072000026702881 -0.5680000185966492 -0.09200000017881393 68.0
-3.069999933242798 -0.574999988079071 0.01600000075995922 64.0
-3.0810000896453857 -0.6370000243186951 -0.3100000023841858 65.0
-3.0820000171661377 -0.6389999985694885 -0.19699999690055847 68.0
-3.0810000896453857 -0.6430000066757202 -0.09099999815225601 68.0
-3.0799999237060547 -0.6489999890327454 0.017999999225139618 65.0
-3.0869998931884766 -0.7160000205039978 -0.3109999895095825 67.0
-3.0869998931884766 -0.7160000205039978 -0.19699999690055847 63.0
-3.0850000381469727 -0.7170000076293945 -0.09099999815225601 63.0
-3.0820000171661377 -0.7210000157356262 0.01899999938905239 70.0
-3.0889999866485596 -0.7960000038146973 -0.31200000643730164 58.0
-3.0940001010894775 -0.7940000295639038 -0.19699999690055847 67.0
-3.0899999141693115 -0.7940000295639038 -0.09000000357627869 62.0
-3.0899999141693115 -0.7950000166893005 0.019999999552965164 62.0
-3.0940001010894775 -0.8769999742507935 -0.31299999356269836 64.0
-3.0950000286102295 -0.871999979019165 -0.1979999989271164 60.0
-3.0910000801086426 -0.8700000047683716 -0.09000000357627869 63.0
-3.0929999351501465 -0.8709999918937683 0.020999999716877937 66.0
-3.1010000705718994 -0.9599999785423279 -0.3149999976158142 72.0
-3.0999999046325684 -0.953000009059906 -0.1979999989271164 69.0
-3.0999999046325684 -0.949999988079071 -0.09000000357627869 61.0
-3.1029999256134033 -0.9480000138282776 0.02199999988079071 73.0
-3.1019999980926514 -1.0420000553131104 -0.3160000145435333 60.0
-3.1040000915527344 -1.034999966621399 -0.19900000095367432 70.0
-3.1070001125335693 -1.0299999713897705 -0.09000000357627869 73.0
-3.0989999771118164 -1.0240000486373901 0.023000000044703484 68.0
-3.115000009536743 -1.1319999694824219 -0.3179999887943268 67.0
-3.115000009536743 -1.121000051498413 -0.20000000298023224 67.0
-3.114000082015991 -1.1130000352859497 -0.09000000357627869 70.0
-3.111999988555908 -1.1050000190734863 0.024000000208616257 69.0
-3.121999979019165 -1.2200000286102295 -0.3199999928474426 59.0
-3.119999885559082 -1.2050000429153442 -0.20000000298023224 61.0
-3.121999979019165 -1.1970000267028809 -0.09000000357627869 65.0
-3.115000009536743 -1.184999942779541 0.02500000037252903 68.0
-3.125999927520752 -1.309000015258789 -0.32199999690055847 58.0
-3.124000072479248 -1.2920000553131104 -0.20100000500679016 65.0
-3.124000072479248 -1.2799999713897705 -0.09000000357627869 65.0
-3.124000072479248 -1.2680000066757202 0.026000000536441803 66.0
-3.127000093460083 -1.3980000019073486 -0.3240000009536743 60.0
-3.127000093460083 -1.3799999952316284 -0.20200000703334808 57.0
-3.128000020980835 -1.3660000562667847 -0.09000000357627869 61.0
-3.125 -1.3509999513626099 0.027000000700354576 60.0
-3.138000011444092 -1.49399995803833 -0.3269999921321869 55.0
-3.13100004196167 -1.4709999561309814 -0.2029999941587448 55.0
-3.130000114440918 -1.4539999961853027 -0.09000000357627869 62.0
-3.125 -1.434999942779541 0.027000000700354576 63.0
-2.302000045776367 -1.1649999618530273 -0.2409999966621399 5.0
-2.303999900817871 -1.1480000019073486 -0.15000000596046448 4.0
-2.312000036239624 -1.1390000581741333 -0.06599999964237213 105.0
-2.325000047683716 -1.13100004196167 0.020999999716877937 7.0
-2.243000030517578 -1.2029999494552612 -0.23600000143051147 3.0
-2.23799991607666 -1.1820000410079956 -0.1469999998807907 4.0
-2.2709999084472656 -1.184000015258789 -0.06499999761581421 12.0
-3.1429998874664307 -1.6169999837875366 0.028999999165534973 26.0
-2.941999912261963 -1.6710000038146973 -0.31200000643730164 35.0
-2.989000082015991 -1.6690000295639038 -0.19699999690055847 34.0
-3.0260000228881836 -1.6670000553131104 -0.08699999749660492 40.0
-3.059999942779541 -1.6619999408721924 0.02800000086426735 9.0
-2.7980000972747803 -1.6790000200271606 -0.29899999499320984 35.0
-2.8440001010894775 -1.6770000457763672 -0.1889999955892563 36.0
-2.885999917984009 -1.6770000457763672 -0.08399999886751175 35.0
-2.927999973297119 -1.6759999990463257 0.027000000700354576 37.0
-2.6659998893737793 -1.687999963760376 -0.28600001335144043 37.0
-2.7070000171661377 -1.6829999685287476 -0.1809999942779541 37.0
-2.74399995803833 -1.6790000200271606 -0.07999999821186066 35.0
-2.7869999408721924 -1.6790000200271606 0.026000000536441803 35.0
-2.5380001068115234 -1.694000005722046 -0.2750000059604645 40.0
-2.578000068664551 -1.687000036239624 -0.17299999296665192 41.0
-2.619999885559082 -1.687000036239624 -0.07699999958276749 36.0
-2.6640000343322754 -1.687000036239624 0.02500000037252903 34.0
-2.421999931335449 -1.7009999752044678 -0.2639999985694885 42.0
-2.4670000076293945 -1.6990000009536743 -0.16699999570846558 45.0
-2.507999897003174 -1.6970000267028809 -0.07400000095367432 41.0
-2.5439999103546143 -1.6920000314712524 0.024000000208616257 44.0
-2.308000087738037 -1.7039999961853027 -0.2540000081062317 49.0
-2.3480000495910645 -1.6990000009536743 -0.1599999964237213 45.0
-2.388000011444092 -1.6970000267028809 -0.07100000232458115 46.0
-2.436000108718872 -1.7000000476837158 0.023000000044703484 43.0
-2.2070000171661377 -1.7139999866485596 -0.2460000067949295 53.0
-2.244999885559082 -1.7070000171661377 -0.1550000011920929 48.0
-2.2880001068115234 -1.7070000171661377 -0.0689999982714653 46.0
-2.328000068664551 -1.7029999494552612 0.02199999988079071 47.0
-2.1080000400543213 -1.718999981880188 -0.2370000034570694 51.0
-2.1489999294281006 -1.7139999866485596 -0.15000000596046448 53.0
-2.193000078201294 -1.715000033378601 -0.06700000166893005 49.0
-2.2320001125335693 -1.7109999656677246 0.020999999716877937 49.0
-2.013000011444092 -1.7239999771118164 -0.2290000021457672 50.0
-2.058000087738037 -1.7209999561309814 -0.14499999582767487 51.0
-2.0980000495910645 -1.7200000286102295 -0.06499999761581421 56.0
-2.1389999389648438 -1.715999960899353 0.019999999552965164 55.0
-1.9299999475479126 -1.7330000400543213 -0.22200000286102295 54.0
-1.968999981880188 -1.7259999513626099 -0.14000000059604645 57.0
-2.01200008392334 -1.7269999980926514 -0.06300000101327896 53.0
-2.049999952316284 -1.722000002861023 0.01899999938905239 48.0
-1.843000054359436 -1.7359999418258667 -0.21400000154972076 57.0
-1.88100004196167 -1.7289999723434448 -0.13600000739097595 57.0
-1.9290000200271606 -1.7339999675750732 -0.061000000685453415 57.0
-1.965000033378601 -1.7269999980926514 0.017999999225139618 55.0
-1.7510000467300415 -1.7289999723434448 -0.20600000023841858 37.0
-1.8040000200271606 -1.7380000352859497 -0.13199999928474426 47.0
-1.840999960899353 -1.7339999675750732 -0.05999999865889549 53.0
-1.8849999904632568 -1.7339999675750732 0.017000000923871994 62.0
0.0 0.0 0.0 0.0
0.0 0.0 0.0 0.0
-1.7599999904632568 -1.7350000143051147 -0.057999998331069946 37.0
-1.8040000200271606 -1.7350000143051147 0.01600000075995922 48.0
0.0 0.0 0.0 0.0
0.0 0.0 0.0 0.0
0.0 0.0 0.0 0.0
0.0 0.0 0.0 0.0
0.0 0.0 0.0 0.0
0.0 0.0 0.0 0.0
0.0 0.0 0.0 0.0
0.0 0.0 0.0 0.0
0.0 0.0 0.0 0.0
0.0 0.0 0.0 0.0
0.0 0.0 0.0 0.0
0.0 0.0 0.0 0.0
0.0 0.0 0.0 0.0
0.0 0.0 0.0 0.0
0.0 0.0 0.0 0.0
0.0 0.0 0.0 0.0
0.0 0.0 0.0 0.0
0.0 0.0 0.0 0.0
0.0 0.0 0.0 0.0
0.0 0.0 0.0 0.0
0.0 0.0 0.0 0.0
0.0 0.0 0.0 0.0
0.0 0.0 0.0 0.0
0.0 0.0 0.0 0.0
0.0 0.0 0.0 0.0
0.0 0.0 0.0 0.0
0.0 0.0 0.0 0.0
0.0 0.0 0.0 0.0
0.0 0.0 0.0 0.0
0.0 0.0 0.0 0.0
0.0 0.0 0.0 0.0
0.0 0.0 0.0 0.0
0.0 0.0 0.0 0.0
0.0 0.0 0.0 0.0
0.0 0.0 0.0 0.0
0.0 0.0 0.0 0.0
0.0 0.0 0.0 0.0
0.0 0.0 0.0 0.0
0.0 0.0 0.0 0.0
0.0 0.0 0.0 0.0
0.0 0.0 0.0 0.0
0.0 0.0 0.0 0.0
0.0 0.0 0.0 0.0
0.0 0.0 0.0 0.0
-0.9110000133514404 -1.7359999418258667 -0.13899999856948853 22.0
-0.9430000185966492 -1.7230000495910645 -0.09099999815225601 19.0
0.0 0.0 0.0 0.0
0.0 0.0 0.0 0.0
-0.859000027179718 -1.7369999885559082 -0.13500000536441803 23.0
-0.8980000019073486 -1.7339999675750732 -0.09000000357627869 25.0
-0.9330000281333923 -1.7309999465942383 -0.04600000008940697 18.0
0.0 0.0 0.0 0.0
-0.8100000023841858 -1.7369999885559082 -0.13199999928474426 24.0
-0.8500000238418579 -1.7400000095367432 -0.08799999952316284 23.0
-0.8870000243186951 -1.7410000562667847 -0.04600000008940697 23.0
-0.9240000247955322 -1.7350000143051147 0.0 20.0
-0.7609999775886536 -1.7380000352859497 -0.12800000607967377 26.0
-0.8009999990463257 -1.7400000095367432 -0.0860000029206276 25.0
-0.8429999947547913 -1.753000020980835 -0.04500000178813934 23.0
-0.8790000081062317 -1.74399995803833 -0.0010000000474974513 28.0
-0.7170000076293945 -1.75 -0.12600000202655792 27.0
-0.7509999871253967 -1.7380000352859497 -0.08399999886751175 25.0
-0.7910000085830688 -1.746000051498413 -0.04500000178813934 25.0
-0.8299999833106995 -1.7450000047683716 -0.003000000026077032 25.0
-0.6700000166893005 -1.7510000467300415 -0.12300000339746475 25.0
-0.7080000042915344 -1.7480000257492065 -0.08299999684095383 27.0
-0.7450000047683716 -1.7489999532699585 -0.04500000178813934 26.0
-0.7829999923706055 -1.746999979019165 -0.004000000189989805 24.0
-0.6240000128746033 -1.753000020980835 -0.11999999731779099 27.0
-0.6620000004768372 -1.7510000467300415 -0.08100000023841858 26.0
-0.699999988079071 -1.7549999952316284 -0.04500000178813934 26.0
-0.7360000014305115 -1.7480000257492065 -0.004999999888241291 28.0
-0.5799999833106995 -1.7580000162124634 -0.11699999868869781 27.0
-0.6169999837875366 -1.753999948501587 -0.07999999821186066 24.0
-0.6539999842643738 -1.75600004196167 -0.04399999976158142 25.0
-0.6919999718666077 -1.7519999742507935 -0.007000000216066837 27.0
-0.5339999794960022 -1.75600004196167 -0.11400000005960464 29.0
-0.5730000138282776 -1.7580000162124634 -0.07800000160932541 26.0
-0.609000027179718 -1.7580000162124634 -0.04399999976158142 25.0
-0.6470000147819519 -1.7549999952316284 -0.00800000037997961 25.0
-0.492000013589859 -1.7680000066757202 -0.11100000143051147 28.0
-0.5289999842643738 -1.7610000371932983 -0.07699999958276749 27.0
-0.5659999847412109 -1.7640000581741333 -0.04399999976158142 27.0
-0.6039999723434448 -1.7589999437332153 -0.008999999612569809 26.0
-0.4480000138282776 -1.7660000324249268 -0.10899999737739563 27.0
-0.4860000014305115 -1.7669999599456787 -0.07599999755620956 29.0
-0.5230000019073486 -1.7690000534057617 -0.04399999976158142 29.0
-0.5600000023841858 -1.7630000114440918 -0.010999999940395355 29.0
-0.4050000011920929 -1.7680000066757202 -0.10599999874830246 27.0
-0.4429999887943268 -1.7649999856948853 -0.07400000095367432 26.0
-0.47999998927116394 -1.7710000276565552 -0.04500000178813934 27.0
-0.5170000195503235 -1.7660000324249268 -0.012000000104308128 30.0
-0.3619999885559082 -1.7710000276565552 -0.10300000011920929 28.0
-0.39899998903274536 -1.7660000324249268 -0.0729999989271164 30.0
-0.43700000643730164 -1.7730000019073486 -0.04500000178813934 28.0
-0.4749999940395355 -1.7699999809265137 -0.014000000432133675 30.0
-0.3190000057220459 -1.7699999809265137 -0.10100000351667404 28.0
-0.3569999933242798 -1.7690000534057617 -0.07199999690055847 28.0
-0.3930000066757202 -1.7690000534057617 -0.04500000178813934 25.0
-0.4309999942779541 -1.7660000324249268 -0.014999999664723873 26.0
-0.2770000100135803 -1.7730000019073486 -0.09799999743700027 26.0
-0.3149999976158142 -1.7699999809265137 -0.07100000232458115 25.0
-0.3499999940395355 -1.7649999856948853 -0.04399999976158142 27.0
-0.3880000114440918 -1.7660000324249268 -0.017000000923871994 25.0
-0.23499999940395355 -1.7719999551773071 -0.09600000083446503 26.0
-0.2720000147819519 -1.7660000324249268 -0.0689999982714653 28.0
0.0 0.0 0.0 0.0
0.0 0.0 0.0 0.0
0.0 0.0 0.0 0.0
0.0 0.0 0.0 0.0
0.0 0.0 0.0 0.0
0.0 0.0 0.0 0.0
0.0 0.0 0.0 0.0
0.0 0.0 0.0 0.0
0.0 0.0 0.0 0.0
0.0 0.0 0.0 0.0
0.0 0.0 0.0 0.0
0.0 0.0 0.0 0.0
0.0 0.0 0.0 0.0
0.0 0.0 0.0 0.0
0.0 0.0 0.0 0.0
0.0 0.0 0.0 0.0
0.0 0.0 0.0 0.0
0.0 0.0 0.0 0.0
0.0 0.0 0.0 0.0
0.0 0.0 0.0 0.0
0.0 0.0 0.0 0.0
0.0 0.0 0.0 0.0
0.0 0.0 0.0 0.0
0.0 0.0 0.0 0.0
0.0 0.0 0.0 0.0
0.0 0.0 0.0 0.0
0.0 0.0 0.0 0.0
0.0 0.0 0.0 0.0
0.0 0.0 0.0 0.0
0.0 0.0 0.0 0.0
0.0 0.0 0.0 0.0
0.0 0.0 0.0 0.0
0.0 0.0 0.0 0.0
0.0 0.0 0.0 0.0
0.0 0.0 0.0 0.0
0.0 0.0 0.0 0.0
0.0 0.0 0.0 0.0
0.0 0.0 0.0 0.0
0.0 0.0 0.0 0.0
0.0 0.0 0.0 0.0
0.0 0.0 0.0 0.0
0.0 0.0 0.0 0.0
0.0 0.0 0.0 0.0
0.0 0.0 0.0 0.0
0.0 0.0 0.0 0.0
0.0 0.0 0.0 0.0
0.2639999985694885 -1.8009999990463257 -0.07000000029802322 25.0
0.0 0.0 0.0 0.0
0.0 0.0 0.0 0.0
0.0 0.0 0.0 0.0
0.30799999833106995 -1.8070000410079956 -0.0689999982714653 26.0
0.2669999897480011 -1.7999999523162842 -0.05900000035762787 23.0
0.0 0.0 0.0 0.0
0.0 0.0 0.0 0.0
0.3499999940395355 -1.8049999475479126 -0.06700000166893005 31.0
0.3109999895095825 -1.809999942779541 -0.05900000035762787 26.0
0.27399998903274536 -1.8109999895095825 -0.050999999046325684 22.0
0.23199999332427979 -1.7990000247955322 -0.0430000014603138 21.0
0.39500001072883606 -1.8109999895095825 -0.06499999761581421 26.0
0.3529999852180481 -1.805999994277954 -0.057999998331069946 29.0
0.31700000166893005 -1.812000036239624 -0.052000001072883606 27.0
0.2759999930858612 -1.809000015258789 -0.04500000178813934 24.0
0.43799999356269836 -1.809999942779541 -0.06300000101327896 26.0
0.3970000147819519 -1.805999994277954 -0.057999998331069946 29.0
0.3610000014305115 -1.8140000104904175 -0.05299999937415123 30.0
0.3190000057220459 -1.809000015258789 -0.04699999839067459 28.0
0.48500001430511475 -1.8200000524520874 -0.061000000685453415 26.0
0.44200000166893005 -1.812000036239624 -0.05700000002980232 30.0
0.4050000011920929 -1.815999984741211 -0.05400000140070915 30.0
0.36399999260902405 -1.8140000104904175 -0.04899999871850014 31.0
0.5299999713897705 -1.819000005722046 -0.05900000035762787 27.0
0.4880000054836273 -1.8170000314712524 -0.05700000002980232 26.0
0.44999998807907104 -1.8179999589920044 -0.054999999701976776 28.0
0.40799999237060547 -1.8170000314712524 -0.052000001072883606 29.0
0.5770000219345093 -1.8240000009536743 -0.05700000002980232 27.0
0.5339999794960022 -1.8179999589920044 -0.0560000017285347 27.0
0.4959999918937683 -1.8209999799728394 -0.0560000017285347 27.0
0.453000009059906 -1.815999984741211 -0.05400000140070915 30.0
0.6230000257492065 -1.8250000476837158 -0.0560000017285347 25.0
0.5820000171661377 -1.8259999752044678 -0.0560000017285347 26.0
0.5429999828338623 -1.8270000219345093 -0.05700000002980232 28.0
0.49900001287460327 -1.819000005722046 -0.05700000002980232 26.0
0.6710000038146973 -1.8270000219345093 -0.05400000140070915 26.0
0.6290000081062317 -1.8270000219345093 -0.0560000017285347 27.0
0.5889999866485596 -1.8259999752044678 -0.057999998331069946 27.0
0.5460000038146973 -1.8250000476837158 -0.05900000035762787 29.0
0.718999981880188 -1.8279999494552612 -0.052000001072883606 22.0
0.6740000247955322 -1.8220000267028809 -0.054999999701976776 26.0
0.6380000114440918 -1.8309999704360962 -0.05900000035762787 27.0
0.593999981880188 -1.8259999752044678 -0.06199999898672104 26.0
0.7699999809265137 -1.8309999704360962 -0.05000000074505806 24.0
0.7260000109672546 -1.8300000429153442 -0.054999999701976776 22.0
0.6850000023841858 -1.8279999494552612 -0.05999999865889549 26.0
0.6420000195503235 -1.8289999961853027 -0.06400000303983688 27.0
0.8230000138282776 -1.8389999866485596 -0.04800000041723251 23.0
0.7770000100135803 -1.8350000381469727 -0.054999999701976776 26.0
0.7369999885559082 -1.8350000381469727 -0.061000000685453415 22.0
0.6919999718666077 -1.8309999704360962 -0.06700000166893005 27.0
0.871999979019165 -1.8370000123977661 -0.04600000008940697 19.0
0.8299999833106995 -1.840000033378601 -0.054999999701976776 24.0
0.7870000004768372 -1.8350000381469727 -0.06199999898672104 25.0
0.7419999837875366 -1.8350000381469727 -0.07000000029802322 26.0
0.9459999799728394 -1.8799999952316284 -0.04500000178813934 61.0
0.8809999823570251 -1.8389999866485596 -0.054999999701976776 21.0
0.8370000123977661 -1.8320000171661377 -0.06300000101327896 25.0
0.7940000295639038 -1.8380000591278076 -0.0729999989271164 28.0
1.0099999904632568 -1.8980000019073486 -0.04399999976158142 55.0
0.9520000219345093 -1.8769999742507935 -0.054999999701976776 69.0
0.8930000066757202 -1.843000054359436 -0.06499999761581421 21.0
0.847000002861023 -1.8389999866485596 -0.07599999755620956 26.0
1.065999984741211 -1.8990000486373901 -0.041999999433755875 52.0
1.0180000066757202 -1.8960000276565552 -0.0560000017285347 56.0
0.9670000076293945 -1.88100004196167 -0.06800000369548798 73.0
0.9089999794960022 -1.8589999675750732 -0.07999999821186066 26.0
1.1239999532699585 -1.8990000486373901 -0.03999999910593033 61.0
1.0779999494552612 -1.9010000228881836 -0.0560000017285347 59.0
1.031999945640564 -1.8990000486373901 -0.07000000029802322 59.0
0.9779999852180481 -1.8849999904632568 -0.08399999886751175 61.0
1.187000036239624 -1.906000018119812 -0.03799999877810478 52.0
1.1390000581741333 -1.906000018119812 -0.0560000017285347 57.0
1.090999960899353 -1.9010000228881836 -0.07199999690055847 57.0
1.0420000553131104 -1.8990000486373901 -0.08799999952316284 66.0
0.8050000071525574 -1.2289999723434448 -0.023000000044703484 61.0
0.7979999780654907 -1.2690000534057617 -0.03700000047683716 5.0
1.1510000228881836 -1.9010000228881836 -0.07400000095367432 58.0
1.1009999513626099 -1.8990000486373901 -0.09200000017881393 65.0
0.875 -1.2719999551773071 -0.023000000044703484 16.0
0.8220000267028809 -1.2419999837875366 -0.035999998450279236 12.0
0.8199999928474426 -1.284999966621399 -0.050999999046325684 160.0
1.1679999828338623 -1.9079999923706055 -0.09600000083446503 55.0
0.0 0.0 0.0 0.0
0.0 0.0 0.0 0.0
0.8140000104904175 -1.2130000591278076 -0.04899999871850014 9.0
0.8050000071525574 -1.2480000257492065 -0.06499999761581421 150.0
0.9430000185966492 -1.246999979019165 -0.01899999938905239 1.0
0.9300000071525574 -1.2740000486373901 -0.03700000047683716 150.0
1.3589999675750732 -1.9279999732971191 -0.07999999821186066 10.0
0.8109999895095825 -1.1950000524520874 -0.06499999761581421 12.0
1.5260000228881836 -1.9249999523162842 -0.02800000086426735 47.0
0.0 0.0 0.0 0.0
0.9350000023841858 -1.2619999647140503 -0.05400000140070915 21.0
1.3769999742507935 -1.9299999475479126 -0.10999999940395355 12.0
1.6059999465942383 -1.934000015258789 -0.026000000536441803 55.0
1.5529999732971191 -1.934999942779541 -0.05700000002980232 60.0
0.9390000104904175 -1.2070000171661377 -0.05299999937415123 3.0
0.9430000185966492 -1.2569999694824219 -0.07400000095367432 3.0
1.684999942779541 -1.937999963760376 -0.024000000208616257 55.0
1.6269999742507935 -1.934000015258789 -0.05700000002980232 65.0
1.5779999494552612 -1.934999942779541 -0.08699999749660492 9.0
0.9390000104904175 -1.190999984741211 -0.0729999989271164 5.0
1.7669999599456787 -1.944000005722046 -0.02199999988079071 49.0
1.7109999656677246 -1.940999984741211 -0.05700000002980232 56.0
1.6540000438690186 -1.934000015258789 -0.09000000357627869 57.0
1.5980000495910645 -1.9329999685287476 -0.12399999797344208 5.0
1.8519999980926514 -1.9459999799728394 -0.01899999938905239 47.0
1.774999976158142 -1.9240000247955322 -0.05700000002980232 22.0
1.7410000562667847 -1.9420000314712524 -0.09300000220537186 52.0
1.6749999523162842 -1.9299999475479126 -0.1289999932050705 79.0
1.9390000104904175 -1.9479999542236328 -0.017000000923871994 49.0
1.8799999952316284 -1.9459999799728394 -0.057999998331069946 55.0
1.8279999494552612 -1.9470000267028809 -0.09600000083446503 28.0
1.7599999904632568 -1.934000015258789 -0.13500000536441803 73.0
2.0339999198913574 -1.9520000219345093 -0.014000000432133675 48.0
1.9730000495910645 -1.9500000476837158 -0.057999998331069946 53.0
1.9160000085830688 -1.9470000267028809 -0.0989999994635582 30.0
1.847000002861023 -1.934999942779541 -0.14000000059604645 77.0
2.134000062942505 -1.9589999914169312 -0.012000000104308128 43.0
2.065999984741211 -1.9509999752044678 -0.05900000035762787 45.0
2.010999917984009 -1.9500000476837158 -0.10199999809265137 25.0
1.9429999589920044 -1.940999984741211 -0.1469999998807907 74.0
2.243000030517578 -1.968000054359436 -0.008999999612569809 40.0
2.1740000247955322 -1.9600000381469727 -0.05999999865889549 46.0
2.11299991607666 -1.9550000429153442 -0.10599999874830246 22.0
2.0429999828338623 -1.9450000524520874 -0.15399999916553497 70.0
2.325000047683716 -1.9479999542236328 -0.007000000216066837 8.0
2.2880001068115234 -1.9700000286102295 -0.05999999865889549 40.0
2.2230000495910645 -1.9620000123977661 -0.10999999940395355 42.0
2.1440000534057617 -1.9459999799728394 -0.16099999845027924 50.0
2.4739999771118164 -1.9809999465942383 -0.004000000189989805 39.0
2.4019999504089355 -1.9730000495910645 -0.061000000685453415 35.0
2.328000068664551 -1.9600000381469727 -0.11400000005960464 20.0
2.2750000953674316 -1.968000054359436 -0.17000000178813934 40.0
1.7089999914169312 -1.305999994277954 0.0 3.0
2.5250000953674316 -1.9800000190734863 -0.06199999898672104 27.0
2.443000078201294 -1.9609999656677246 -0.11800000071525574 27.0
2.380000114440918 -1.9620000123977661 -0.1770000010728836 52.0
2.7360000610351562 -1.996999979019165 0.0010000000474974513 32.0
2.6640000343322754 -1.9919999837875366 -0.06400000303983688 35.0
1.7000000476837158 -1.3009999990463257 -0.08100000023841858 3.0
2.509000062942505 -1.9700000286102295 -0.1860000044107437 55.0
2.881999969482422 -2.005000114440918 0.004000000189989805 33.0
2.799999952316284 -1.996000051498413 -0.06499999761581421 34.0
2.7139999866485596 -1.9780000448226929 -0.1289999932050705 36.0
2.6530001163482666 -1.9819999933242798 -0.19699999690055847 53.0
3.0380001068115234 -2.0139999389648438 0.00800000037997961 32.0
2.9619998931884766 -2.009999990463257 -0.06599999964237213 34.0
2.86899995803833 -1.9900000095367432 -0.13500000536441803 36.0
2.7980000972747803 -1.9889999628067017 -0.2070000022649765 43.0
3.2049999237060547 -2.0220000743865967 0.010999999940395355 44.0
3.1059999465942383 -2.00600004196167 -0.06700000166893005 76.0
3.052000045776367 -2.01200008392334 -0.1420000046491623 33.0
2.9769999980926514 -2.010999917984009 -0.2199999988079071 31.0
3.4130001068115234 -2.0480000972747803 0.014999999664723873 40.0
3.321000099182129 -2.0369999408721924 -0.07000000029802322 44.0
3.23799991607666 -2.0290000438690186 -0.15000000596046448 46.0
3.130000114440918 -2.00600004196167 -0.23100000619888306 60.0
2.322999954223633 -1.3250000476837158 0.012000000104308128 14.0
3.5160000324249268 -2.0480000972747803 -0.07199999690055847 33.0
3.440000057220459 -2.0429999828338623 -0.15800000727176666 40.0
3.365000009536743 -2.0450000762939453 -0.24799999594688416 45.0
3.8529999256134033 -2.0840001106262207 0.024000000208616257 12.0
3.759000062942505 -2.0759999752044678 -0.07500000298023224 12.0
2.3310000896453857 -1.312000036239624 -0.10599999874830246 3.0
3.5969998836517334 -2.069000005722046 -0.26499998569488525 12.0
4.081999778747559 -2.0910000801086426 0.028999999165534973 33.0
3.98799991607666 -2.0850000381469727 -0.07699999958276749 34.0
3.9100000858306885 -2.0820000171661377 -0.1770000010728836 12.0
3.8259999752044678 -2.0799999237060547 -0.28200000524520874 12.0
4.361999988555908 -2.11299991607666 0.03400000184774399 24.0
4.264999866485596 -2.1059999465942383 -0.07999999821186066 32.0
4.158999919891357 -2.0920000076293945 -0.18799999356269836 29.0
4.073999881744385 -2.0899999141693115 -0.30000001192092896 36.0
4.6539998054504395 -2.127000093460083 0.03999999910593033 17.0
4.539999961853027 -2.114000082015991 -0.08299999684095383 24.0
4.452000141143799 -2.1089999675750732 -0.20000000298023224 23.0
4.373000144958496 -2.1110000610351562 -0.32199999690055847 27.0
4.99399995803833 -2.1489999294281006 0.04699999839067459 11.0
4.877999782562256 -2.13700008392334 -0.08699999749660492 11.0
4.802999973297119 -2.1389999389648438 -0.21400000154972076 11.0
4.683000087738037 -2.124000072479248 -0.3449999988079071 13.0
5.39300012588501 -2.177999973297119 0.05400000140070915 41.0
5.263999938964844 -2.1640000343322754 -0.09200000017881393 20.0
5.159999847412109 -2.1540000438690186 -0.2290000021457672 20.0
5.070000171661377 -2.1549999713897705 -0.37400001287460327 14.0
5.664999961853027 -2.1429998874664307 0.061000000685453415 140.0
5.656000137329102 -2.1740000247955322 -0.09600000083446503 150.0
5.539000034332275 -2.1610000133514404 -0.24500000476837158 23.0
5.431000232696533 -2.1559998989105225 -0.4020000100135803 84.0
5.672999858856201 -2.003000020980835 0.06400000303983688 69.0
5.677999973297119 -2.0360000133514404 -0.0949999988079071 59.0
5.665999889373779 -2.059000015258789 -0.25 59.0
5.671999931335449 -2.0940001010894775 -0.41999998688697815 59.0
5.684999942779541 -1.8660000562667847 0.06800000369548798 55.0
5.690000057220459 -1.8930000066757202 -0.09300000220537186 54.0
5.685999870300293 -1.9179999828338623 -0.25 57.0
5.677000045776367 -1.9429999589920044 -0.42100000381469727 55.0
5.666999816894531 -1.7209999561309814 0.07100000232458115 79.0
5.607999801635742 -1.725000023841858 -0.09000000357627869 52.0
5.626999855041504 -1.75 -0.24699999392032623 64.0
5.685999870300293 -1.7929999828338623 -0.421999990940094 60.0
5.702000141143799 -1.5920000076293945 0.07500000298023224 59.0
5.61899995803833 -1.5870000123977661 -0.08799999952316284 42.0
5.633999824523926 -1.6089999675750732 -0.24699999392032623 67.0
5.692999839782715 -1.6460000276565552 -0.42399999499320984 59.0
5.706999778747559 -1.4579999446868896 0.07800000160932541 62.0
5.625 -1.4520000219345093 -0.0860000029206276 55.0
5.639999866485596 -1.4670000076293945 -0.2460000067949295 67.0
5.699999809265137 -1.5 -0.42500001192092896 61.0
5.718999862670898 -1.3250000476837158 0.08100000023841858 61.0
5.706999778747559 -1.3339999914169312 -0.0860000029206276 78.0
5.714000225067139 -1.3450000286102295 -0.24899999797344208 75.0
5.7129998207092285 -1.3559999465942383 -0.4269999861717224 62.0
5.7230000495910645 -1.1929999589920044 0.08399999886751175 63.0
5.723999977111816 -1.2000000476837158 -0.08399999886751175 63.0
5.742000102996826 -1.2100000381469727 -0.25 70.0
5.716000080108643 -1.2120000123977661 -0.42899999022483826 66.0
5.729000091552734 -1.0609999895095825 0.08699999749660492 66.0
5.73199987411499 -1.065000057220459 -0.08299999684095383 67.0
5.7230000495910645 -1.065000057220459 -0.24899999797344208 65.0
5.7230000495910645 -1.0700000524520874 -0.4309999942779541 65.0
5.742000102996826 -0.9309999942779541 0.09000000357627869 67.0
5.743000030517578 -0.9309999942779541 -0.0820000022649765 71.0
5.734000205993652 -0.9290000200271606 -0.25 65.0
5.73799991607666 -0.9290000200271606 -0.43299999833106995 65.0
5.744999885559082 -0.8009999990463257 0.09200000017881393 70.0
5.738999843597412 -0.7960000038146973 -0.08100000023841858 74.0
5.745999813079834 -0.7929999828338623 -0.25 72.0
5.741000175476074 -0.7889999747276306 -0.4350000023841858 66.0
5.748000144958496 -0.671999990940094 0.0949999988079071 89.0
5.749000072479248 -0.6639999747276306 -0.07999999821186066 97.0
5.744999885559082 -0.656000018119812 -0.25 89.0
5.744999885559082 -0.6480000019073486 -0.43700000643730164 73.0
4.797999858856201 -0.4519999921321869 0.08100000023841858 15.0
5.75 -0.5320000052452087 -0.07900000363588333 150.0
5.754000186920166 -0.5189999938011169 -0.25099998712539673 131.0
5.752999782562256 -0.5090000033378601 -0.4390000104904175 88.0
5.23199987411499 -0.37599998712539673 0.09000000357627869 176.0
5.75600004196167 -0.39899998903274536 -0.07800000160932541 150.0
5.763000011444092 -0.3840000033378601 -0.25200000405311584 150.0
5.75600004196167 -0.36899998784065247 -0.4410000145435333 96.0
3.3940000534057617 -0.16699999570846558 0.05999999865889549 4.0
5.769000053405762 -0.2669999897480011 -0.07699999958276749 151.0
5.76200008392334 -0.24699999392032623 -0.25200000405311584 150.0
5.755000114440918 -0.2280000001192093 -0.4429999887943268 150.0
3.368000030517578 -0.09099999815225601 0.05999999865889549 92.0
3.4019999504089355 -0.07900000363588333 -0.04399999976158142 20.0
5.7729997634887695 -0.1120000034570694 -0.2529999911785126 150.0
5.769000053405762 -0.08900000154972076 -0.44600000977516174 150.0
3.305999994277954 -0.014999999664723873 0.061000000685453415 80.0
3.378999948501587 -0.0010000000474974513 -0.04399999976158142 46.0
5.775000095367432 0.02199999988079071 -0.2540000081062317 120.0
3.2920000553131104 0.02800000086426735 -0.25600001215934753 21.0
3.305000066757202 0.05700000002980232 0.06199999898672104 85.0
3.3540000915527344 0.07500000298023224 -0.0430000014603138 57.0
3.2699999809265137 0.09000000357627869 -0.14399999380111694 36.0
3.263000011444092 0.10700000077486038 -0.2549999952316284 54.0
3.2860000133514404 0.12999999523162842 0.06199999898672104 82.0
3.3369998931884766 0.1509999930858612 -0.041999999433755875 93.0
3.3510000705718994 0.17100000381469727 -0.14800000190734863 3.0
5.806000232696533 0.3319999873638153 -0.4560000002384186 20.0
3.2730000019073486 0.20200000703334808 0.06300000101327896 96.0
3.3440001010894775 0.2280000001192093 -0.041999999433755875 57.0
5.807000160217285 0.4339999854564667 -0.25699999928474426 71.0
5.810999870300293 0.4729999899864197 -0.45899999141693115 67.0
3.306999921798706 0.27900001406669617 0.06499999761581421 78.0
3.3369998931884766 0.3050000071525574 -0.041999999433755875 24.0
5.829999923706055 0.5740000009536743 -0.2590000033378601 70.0
5.815999984741211 0.6169999837875366 -0.4620000123977661 68.0
5.235000133514404 0.5600000023841858 0.10400000214576721 38.0
5.826000213623047 0.6679999828338623 -0.0729999989271164 72.0
5.817999839782715 0.7120000123977661 -0.2590000033378601 68.0
5.828000068664551 0.7609999775886536 -0.4659999907016754 68.0
4.513000011444092 0.5839999914169312 0.09099999815225601 18.0
5.830999851226807 0.8040000200271606 -0.0729999989271164 70.0
5.828999996185303 0.8539999723434448 -0.26100000739097595 68.0
5.826000213623047 0.9039999842643738 -0.4690000116825104 68.0
5.834000110626221 0.8870000243186951 0.11900000274181366 59.0
5.840000152587891 0.9419999718666077 -0.0729999989271164 70.0
5.855000019073486 0.9980000257492065 -0.2630000114440918 72.0
5.834000110626221 1.0509999990463257 -0.47200000286102295 68.0
4.894999980926514 0.8569999933242798 0.10100000351667404 24.0
5.841000080108643 1.0800000429153442 -0.07199999690055847 69.0
5.835999965667725 1.1369999647140503 -0.2639999985694885 69.0
5.8460001945495605 1.2009999752044678 -0.47600001096725464 68.0
5.8460001945495605 1.159000039100647 0.12200000137090683 68.0
5.853000164031982 1.222000002861023 -0.07199999690055847 73.0
5.8420000076293945 1.281000018119812 -0.26499998569488525 69.0
5.853000164031982 1.350000023841858 -0.47999998927116394 67.0
5.857999801635742 1.2970000505447388 0.12399999797344208 68.0
5.857999801635742 1.3639999628067017 -0.07199999690055847 68.0
5.860000133514404 1.4320000410079956 -0.2669999897480011 82.0
5.861000061035156 1.5019999742507935 -0.48399999737739563 70.0
5.854000091552734 1.434999942779541 0.125 83.0
5.857999801635742 1.5069999694824219 -0.07199999690055847 73.0
5.86899995803833 1.5809999704360962 -0.27000001072883606 70.0
5.870999813079834 1.6579999923706055 -0.48899999260902405 68.0
5.879000186920166 1.5809999704360962 0.12700000405311584 69.0
5.875 1.656000018119812 -0.0729999989271164 54.0
5.875 1.7330000400543213 -0.2709999978542328 68.0
5.877999782562256 1.815000057220459 -0.49300000071525574 67.0
5.88100004196167 1.7230000495910645 0.12800000607967377 71.0
5.879000186920166 1.8029999732971191 -0.0729999989271164 69.0
5.883999824523926 1.8869999647140503 -0.27399998903274536 71.0
5.9029998779296875 1.9809999465942383 -0.49900001287460327 67.0
5.88700008392334 1.86899995803833 0.12999999523162842 68.0
5.888000011444092 1.9559999704360962 -0.0729999989271164 94.0
5.749000072479248 1.9950000047683716 -0.26899999380111694 19.0
5.890999794006348 2.13700008392334 -0.5019999742507935 68.0
5.86299991607666 2.006999969482422 0.12999999523162842 14.0
5.640999794006348 2.0179998874664307 -0.07000000029802322 22.0
5.418000221252441 2.0239999294281006 -0.2549999952316284 22.0
5.702000141143799 2.2269999980926514 -0.49000000953674316 57.0
5.605999946594238 2.059999942779541 0.125 10.0
5.250999927520752 2.0169999599456787 -0.06499999761581421 37.0
5.236000061035156 2.0980000495910645 -0.24899999797344208 76.0
5.366000175476074 2.246999979019165 -0.4650000035762787 65.0
5.23199987411499 2.056999921798706 0.11800000071525574 69.0
5.236000061035156 2.1489999294281006 -0.06599999964237213 71.0
5.249000072479248 2.246999979019165 -0.25099998712539673 75.0
5.09499979019165 2.2799999713897705 -0.44600000977516174 37.0
5.250999927520752 2.200000047683716 0.11900000274181366 75.0
5.201000213623047 2.2760000228881836 -0.06599999964237213 30.0
5.061999797821045 2.309000015258789 -0.24400000274181366 68.0
5.073999881744385 2.4189999103546143 -0.4490000009536743 63.0
5.2820000648498535 2.3540000915527344 0.12099999934434891 116.0
5.093999862670898 2.369999885559082 -0.06499999761581421 70.0
5.072000026702881 2.4609999656677246 -0.24699999392032623 68.0
5.081999778747559 2.5769999027252197 -0.45399999618530273 64.0
5.289000034332275 2.5 0.12200000137090683 110.0
5.099999904632568 2.5179998874664307 -0.06599999964237213 69.0
5.084000110626221 2.618000030517578 -0.25 65.0
5.090000152587891 2.736999988555908 -0.45899999141693115 64.0
5.302999973297119 2.6549999713897705 0.12300000339746475 103.0
5.109000205993652 2.6689999103546143 -0.06599999964237213 68.0
5.098999977111816 2.7790000438690186 -0.2529999911785126 65.0
5.960999965667725 3.3949999809265137 -0.5429999828338623 44.0
5.313000202178955 2.809999942779541 0.12399999797344208 103.0
5.107999801635742 2.822000026702881 -0.06700000166893005 62.0
3.997999906539917 2.302000045776367 -0.20000000298023224 56.0
3.880000114440918 2.3350000381469727 -0.3569999933242798 1.0
4.034999847412109 2.252000093460083 0.09399999678134918 2.0
3.930999994277954 2.2909998893737793 -0.052000001072883606 13.0
0.0 0.0 0.0 0.0
6.002999782562256 3.813999891281128 -0.5590000152587891 12.0
3.9539999961853027 2.322999954223633 0.09300000220537186 21.0
3.7780001163482666 2.319000005722046 -0.050999999046325684 16.0
3.7079999446868896 2.372999906539917 -0.1899999976158142 8.0
6.008999824523926 4.02400016784668 -0.5659999847412109 23.0
3.9609999656677246 2.4489998817443848 0.09300000220537186 47.0
3.5920000076293945 2.319999933242798 -0.04899999871850014 12.0
3.5380001068115234 2.384999990463257 -0.18299999833106995 8.0
6.013000011444092 4.239999771118164 -0.5740000009536743 36.0
3.563999891281128 2.315999984741211 0.08399999886751175 49.0
3.4260001182556152 2.3269999027252197 -0.04699999839067459 11.0
3.3540000915527344 2.378999948501587 -0.17599999904632568 6.0
0.0 0.0 0.0 0.0
3.437999963760376 2.3459999561309814 0.0820000022649765 34.0
3.2720000743865967 2.3350000381469727 -0.04600000008940697 14.0
3.1549999713897705 2.3510000705718994 -0.16699999570846558 52.0
0.0 0.0 0.0 0.0
3.3359999656677246 2.388000011444092 0.07900000363588333 48.0
3.140000104904175 2.3519999980926514 -0.04500000178813934 49.0
3.063999891281128 2.3980000019073486 -0.164000004529953 51.0
6.059000015258789 4.968999862670898 -0.6010000109672546 40.0
3.13100004196167 2.3499999046325684 0.07500000298023224 51.0
3.062000036239624 2.4049999713897705 -0.04500000178813934 72.0
3.0739998817443848 2.5250000953674316 -0.16699999570846558 37.0
6.074999809265137 5.234000205993652 -0.6110000014305115 39.0
3.069999933242798 2.4140000343322754 0.0729999989271164 67.0
3.071000099182129 2.5280001163482666 -0.04600000008940697 59.0
3.0959999561309814 2.6670000553131104 -0.17100000381469727 37.0
6.084000110626221 5.499000072479248 -0.6209999918937683 41.0
3.0889999866485596 2.5429999828338623 0.07400000095367432 67.0
3.0999999046325684 2.674999952316284 -0.04699999839067459 70.0
6.090000152587891 5.5 -0.34200000762939453 41.0
6.105000019073486 5.793000221252441 -0.6330000162124634 43.0
3.1080000400543213 2.677999973297119 0.07500000298023224 65.0
6.089000225067139 5.502999782562256 -0.0949999988079071 41.0
6.09499979019165 5.769999980926514 -0.34700000286102295 40.0
6.114999771118164 6.0920000076293945 -0.6439999938011169 44.0
6.0960001945495605 5.499000072479248 0.1469999998807907 41.0
6.107999801635742 5.783999919891357 -0.09700000286102295 43.0
6.124000072479248 6.081999778747559 -0.3540000021457672 38.0
6.133999824523926 6.410999774932861 -0.6570000052452087 35.0
6.077000141143799 5.73799991607666 0.1469999998807907 18.0
6.125999927520752 6.073999881744385 -0.10000000149011612 40.0
6.138999938964844 6.389999866485596 -0.3610000014305115 39.0
6.146999835968018 6.744999885559082 -0.6700000166893005 35.0
4.966000080108643 4.90500020980835 0.11999999731779099 0.0
6.13700008392334 6.374000072479248 -0.10300000011920929 41.0
6.1519999504089355 6.7129998207092285 -0.36899998784065247 36.0
6.173999786376953 7.110000133514404 -0.6859999895095825 34.0
4.821000099182129 4.980999946594238 0.11599999666213989 1.0
6.151000022888184 6.690000057220459 -0.10599999874830246 36.0
6.181000232696533 7.070000171661377 -0.37700000405311584 36.0
6.198999881744385 7.49399995803833 -0.7020000219345093 33.0
6.1479997634887695 6.645999908447266 0.14800000190734863 23.0
6.178999900817871 7.038000106811523 -0.10999999940395355 36.0
6.203000068664551 7.445000171661377 -0.38600000739097595 37.0
6.229000091552734 7.908999919891357 -0.718999981880188 34.0
6.188000202178955 7.002999782562256 0.15000000596046448 16.0
6.203999996185303 7.4039998054504395 -0.11400000005960464 37.0
6.21999979019165 7.830999851226807 -0.39500001072883606 35.0
6.223999977111816 8.307000160217285 -0.734000027179718 33.0
4.681000232696533 5.545000076293945 0.11299999803304672 2.0
6.209000110626221 7.770999908447266 -0.11699999868869781 35.0
6.244999885559082 8.256999969482422 -0.4050000011920929 34.0
3.372999906539917 4.736999988555908 -0.4059999883174896 22.0
6.218999862670898 7.7170000076293945 0.15000000596046448 31.0
6.238999843597412 8.190999984741211 -0.12200000137090683 34.0
3.3970000743865967 4.7179999351501465 -0.22499999403953552 33.0
6.2789998054504395 9.279999732971191 -0.7749999761581421 11.0
3.8499999046325684 5.005000114440918 0.09200000017881393 4.0
3.4170000553131104 4.706999778747559 -0.0689999982714653 30.0
6.281000137329102 9.17300033569336 -0.4269999861717224 37.0
3.427000045776367 5.335000038146973 -0.43299999833106995 1.0
3.73799991607666 5.0970001220703125 0.09000000357627869 1.0
6.275000095367432 9.079000473022461 -0.13099999725818634 35.0
6.314000129699707 9.701000213623047 -0.4399999976158142 23.0
6.373000144958496 10.468000411987305 -0.8270000219345093 7.0
6.2769999504089355 8.97599983215332 0.15000000596046448 30.0
6.302999973297119 9.588000297546387 -0.13699999451637268 39.0
6.354000091552734 10.282999992370605 -0.45500001311302185 28.0
3.4719998836517334 6.021999835968018 -0.46299999952316284 0.0
3.753999948501587 5.636000156402588 0.08900000154972076 44.0
6.331999778747559 10.133999824523926 -0.14300000667572021 31.0
6.234000205993652 10.642000198364258 -0.45899999141693115 83.0
5.818999767303467 10.67300033569336 -0.7990000247955322 93.0
6.348999977111816 10.024999618530273 0.15000000596046448 20.0
6.284999847412109 10.593999862670898 -0.14800000190734863 65.0
3.3989999294281006 6.126999855041504 -0.257999986410141 2.0
5.49399995803833 10.680000305175781 -0.777999997138977 91.0
6.1519999504089355 10.223999977111816 0.14499999582767487 48.0
3.4110000133514404 6.068999767303467 -0.08399999886751175 138.0
5.59499979019165 10.675000190734863 -0.43799999356269836 91.0
5.190999984741211 10.708999633789062 -0.7599999904632568 85.0
3.4649999141693115 6.066999912261963 0.08100000023841858 28.0
5.6579999923706055 10.637999534606934 -0.1459999978542328 63.0
5.289999961853027 10.696000099182129 -0.42899999022483826 89.0
4.8979997634887695 10.758000373840332 -0.7429999709129333 5.0
5.559000015258789 10.267000198364258 0.12800000607967377 34.0
5.374000072479248 10.692000389099121 -0.14499999582767487 89.0
4.993000030517578 10.723999977111816 -0.41999998688697815 84.0
0.0 0.0 0.0 0.0
5.480000019073486 10.704000473022461 0.12600000202655792 88.0
5.077000141143799 10.711000442504883 -0.14399999380111694 70.0
4.76200008392334 10.880999565124512 -0.41600000858306885 1.0
0.0 0.0 0.0 0.0
3.4119999408721924 7.056000232696533 0.07699999958276749 2.0
3.361999988555908 7.538000106811523 -0.10100000351667404 1.0
0.0 0.0 0.0 0.0
4.052000045776367 10.895999908447266 -0.6949999928474426 78.0
3.3989999294281006 7.458000183105469 0.07599999755620956 2.0
0.0 0.0 0.0 0.0
0.0 0.0 0.0 0.0
0.609000027179718 1.7680000066757202 -0.10899999737739563 2.0
3.687000036239624 8.604000091552734 0.08100000023841858 15.0
0.0 0.0 0.0 0.0
0.6269999742507935 1.7630000114440918 -0.06199999898672104 3.0
0.5690000057220459 1.7890000343322754 -0.1080000028014183 4.0
0.0 0.0 0.0 0.0
0.6399999856948853 1.753999948501587 -0.023000000044703484 16.0
3.1410000324249268 9.53499984741211 -0.3310000002384186 1.0
0.5049999952316284 1.7289999723434448 -0.10100000351667404 3.0
0.0 0.0 0.0 0.0
3.684999942779541 10.876999855041504 -0.14300000667572021 58.0
0.5239999890327454 1.7259999513626099 -0.057999998331069946 4.0
0.6420000195503235 2.4079999923706055 -0.1379999965429306 4.0
3.3350000381469727 9.557000160217285 0.06800000369548798 19.0
0.550000011920929 1.7599999904632568 -0.023000000044703484 8.0
0.5360000133514404 1.9259999990463257 -0.06400000303983688 3.0
0.5860000252723694 2.427000045776367 -0.13500000536441803 2.0
0.5730000138282776 1.7740000486373901 0.010999999940395355 1.0
0.0 0.0 0.0 0.0
2.5820000171661377 10.192000389099121 -0.3310000002384186 38.0
2.2230000495910645 10.258000373840332 -0.5569999814033508 8.0
0.9020000100135803 3.0260000228881836 0.017000000923871994 31.0
0.0 0.0 0.0 0.0
2.322999954223633 10.17199993133545 -0.32199999690055847 65.0
0.9229999780654907 4.803999900817871 -0.2529999911785126 16.0
0.6539999842643738 2.3959999084472656 0.010999999940395355 4.0
0.574999988079071 2.4149999618530273 -0.03099999949336052 27.0
0.9779999852180481 4.796000003814697 -0.14800000190734863 16.0
0.46000000834465027 2.746999979019165 -0.14100000262260437 16.0
0.6019999980926514 2.4240000247955322 0.009999999776482582 3.0
2.2239999771118164 10.425000190734863 -0.1340000033378601 101.0
0.492000013589859 2.742000102996826 -0.08299999684095383 3.0
0.0 0.0 0.0 0.0
2.2820000648498535 10.187000274658203 0.035999998450279236 67.0
0.9070000052452087 4.791999816894531 -0.06199999898672104 94.0
0.4269999861717224 2.753000020980835 -0.08100000023841858 39.0
0.0 0.0 0.0 0.0
0.9570000171661377 4.785999774932861 0.013000000268220901 150.0
0.45399999618530273 2.747999906539917 -0.03500000014901161 72.0
0.3610000014305115 2.749000072479248 -0.07900000363588333 33.0
0.0 0.0 0.0 0.0
0.48399999737739563 2.749000072479248 0.004999999888241291 16.0
0.3889999985694885 2.753999948501587 -0.03500000014901161 57.0
0.0 0.0 0.0 0.0
0.0 0.0 0.0 0.0
0.4189999997615814 2.752000093460083 0.003000000026077032 72.0
0.32499998807907104 2.753999948501587 -0.03500000014901161 47.0
0.0 0.0 0.0 0.0
0.0 0.0 0.0 0.0
0.35499998927116394 2.75600004196167 0.0010000000474974513 62.0
0.0 0.0 0.0 0.0
0.0 0.0 0.0 0.0
0.0 0.0 0.0 0.0
0.29100000858306885 2.765000104904175 0.0 69.0
0.0 0.0 0.0 0.0
0.0 0.0 0.0 0.0
0.0 0.0 0.0 0.0
0.22499999403953552 2.76200008392334 -0.0010000000474974513 27.0
0.0 0.0 0.0 0.0
0.0 0.0 0.0 0.0
0.0 0.0 0.0 0.0
0.16099999845027924 2.7760000228881836 -0.003000000026077032 2.0
0.0 0.0 0.0 0.0
0.0 0.0 0.0 0.0
0.0 0.0 0.0 0.0
0.0 0.0 0.0 0.0
0.0 0.0 0.0 0.0
0.0 0.0 0.0 0.0
0.0 0.0 0.0 0.0
0.0 0.0 0.0 0.0
0.0 0.0 0.0 0.0
0.0 0.0 0.0 0.0
-0.26100000739097595 2.822999954223633 -0.10199999809265137 25.0
0.0 0.0 0.0 0.0
0.0 0.0 0.0 0.0
0.0 0.0 0.0 0.0
-0.3059999942779541 2.631999969482422 -0.09099999815225601 102.0
0.0 0.0 0.0 0.0
0.0 0.0 0.0 0.0
-0.29100000858306885 2.821000099182129 -0.06300000101327896 17.0
-0.3409999907016754 2.437999963760376 -0.08100000023841858 22.0
0.0 0.0 0.0 0.0
0.0 0.0 0.0 0.0
-0.3179999887943268 2.51200008392334 -0.05400000140070915 21.0
-0.3919999897480011 2.390000104904175 -0.07699999958276749 69.0
0.0 0.0 0.0 0.0
0.0 0.0 0.0 0.0
-0.3610000014305115 2.3970000743865967 -0.05000000074505806 44.0
-0.33000001311302185 1.7569999694824219 -0.05400000140070915 11.0
0.0 0.0 0.0 0.0
-0.3400000035762787 2.430999994277954 -0.03200000151991844 14.0
-0.3140000104904175 1.7999999523162842 -0.03700000047683716 12.0
-0.37299999594688416 1.7569999694824219 -0.050999999046325684 6.0
0.0 0.0 0.0 0.0
-0.39100000262260437 2.388000011444092 -0.03099999949336052 46.0
-0.3449999988079071 1.7369999885559082 -0.03400000184774399 110.0
-0.5799999833106995 2.450000047683716 -0.0689999982714653 69.0
-0.36500000953674316 2.3910000324249268 -0.01899999938905239 34.0
-0.3269999921321869 1.7419999837875366 -0.023000000044703484 9.0
-0.3799999952316284 1.7079999446868896 -0.032999999821186066 0.0
-0.4790000021457672 1.8320000171661377 -0.04899999871850014 76.0
-0.32499998807907104 1.8380000591278076 -0.01600000075995922 3.0
-0.515999972820282 2.431999921798706 -0.03200000151991844 150.0
-0.4699999988079071 1.8969999551773071 -0.03500000014901161 160.0
-0.5009999871253967 1.7510000467300415 -0.04399999976158142 11.0
-0.3449999988079071 1.7130000591278076 -0.01600000075995922 38.0
-0.5789999961853027 2.444000005722046 -0.03200000151991844 150.0
-0.492000013589859 1.805999994277954 -0.03200000151991844 8.0
-0.7889999747276306 2.5299999713897705 -0.05999999865889549 150.0
-0.5490000247955322 2.430999994277954 -0.02500000037252903 75.0
-0.4790000021457672 1.8320000171661377 -0.024000000208616257 6.0
-0.515999972820282 1.7350000143051147 -0.029999999329447746 53.0
-0.9729999899864197 2.885999917984009 -0.06499999761581421 46.0
-0.45500001311302185 1.819000005722046 -0.019999999552965164 8.0
-0.5019999742507935 1.75 -0.023000000044703484 13.0
-0.9359999895095825 2.8929998874664307 -0.04800000041723251 34.0
-2.63100004196167 7.24399995803833 -0.15299999713897705 23.0
-0.49799999594688416 1.8049999475479126 -0.020999999716877937 8.0
-0.7910000085830688 2.5329999923706055 -0.03400000184774399 150.0
-1.0130000114440918 2.9030001163482666 -0.04600000008940697 10.0
-2.6540000438690186 6.809000015258789 -0.1340000033378601 24.0
-0.5210000276565552 1.7300000190734863 -0.02199999988079071 86.0
-0.9789999723434448 2.8929998874664307 -0.039000000804662704 48.0
-2.630000114440918 7.005000114440918 -0.1080000028014183 24.0
-2.6689999103546143 6.408999919891357 -0.11699999868869781 21.0
-0.9459999799728394 2.890000104904175 -0.039000000804662704 38.0
-2.625999927520752 7.198999881744385 -0.0989999994635582 23.0
-2.6640000343322754 6.620999813079834 -0.09700000286102295 19.0
-2.7019999027252197 6.085999965667725 -0.10199999809265137 27.0
-2.5940001010894775 7.335999965667725 -0.10599999874830246 15.0
-2.6510000228881836 6.770999908447266 -0.09399999678134918 23.0
-2.681999921798706 6.243000030517578 -0.08799999952316284 26.0
-2.7219998836517334 5.769999980926514 -0.08799999952316284 26.0
-2.6410000324249268 6.940999984741211 -0.10599999874830246 23.0
-2.677000045776367 6.394000053405762 -0.08900000154972076 26.0
-2.7019999027252197 5.9079999923706055 -0.07900000363588333 27.0
-2.742000102996826 5.479000091552734 -0.07500000298023224 25.0
-2.6679999828338623 6.545000076293945 -0.10599999874830246 18.0
-2.7009999752044678 6.048999786376953 -0.08500000089406967 27.0
-2.7230000495910645 5.605999946594238 -0.07100000232458115 25.0
-2.756999969482422 5.208000183105469 -0.06300000101327896 17.0
-2.694000005722046 6.186999797821045 -0.10599999874830246 28.0
-2.7200000286102295 5.7270002365112305 -0.08100000023841858 26.0
-2.743000030517578 5.328000068664551 -0.06400000303983688 22.0
0.0 0.0 0.0 0.0
-2.7179999351501465 5.855999946594238 -0.10599999874830246 27.0
-2.7360000610351562 5.429999828338623 -0.07800000160932541 30.0
-2.7790000438690186 5.105000019073486 -0.05700000002980232 10.0
0.0 0.0 0.0 0.0
-2.7339999675750732 5.544000148773193 -0.10599999874830246 25.0
-2.76200008392334 5.175000190734863 -0.07400000095367432 17.0
0.0 0.0 0.0 0.0
0.0 0.0 0.0 0.0
-2.752000093460083 5.261000156402588 -0.10499999672174454 22.0
0.0 0.0 0.0 0.0
0.0 0.0 0.0 0.0
0.0 0.0 0.0 0.0
-2.7799999713897705 5.021999835968018 -0.10499999672174454 0.0
0.0 0.0 0.0 0.0
0.0 0.0 0.0 0.0
0.0 0.0 0.0 0.0
0.0 0.0 0.0 0.0
0.0 0.0 0.0 0.0
0.0 0.0 0.0 0.0
0.0 0.0 0.0 0.0
0.0 0.0 0.0 0.0
0.0 0.0 0.0 0.0
0.0 0.0 0.0 0.0
0.0 0.0 0.0 0.0
0.0 0.0 0.0 0.0
0.0 0.0 0.0 0.0
0.0 0.0 0.0 0.0
0.0 0.0 0.0 0.0
0.0 0.0 0.0 0.0
0.0 0.0 0.0 0.0
0.0 0.0 0.0 0.0
0.0 0.0 0.0 0.0
0.0 0.0 0.0 0.0
0.0 0.0 0.0 0.0
0.0 0.0 0.0 0.0
0.0 0.0 0.0 0.0
0.0 0.0 0.0 0.0
0.0 0.0 0.0 0.0
0.0 0.0 0.0 0.0
0.0 0.0 0.0 0.0
0.0 0.0 0.0 0.0
0.0 0.0 0.0 0.0
0.0 0.0 0.0 0.0
0.0 0.0 0.0 0.0
0.0 0.0 0.0 0.0
0.0 0.0 0.0 0.0
0.0 0.0 0.0 0.0
-2.7119998931884766 2.7209999561309814 0.03500000014901161 74.0
0.0 0.0 0.0 0.0
0.0 0.0 0.0 0.0
-2.6649999618530273 2.7139999866485596 -0.0020000000949949026 1.0
-2.8440001010894775 2.7269999980926514 0.04100000113248825 127.0
0.0 0.0 0.0 0.0
0.0 0.0 0.0 0.0
-2.811000108718872 2.7339999675750732 0.0 107.0
-2.8589999675750732 2.61899995803833 0.04699999839067459 54.0
-2.635999917984009 2.7300000190734863 -0.0949999988079071 25.0
-2.7820000648498535 2.7269999980926514 -0.04399999976158142 84.0
-2.8610000610351562 2.6570000648498535 0.003000000026077032 57.0
-2.865999937057495 2.509000062942505 0.050999999046325684 57.0
-2.763000011444092 2.7279999256134033 -0.0989999994635582 64.0
-2.8559999465942383 2.671999931335449 -0.04399999976158142 57.0
-2.861999988555908 2.5369999408721924 0.006000000052154064 65.0
-2.875 2.4049999713897705 0.0560000017285347 58.0
-2.8610000610351562 2.693000078201294 -0.10199999809265137 53.0
-2.8610000610351562 2.553999900817871 -0.0430000014603138 61.0
-2.871999979019165 2.430000066757202 0.008999999612569809 62.0
-2.878999948501587 2.2990000247955322 0.061000000685453415 61.0
-2.861999988555908 2.568000078201294 -0.10199999809265137 56.0
-2.869999885559082 2.441999912261963 -0.04100000113248825 59.0
-2.878999948501587 2.325000047683716 0.010999999940395355 64.0
-2.8929998874664307 2.2049999237060547 0.06499999761581421 57.0
-2.871000051498413 2.4539999961853027 -0.10199999809265137 55.0
-2.878999948501587 2.3359999656677246 -0.03999999910593033 65.0
-2.8889999389648438 2.2239999771118164 0.014000000432133675 60.0
-2.8929998874664307 2.1050000190734863 0.0689999982714653 61.0
-2.878999948501587 2.3440001010894775 -0.10199999809265137 58.0
-2.888000011444092 2.2320001125335693 -0.039000000804662704 59.0
-2.8940000534057617 2.125 0.017000000923871994 65.0
-2.9010000228881836 2.01200008392334 0.0729999989271164 67.0
-2.884000062942505 2.234999895095825 -0.10199999809265137 60.0
-2.8940000534057617 2.130000114440918 -0.03799999877810478 62.0
-2.9040000438690186 2.0299999713897705 0.01899999938905239 65.0
-2.9070000648498535 1.9210000038146973 0.07699999958276749 61.0
-2.8910000324249268 2.13100004196167 -0.10199999809265137 63.0
-2.9010000228881836 2.0329999923706055 -0.03700000047683716 70.0
-2.9040000438690186 1.9320000410079956 0.02199999988079071 67.0
-2.9130001068115234 1.8309999704360962 0.08100000023841858 68.0
-2.9019999504089355 2.0339999198913574 -0.10199999809265137 66.0
-2.9059998989105225 1.9359999895095825 -0.035999998450279236 68.0
-2.9119999408721924 1.843000054359436 0.024000000208616257 68.0
-2.921999931335449 1.746000051498413 0.08500000089406967 62.0
-2.9079999923706055 1.934999942779541 -0.10199999809265137 61.0
-2.9110000133514404 1.8420000076293945 -0.03400000184774399 67.0
-2.9210000038146973 1.7549999952316284 0.026000000536441803 66.0
-2.930999994277954 1.6640000343322754 0.08900000154972076 65.0
-2.9159998893737793 1.840999960899353 -0.10199999809265137 61.0
-2.9240000247955322 1.7549999952316284 -0.032999999821186066 65.0
-2.930000066757202 1.6710000038146973 0.028999999165534973 67.0
-2.934000015258789 1.5789999961853027 0.09300000220537186 67.0
-2.927000045776367 1.7510000467300415 -0.10199999809265137 65.0
-2.924999952316284 1.6640000343322754 -0.03200000151991844 69.0
-2.937000036239624 1.5850000381469727 0.03099999949336052 68.0
-2.940999984741211 1.4989999532699585 0.09600000083446503 69.0
-2.928999900817871 1.656999945640564 -0.10199999809265137 60.0
-2.933000087738037 1.5779999494552612 -0.03099999949336052 70.0
-2.937999963760376 1.5 0.032999999821186066 68.0
-2.946000099182129 1.4190000295639038 0.10000000149011612 75.0
-2.937000036239624 1.5700000524520874 -0.10199999809265137 66.0
-2.941999912261963 1.49399995803833 -0.029999999329447746 75.0
-2.943000078201294 1.4190000295639038 0.03500000014901161 78.0
-2.9489998817443848 1.340000033378601 0.10300000011920929 76.0
-2.940000057220459 1.4819999933242798 -0.10199999809265137 69.0
-2.941999912261963 1.409000039100647 -0.028999999165534973 70.0
-2.947000026702881 1.3380000591278076 0.03700000047683716 63.0
-2.9549999237060547 1.2640000581741333 0.10700000077486038 65.0
-2.944999933242798 1.3960000276565552 -0.10199999809265137 72.0
-2.9509999752044678 1.3289999961853027 -0.02800000086426735 71.0
-2.9519999027252197 1.2589999437332153 0.039000000804662704 64.0
-2.9570000171661377 1.187000036239624 0.10999999940395355 64.0
-2.944000005722046 1.309999942779541 -0.10199999809265137 63.0
-2.9519999027252197 1.246000051498413 -0.027000000700354576 66.0
-2.9539999961853027 1.180999994277954 0.04100000113248825 69.0
-2.9590001106262207 1.1119999885559082 0.11299999803304672 67.0
-2.9519999027252197 1.2289999723434448 -0.10199999809265137 63.0
-2.9539999961853027 1.1660000085830688 -0.026000000536441803 67.0
-2.9590001106262207 1.1050000190734863 0.04399999976158142 66.0
-2.9660000801086426 1.0399999618530273 0.11599999666213989 67.0
-2.9630000591278076 1.149999976158142 -0.10199999809265137 67.0
-2.9600000381469727 1.0880000591278076 -0.02500000037252903 68.0
-2.9690001010894775 1.031999945640564 0.04600000008940697 74.0
-2.9700000286102295 0.9670000076293945 0.11999999731779099 67.0
-2.9609999656677246 1.0679999589920044 -0.10199999809265137 64.0
-2.9690001010894775 1.0130000114440918 -0.024000000208616257 66.0
-2.9709999561309814 0.9559999704360962 0.04800000041723251 69.0
-2.9730000495910645 0.8949999809265137 0.12300000339746475 73.0
-2.9609999656677246 0.9879999756813049 -0.10199999809265137 106.0
-2.9730000495910645 0.9380000233650208 -0.023000000044703484 67.0
-2.9790000915527344 0.8840000033378601 0.05000000074505806 63.0
-2.9800000190734863 0.824999988079071 0.12600000202655792 69.0
-2.9709999561309814 0.9120000004768372 -0.10199999809265137 99.0
-2.9749999046325684 0.8610000014305115 -0.02199999988079071 69.0
-2.9860000610351562 0.8130000233650208 0.052000001072883606 75.0
-2.9830000400543213 0.7549999952316284 0.1289999932050705 71.0
-2.9709999561309814 0.8339999914169312 -0.10199999809265137 102.0
-2.9800000190734863 0.7879999876022339 -0.020999999716877937 71.0
-2.9839999675750732 0.7390000224113464 0.05299999937415123 68.0
-2.986999988555908 0.6859999895095825 0.13199999928474426 71.0
-2.9790000915527344 0.7590000033378601 -0.10199999809265137 112.0
-2.986999988555908 0.7139999866485596 -0.019999999552965164 74.0
-2.990000009536743 0.6679999828338623 0.054999999701976776 71.0
-2.997999906539917 0.6179999709129333 0.13600000739097595 76.0
-2.9839999675750732 0.6850000023841858 -0.10199999809265137 113.0
-2.993000030517578 0.6420000195503235 -0.01899999938905239 75.0
-2.996999979019165 0.5979999899864197 0.05700000002980232 70.0
-2.996000051498413 0.5490000247955322 0.13899999856948853 74.0
-2.9860000610351562 0.609000027179718 -0.10199999809265137 123.0
-2.994999885559082 0.5699999928474426 -0.017999999225139618 69.0
-3.005000114440918 0.527999997138977 0.05999999865889549 75.0
-3.003999948501587 0.48100000619888306 0.1420000046491623 82.0
-2.999000072479248 0.5370000004768372 -0.10199999809265137 130.0
-3.002000093460083 0.49799999594688416 -0.017000000923871994 76.0
-3.006999969482422 0.4580000042915344 0.061000000685453415 87.0
-3.009999990463257 0.4129999876022339 0.14499999582767487 75.0
-3.003999948501587 0.46299999952316284 -0.10199999809265137 130.0
-3.003999948501587 0.4259999990463257 -0.01600000075995922 69.0
-3.013000011444092 0.3880000114440918 0.06300000101327896 92.0
-3.0199999809265137 0.34700000286102295 0.14800000190734863 113.0
-3.009000062942505 0.3889999985694885 -0.10199999809265137 77.0
-3.013000011444092 0.35499998927116394 -0.014999999664723873 135.0
-3.0199999809265137 0.3190000057220459 0.06499999761581421 150.0
-3.0179998874664307 0.27799999713897705 0.1509999930858612 139.0
-3.015000104904175 0.31700000166893005 -0.10199999809265137 130.0
-3.0299999713897705 0.2849999964237213 -0.014000000432133675 150.0
-3.0369999408721924 0.25099998712539673 0.06800000369548798 150.0
-3.0239999294281006 0.21199999749660492 0.15399999916553497 145.0
-3.0299999713897705 0.24400000274181366 -0.10199999809265137 150.0
-3.0460000038146973 0.2150000035762787 -0.013000000268220901 152.0
-3.0290000438690186 0.1809999942779541 0.07000000029802322 149.0
-3.0280001163482666 0.14499999582767487 0.15700000524520874 4.0
-3.0350000858306885 0.17100000381469727 -0.10199999809265137 13.0
0.0 0.0 0.0 0.0
0.0 0.0 0.0 0.0
0.0 0.0 0.0 0.0
0.0 0.0 0.0 0.0
0.0 0.0 0.0 0.0
0.0 0.0 0.0 0.0
0.0 0.0 0.0 0.0
0.0 0.0 0.0 0.0
-3.0490000247955322 0.0 -0.009999999776482582 3.0
-3.049999952316284 -0.026000000536441803 0.07599999755620956 10.0
-3.0399999618530273 -0.05700000002980232 0.16699999570846558 28.0
-3.0369999408721924 -0.04899999871850014 -0.10199999809265137 35.0
-3.0420000553131104 -0.07100000232458115 -0.008999999612569809 60.0
-3.0439999103546143 -0.0949999988079071 0.07800000160932541 76.0
-3.0460000038146973 -0.12399999797344208 0.17000000178813934 80.0
-3.0429999828338623 -0.12300000339746475 -0.10199999809265137 71.0
-3.0490000247955322 -0.14300000667572021 -0.00800000037997961 74.0
-3.0490000247955322 -0.16599999368190765 0.07999999821186066 70.0
-3.049999952316284 -0.19200000166893005 0.17299999296665192 71.0
-3.0460000038146973 -0.19599999487400055 -0.10199999809265137 64.0
-3.049999952316284 -0.21400000154972076 -0.007000000216066837 70.0
-3.056999921798706 -0.23600000143051147 0.0820000022649765 67.0
-3.0490000247955322 -0.25999999046325684 0.17599999904632568 86.0
-3.053999900817871 -0.2709999978542328 -0.10199999809265137 63.0
-3.056999921798706 -0.2879999876022339 -0.006000000052154064 70.0
-3.059000015258789 -0.3059999942779541 0.08399999886751175 63.0
-3.052000045776367 -0.328000009059906 0.17900000512599945 91.0
-3.059999942779541 -0.34700000286102295 -0.10100000351667404 72.0
-3.056999921798706 -0.36000001430511475 -0.004000000189989805 65.0
-3.059999942779541 -0.3779999911785126 0.0860000029206276 62.0
-3.062000036239624 -0.39800000190734863 0.18299999833106995 65.0
-3.062000036239624 -0.421999990940094 -0.10100000351667404 65.0
-3.065999984741211 -0.4350000023841858 -0.003000000026077032 65.0
-3.068000078201294 -0.44999998807907104 0.08900000154972076 67.0
-3.061000108718872 -0.46700000762939453 0.1860000044107437 73.0
-3.065000057220459 -0.4970000088214874 -0.10100000351667404 68.0
-3.068000078201294 -0.5080000162124634 -0.0020000000949949026 68.0
-3.069999933242798 -0.5220000147819519 0.09099999815225601 65.0
-3.071000099182129 -0.5379999876022339 0.1899999976158142 64.0
-3.078000068664551 -0.5770000219345093 -0.10100000351667404 66.0
-3.075000047683716 -0.5839999914169312 -0.0010000000474974513 62.0
-3.072000026702881 -0.5950000286102295 0.09300000220537186 62.0
-3.072999954223633 -0.609000027179718 0.19300000369548798 61.0
-3.0759999752044678 -0.6539999842643738 -0.10100000351667404 68.0
-3.078000068664551 -0.6600000262260437 0.0 66.0
-3.0829999446868896 -0.6700000166893005 0.09600000083446503 62.0
-3.0850000381469727 -0.6830000281333923 0.19699999690055847 72.0
-3.0859999656677246 -0.734000027179718 -0.10100000351667404 64.0
-3.0880000591278076 -0.7379999756813049 0.0010000000474974513 63.0
-3.0880000591278076 -0.7459999918937683 0.09799999743700027 66.0
-3.0840001106262207 -0.7540000081062317 0.20000000298023224 64.0
-3.0899999141693115 -0.8140000104904175 -0.10100000351667404 60.0
-3.0910000801086426 -0.8159999847412109 0.0020000000949949026 67.0
-3.0929999351501465 -0.8220000267028809 0.10100000351667404 66.0
-3.0929999351501465 -0.8299999833106995 0.20399999618530273 63.0
-3.0950000286102295 -0.8960000276565552 -0.10000000149011612 60.0
-3.0940001010894775 -0.8949999809265137 0.004000000189989805 62.0
-3.0969998836517334 -0.8989999890327454 0.10300000011920929 60.0
-3.0980000495910645 -0.9049999713897705 0.20800000429153442 70.0
-3.1029999256134033 -0.9800000190734863 -0.10000000149011612 70.0
-3.1070001125335693 -0.9779999852180481 0.004999999888241291 67.0
-3.0999999046325684 -0.9769999980926514 0.10599999874830246 62.0
-3.0980000495910645 -0.9800000190734863 0.210999995470047 72.0
-3.1080000400543213 -1.065000057220459 -0.10000000149011612 63.0
-3.1110000610351562 -1.059999942779541 0.007000000216066837 67.0
-3.1059999465942383 -1.0570000410079956 0.1080000028014183 68.0
-3.1110000610351562 -1.059999942779541 0.2160000056028366 69.0
-3.11299991607666 -1.1519999504089355 -0.0989999994635582 63.0
-3.11299991607666 -1.1430000066757202 0.00800000037997961 67.0
-3.118000030517578 -1.1419999599456787 0.11100000143051147 61.0
-3.114000082015991 -1.1380000114440918 0.21899999678134918 69.0
-3.121000051498413 -1.2410000562667847 -0.0989999994635582 64.0
-3.121999979019165 -1.2300000190734863 0.009999999776482582 67.0
-3.121999979019165 -1.2239999771118164 0.11400000005960464 62.0
-3.118000030517578 -1.218999981880188 0.22300000488758087 64.0
-3.128999948501587 -1.3320000171661377 -0.0989999994635582 64.0
-3.124000072479248 -1.3170000314712524 0.012000000104308128 61.0
-3.121999979019165 -1.3070000410079956 0.11699999868869781 58.0
-3.121000051498413 -1.3009999990463257 0.22699999809265137 58.0
-3.127000093460083 -1.4210000038146973 -0.09799999743700027 59.0
-3.130000114440918 -1.406000018119812 0.014000000432133675 62.0
-3.13100004196167 -1.3960000276565552 0.11999999731779099 55.0
-3.128000020980835 -1.3849999904632568 0.23199999332427979 62.0
-3.132999897003174 -1.5160000324249268 -0.09799999743700027 55.0
-3.134999990463257 -1.4980000257492065 0.01600000075995922 60.0
-3.135999917984009 -1.4850000143051147 0.12300000339746475 56.0
-3.134000062942505 -1.472000002861023 0.23600000143051147 59.0
-3.1510000228881836 -1.6180000305175781 -0.09799999743700027 9.0
-2.2909998893737793 -1.1610000133514404 0.012000000104308128 8.0
-3.1429998874664307 -1.5770000219345093 0.12600000202655792 53.0
-3.1389999389648438 -1.559999942779541 0.2409999966621399 60.0
-3.059000015258789 -1.6660000085830688 -0.0949999988079071 25.0
-2.2769999504089355 -1.222000002861023 0.014000000432133675 0.0
-2.2209999561309814 -1.1779999732971191 0.09099999815225601 6.0
-2.2269999980926514 -1.1690000295639038 0.17399999499320984 5.0
-2.9000000953674316 -1.6710000038146973 -0.08900000154972076 35.0
-2.943000078201294 -1.6690000295639038 0.019999999552965164 35.0
-2.9779999256134033 -1.6670000553131104 0.12600000202655792 33.0
-3.007999897003174 -1.6649999618530273 0.23899999260902405 35.0
-2.755000114440918 -1.6770000457763672 -0.08399999886751175 37.0
-2.7960000038146973 -1.6729999780654907 0.020999999716877937 36.0
-2.8350000381469727 -1.6740000247955322 0.12300000339746475 33.0
-2.875999927520752 -1.6759999990463257 0.23199999332427979 34.0
-2.625999927520752 -1.6859999895095825 -0.07900000363588333 37.0
-2.6670000553131104 -1.6820000410079956 0.02199999988079071 37.0
-2.7090001106262207 -1.684000015258789 0.11999999731779099 36.0
-2.736999988555908 -1.6779999732971191 0.22499999403953552 36.0
-2.503000020980835 -1.694000005722046 -0.07500000298023224 39.0
-2.5450000762939453 -1.6890000104904175 0.023000000044703484 40.0
-2.5820000171661377 -1.687000036239624 0.11699999868869781 36.0
-2.615000009536743 -1.684000015258789 0.21899999678134918 37.0
-2.3919999599456787 -1.7039999961853027 -0.07100000232458115 45.0
-2.430999994277954 -1.6970000267028809 0.024000000208616257 41.0
-2.4679999351501465 -1.6950000524520874 0.11500000208616257 41.0
-2.503000020980835 -1.690999984741211 0.21299999952316284 39.0
-2.2730000019073486 -1.7029999494552612 -0.06700000166893005 46.0
-2.319000005722046 -1.7009999752044678 0.024000000208616257 47.0
-2.361999988555908 -1.7020000219345093 0.11299999803304672 45.0
-2.4000000953674316 -1.7009999752044678 0.20900000631809235 38.0
-2.1760001182556152 -1.7130000591278076 -0.06300000101327896 49.0
-2.2190001010894775 -1.7079999446868896 0.02500000037252903 52.0
-2.260999917984009 -1.7089999914169312 0.11100000143051147 47.0
-2.296999931335449 -1.7039999961853027 0.20399999618530273 43.0
-2.0789999961853027 -1.718999981880188 -0.05999999865889549 52.0
-2.122999906539917 -1.715000033378601 0.026000000536441803 50.0
-2.1610000133514404 -1.7120000123977661 0.10899999737739563 48.0
-2.2019999027252197 -1.7109999656677246 0.19900000095367432 54.0
-1.9880000352859497 -1.725000023841858 -0.0560000017285347 51.0
-2.0329999923706055 -1.7230000495910645 0.027000000700354576 54.0
-2.0739998817443848 -1.7209999561309814 0.1080000028014183 51.0
-2.111999988555908 -1.718000054359436 0.19499999284744263 51.0
-1.902999997138977 -1.7330000400543213 -0.05299999937415123 56.0
-1.9429999589920044 -1.725000023841858 0.02800000086426735 58.0
-1.9869999885559082 -1.7269999980926514 0.10599999874830246 51.0
-2.0269999504089355 -1.725000023841858 0.19099999964237213 49.0
-1.8179999589920044 -1.7369999885559082 -0.05000000074505806 50.0
-1.8619999885559082 -1.7330000400543213 0.02800000086426735 60.0
-1.9010000228881836 -1.7300000190734863 0.10499999672174454 58.0
-1.9420000314712524 -1.7280000448226929 0.18700000643730164 58.0
0.0 0.0 0.0 0.0
-1.7719999551773071 -1.7280000448226929 0.028999999165534973 39.0
-1.8240000009536743 -1.7389999628067017 0.10300000011920929 58.0
-1.8630000352859497 -1.7339999675750732 0.18299999833106995 62.0
0.0 0.0 0.0 0.0
0.0 0.0 0.0 0.0
0.0 0.0 0.0 0.0
-1.7869999408721924 -1.7389999628067017 0.18000000715255737 47.0
0.0 0.0 0.0 1.0
0.0 0.0 0.0 0.0
0.0 0.0 0.0 0.0
0.0 0.0 0.0 0.0
0.0 0.0 0.0 0.0
0.0 0.0 0.0 0.0
0.0 0.0 0.0 0.0
0.0 0.0 0.0 0.0
0.0 0.0 0.0 1.0
0.0 0.0 0.0 0.0
0.0 0.0 0.0 0.0
0.0 0.0 0.0 0.0
0.0 0.0 0.0 0.0
0.0 0.0 0.0 0.0
0.0 0.0 0.0 0.0
0.0 0.0 0.0 0.0
0.0 0.0 0.0 1.0
0.0 0.0 0.0 0.0
0.0 0.0 0.0 0.0
0.0 0.0 0.0 0.0
0.0 0.0 0.0 0.0
0.0 0.0 0.0 0.0
0.0 0.0 0.0 0.0
0.0 0.0 0.0 0.0
0.0 0.0 0.0 0.0
0.0 0.0 0.0 0.0
0.0 0.0 0.0 0.0
0.0 0.0 0.0 0.0
0.0 0.0 0.0 0.0
0.0 0.0 0.0 0.0
0.0 0.0 0.0 0.0
0.0 0.0 0.0 0.0
0.0 0.0 0.0 0.0
0.0 0.0 0.0 0.0
0.0 0.0 0.0 0.0
0.0 0.0 0.0 0.0
0.0 0.0 0.0 0.0
0.0 0.0 0.0 0.0
0.0 0.0 0.0 0.0
0.0 0.0 0.0 0.0
-0.9390000104904175 -1.7239999771118164 -0.01600000075995922 20.0
0.0 0.0 0.0 0.0
0.0 0.0 0.0 0.0
0.0 0.0 0.0 0.0
-0.8939999938011169 -1.7369999885559082 -0.014000000432133675 27.0
-0.9340000152587891 -1.7289999723434448 0.03799999877810478 21.0
0.0 0.0 0.0 0.0
0.0 0.0 0.0 0.0
-0.843999981880188 -1.7410000562667847 -0.012000000104308128 24.0
-0.8830000162124634 -1.7309999465942383 0.03799999877810478 25.0
-0.9240000247955322 -1.7330000400543213 0.08699999749660492 19.0
0.0 0.0 0.0 0.0
-0.7940000295639038 -1.7419999837875366 -0.008999999612569809 22.0
-0.8370000123977661 -1.7400000095367432 0.039000000804662704 24.0
-0.8790000081062317 -1.7419999837875366 0.08699999749660492 25.0
-0.9150000214576721 -1.7309999465942383 0.1379999965429306 21.0
-0.7459999918937683 -1.74399995803833 -0.007000000216066837 27.0
-0.7879999876022339 -1.7400000095367432 0.03999999910593033 22.0
-0.8339999914169312 -1.7510000467300415 0.08699999749660492 23.0
-0.871999979019165 -1.7419999837875366 0.13600000739097595 26.0
-0.699999988079071 -1.7489999532699585 -0.004999999888241291 25.0
-0.7400000095367432 -1.7400000095367432 0.04100000113248825 24.0
-0.7850000262260437 -1.7510000467300415 0.0860000029206276 23.0
-0.8230000138282776 -1.7419999837875366 0.1340000033378601 22.0
-0.6520000100135803 -1.7489999532699585 -0.003000000026077032 25.0
-0.6949999928474426 -1.746000051498413 0.041999999433755875 23.0
-0.7360000014305115 -1.746999979019165 0.08500000089406967 23.0
-0.7789999842643738 -1.7489999532699585 0.13300000131130219 24.0
-0.6079999804496765 -1.7549999952316284 -0.0010000000474974513 25.0
-0.6499999761581421 -1.7489999532699585 0.041999999433755875 24.0
-0.6919999718666077 -1.753999948501587 0.08500000089406967 24.0
-0.7289999723434448 -1.7410000562667847 0.12999999523162842 23.0
-0.5630000233650208 -1.7569999694824219 0.0 26.0
-0.6060000061988831 -1.753000020980835 0.0430000014603138 25.0
-0.6470000147819519 -1.75600004196167 0.08500000089406967 24.0
-0.6880000233650208 -1.753999948501587 0.1289999932050705 24.0
-0.5189999938011169 -1.7599999904632568 0.0020000000949949026 26.0
-0.5609999895095825 -1.753999948501587 0.04399999976158142 26.0
-0.6010000109672546 -1.7549999952316284 0.08399999886751175 24.0
-0.6420000195503235 -1.7519999742507935 0.12700000405311584 24.0
-0.4749999940395355 -1.7630000114440918 0.004000000189989805 26.0
-0.515999972820282 -1.7549999952316284 0.04500000178813934 27.0
-0.5569999814033508 -1.7569999694824219 0.08399999886751175 24.0
-0.597000002861023 -1.7489999532699585 0.125 23.0
-0.4300000071525574 -1.7599999904632568 0.006000000052154064 25.0
0.0 0.0 0.0 0.0
0.0 0.0 0.0 0.0
0.0 0.0 0.0 0.0
0.0 0.0 0.0 0.0
0.0 0.0 0.0 0.0
0.0 0.0 0.0 0.0
0.0 0.0 0.0 0.0
0.0 0.0 0.0 0.0
0.0 0.0 0.0 0.0
0.0 0.0 0.0 0.0
0.0 0.0 0.0 0.0
0.0 0.0 0.0 0.0
0.0 0.0 0.0 0.0
0.0 0.0 0.0 0.0
0.0 0.0 0.0 0.0
0.0 0.0 0.0 0.0
0.0 0.0 0.0 0.0
0.0 0.0 0.0 0.0
0.0 0.0 0.0 0.0
0.0 0.0 0.0 0.0
0.0 0.0 0.0 0.0
0.0 0.0 0.0 0.0
0.0 0.0 0.0 0.0
0.0 0.0 0.0 0.0
0.0 0.0 0.0 0.0
0.0 0.0 0.0 0.0
0.0 0.0 0.0 0.0
0.0 0.0 0.0 0.0
0.0 0.0 0.0 0.0
0.0 0.0 0.0 0.0
0.0 0.0 0.0 0.0
0.0 0.0 0.0 0.0
0.0 0.0 0.0 0.0
0.0 0.0 0.0 0.0
0.0 0.0 0.0 0.0
0.0 0.0 0.0 0.0
0.0 0.0 0.0 0.0
0.0 0.0 0.0 0.0
0.0 0.0 0.0 0.0
0.0 0.0 0.0 0.0
0.0 0.0 0.0 0.0
0.0 0.0 0.0 0.0
0.0 0.0 0.0 0.0
0.0 0.0 0.0 0.0
0.0 0.0 0.0 0.0
0.0 0.0 0.0 0.0
0.0 0.0 0.0 0.0
0.0 0.0 0.0 0.0
0.0 0.0 0.0 0.0
0.0 0.0 0.0 0.0
0.0 0.0 0.0 0.0
0.0 0.0 0.0 0.0
0.0 0.0 0.0 0.0
0.0 0.0 0.0 0.0
0.0 0.0 0.0 0.0
0.15399999916553497 -1.7970000505447388 0.03700000047683716 26.0
0.1080000028014183 -1.7910000085830688 0.061000000685453415 24.0
0.06499999761581421 -1.784999966621399 0.0820000022649765 26.0
0.019999999552965164 -1.7910000085830688 0.10599999874830246 26.0
0.19599999487400055 -1.7970000505447388 0.03999999910593033 29.0
0.14900000393390656 -1.7990000247955322 0.06199999898672104 29.0
0.10700000077486038 -1.7970000505447388 0.08299999684095383 26.0
0.061000000685453415 -1.7949999570846558 0.10499999672174454 27.0
0.23899999260902405 -1.8049999475479126 0.041999999433755875 28.0
0.19200000166893005 -1.8009999990463257 0.06300000101327896 30.0
0.14800000190734863 -1.7999999523162842 0.08299999684095383 31.0
0.10300000011920929 -1.7979999780654907 0.10400000214576721 30.0
0.28299999237060547 -1.812999963760376 0.04500000178813934 27.0
0.23399999737739563 -1.805999994277954 0.06499999761581421 31.0
0.19099999964237213 -1.8079999685287476 0.08399999886751175 31.0
0.14499999582767487 -1.8070000410079956 0.10400000214576721 32.0
0.32499998807907104 -1.809999942779541 0.04800000041723251 29.0
0.27799999713897705 -1.812999963760376 0.06599999964237213 31.0
0.2329999953508377 -1.809999942779541 0.08399999886751175 33.0
0.1860000044107437 -1.8029999732971191 0.10199999809265137 31.0
0.36899998784065247 -1.8109999895095825 0.05000000074505806 28.0
0.3199999928474426 -1.809000015258789 0.06800000369548798 30.0
0.2759999930858612 -1.8109999895095825 0.08399999886751175 29.0
0.2280000001192093 -1.8049999475479126 0.10100000351667404 30.0
0.4129999876022339 -1.815999984741211 0.05299999937415123 28.0
0.3630000054836273 -1.809999942779541 0.0689999982714653 29.0
0.3190000057220459 -1.8140000104904175 0.08500000089406967 30.0
0.2709999978542328 -1.809000015258789 0.10000000149011612 31.0
0.4569999873638153 -1.815000057220459 0.0560000017285347 26.0
0.40700000524520874 -1.812999963760376 0.07100000232458115 28.0
0.3630000054836273 -1.815999984741211 0.08500000089406967 29.0
0.3149999976158142 -1.812000036239624 0.10000000149011612 31.0
0.503000020980835 -1.8179999589920044 0.05900000035762787 25.0
0.4519999921321869 -1.812999963760376 0.07199999690055847 27.0
0.40700000524520874 -1.8170000314712524 0.08500000089406967 28.0
0.3580000102519989 -1.812999963760376 0.0989999994635582 29.0
0.5490000247955322 -1.8209999799728394 0.06199999898672104 25.0
0.4970000088214874 -1.8179999589920044 0.07400000095367432 27.0
0.4519999921321869 -1.8209999799728394 0.0860000029206276 27.0
0.40299999713897705 -1.8170000314712524 0.09799999743700027 29.0
0.593999981880188 -1.8209999799728394 0.06499999761581421 26.0
0.5450000166893005 -1.8229999542236328 0.07599999755620956 27.0
0.49799999594688416 -1.8240000009536743 0.0860000029206276 28.0
0.4480000138282776 -1.8209999799728394 0.09700000286102295 28.0
0.6420000195503235 -1.8229999542236328 0.06800000369548798 23.0
0.5899999737739563 -1.8240000009536743 0.07800000160932541 26.0
0.5450000166893005 -1.8300000429153442 0.08699999749660492 27.0
0.49300000071525574 -1.8209999799728394 0.09600000083446503 27.0
0.6909999847412109 -1.8279999494552612 0.07100000232458115 22.0
0.6359999775886536 -1.819000005722046 0.07900000363588333 23.0
0.5899999737739563 -1.8240000009536743 0.08699999749660492 27.0
0.5400000214576721 -1.8259999752044678 0.09600000083446503 29.0
0.7409999966621399 -1.8329999446868896 0.07400000095367432 24.0
0.6869999766349792 -1.8289999961853027 0.08100000023841858 21.0
0.6380000114440918 -1.8300000429153442 0.08799999952316284 26.0
0.5870000123977661 -1.8270000219345093 0.0949999988079071 26.0
0.7900000214576721 -1.8329999446868896 0.07800000160932541 23.0
0.7360000014305115 -1.8309999704360962 0.08299999684095383 23.0
0.6859999895095825 -1.8289999961853027 0.08799999952316284 23.0
0.6330000162124634 -1.8250000476837158 0.09399999678134918 26.0
0.8410000205039978 -1.8350000381469727 0.08100000023841858 22.0
0.7860000133514404 -1.8350000381469727 0.08500000089406967 24.0
0.7379999756813049 -1.8370000123977661 0.09000000357627869 23.0
0.6830000281333923 -1.8329999446868896 0.09300000220537186 24.0
0.9020000100135803 -1.8559999465942383 0.0860000029206276 27.0
0.8379999995231628 -1.8370000123977661 0.08799999952316284 23.0
0.7870000004768372 -1.8359999656677246 0.09000000357627869 23.0
0.734000027179718 -1.8350000381469727 0.09300000220537186 26.0
0.968999981880188 -1.8839999437332153 0.09099999815225601 62.0
0.8949999809265137 -1.8480000495910645 0.09000000357627869 22.0
0.8399999737739563 -1.8420000076293945 0.09099999815225601 21.0
0.7829999923706055 -1.8320000171661377 0.09200000017881393 27.0
1.031000018119812 -1.8969999551773071 0.0949999988079071 53.0
0.9639999866485596 -1.8799999952316284 0.09399999678134918 71.0
0.8930000066757202 -1.843000054359436 0.09200000017881393 20.0
0.8370000123977661 -1.840000033378601 0.09200000017881393 24.0
1.0870000123977661 -1.8960000276565552 0.0989999994635582 53.0
1.0299999713897705 -1.899999976158142 0.09799999743700027 57.0
0.9660000205039978 -1.8830000162124634 0.0949999988079071 67.0
0.8939999938011169 -1.850000023841858 0.09099999815225601 19.0
1.1540000438690186 -1.909999966621399 0.10499999672174454 54.0
1.0850000381469727 -1.8969999551773071 0.10000000149011612 54.0
1.031000018119812 -1.8980000019073486 0.09700000286102295 57.0
0.9660000205039978 -1.8849999904632568 0.09200000017881393 67.0
0.8100000023841858 -1.274999976158142 0.0729999989271164 160.0
1.1469999551773071 -1.9019999504089355 0.10300000011920929 55.0
1.0889999866485596 -1.899999976158142 0.09799999743700027 55.0
1.0299999713897705 -1.8980000019073486 0.09200000017881393 57.0
0.8460000157356262 -1.2669999599456787 0.07500000298023224 15.0
0.8100000023841858 -1.2760000228881836 0.07100000232458115 160.0
1.149999976158142 -1.902999997138977 0.0989999994635582 61.0
1.0889999866485596 -1.899999976158142 0.09200000017881393 61.0
0.8109999895095825 -1.1579999923706055 0.07100000232458115 13.0
0.8450000286102295 -1.2669999599456787 0.07199999690055847 11.0
0.8169999718666077 -1.2829999923706055 0.06700000166893005 159.0
1.1510000228881836 -1.9019999504089355 0.09200000017881393 58.0
0.8450000286102295 -1.149999976158142 0.07400000095367432 13.0
0.8140000104904175 -1.1610000133514404 0.06800000369548798 9.0
0.843999981880188 -1.2599999904632568 0.06700000166893005 10.0
0.8050000071525574 -1.2630000114440918 0.05999999865889549 92.0
0.890999972820282 -1.156999945640564 0.07699999958276749 13.0
0.8809999823570251 -1.1970000267028809 0.07199999690055847 9.0
0.8339999914169312 -1.184999942779541 0.06400000303983688 9.0
0.8420000076293945 -1.2549999952316284 0.05900000035762787 11.0
0.9380000233650208 -1.1619999408721924 0.08100000023841858 10.0
0.8930000066757202 -1.1579999923706055 0.07199999690055847 9.0
0.0 0.0 0.0 0.0
0.8809999823570251 -1.2489999532699585 0.05900000035762787 10.0
1.6410000324249268 -1.9429999589920044 0.1420000046491623 7.0
0.9350000023841858 -1.156999945640564 0.07400000095367432 4.0
0.9160000085830688 -1.180999994277954 0.06499999761581421 0.0
0.0 0.0 0.0 0.0
1.715999960899353 -1.940999984741211 0.1469999998807907 54.0
1.6460000276565552 -1.9429999589920044 0.12800000607967377 10.0
1.5670000314712524 -1.9259999990463257 0.10899999737739563 48.0
0.9259999990463257 -1.190000057220459 0.0560000017285347 21.0
1.8009999990463257 -1.9470000267028809 0.15399999916553497 35.0
1.7209999561309814 -1.940000057220459 0.13099999725818634 52.0
1.6579999923706055 -1.944000005722046 0.11100000143051147 7.0
1.5829999446868896 -1.9390000104904175 0.09000000357627869 8.0
1.8839999437332153 -1.9470000267028809 0.16099999845027924 31.0
1.7990000247955322 -1.937000036239624 0.13500000536441803 26.0
1.7359999418258667 -1.9420000314712524 0.11299999803304672 56.0
1.6640000343322754 -1.940999984741211 0.09000000357627869 62.0
1.9769999980926514 -1.9529999494552612 0.1679999977350235 46.0
1.8940000534057617 -1.9479999542236328 0.14100000262260437 44.0
1.7949999570846558 -1.9179999828338623 0.11400000005960464 17.0
1.746999979019165 -1.944000005722046 0.09000000357627869 54.0
2.068000078201294 -1.9539999961853027 0.17599999904632568 42.0
1.9880000352859497 -1.9529999494552612 0.1459999978542328 48.0
1.9119999408721924 -1.9490000009536743 0.11800000071525574 50.0
1.7799999713897705 -1.8880000114440918 0.08699999749660492 10.0
2.1730000972747803 -1.9620000123977661 0.18400000035762787 39.0
2.0829999446868896 -1.9550000429153442 0.1509999930858612 45.0
2.00600004196167 -1.9520000219345093 0.11999999731779099 47.0
1.9229999780654907 -1.9470000267028809 0.09000000357627869 50.0
2.2860000133514404 -1.9730000495910645 0.1940000057220459 42.0
2.194000005722046 -1.9670000076293945 0.15700000524520874 40.0
2.1070001125335693 -1.9570000171661377 0.12399999797344208 40.0
2.0230000019073486 -1.9529999494552612 0.09000000357627869 48.0
2.361999988555908 -1.9479999542236328 0.20000000298023224 11.0
2.2980000972747803 -1.9670000076293945 0.16300000250339508 41.0
2.2190001010894775 -1.965999960899353 0.12700000405311584 43.0
2.128999948501587 -1.9589999914169312 0.09099999815225601 42.0
2.510999917984009 -1.9789999723434448 0.21299999952316284 31.0
2.4260001182556152 -1.9819999933242798 0.17000000178813934 21.0
2.321000099182129 -1.9639999866485596 0.12999999523162842 28.0
2.244999885559082 -1.9700000286102295 0.09099999815225601 43.0
2.6700000762939453 -2.007999897003174 0.22599999606609344 5.0
2.5329999923706055 -1.9759999513626099 0.17599999904632568 22.0
2.4519999027252197 -1.9780000448226929 0.1340000033378601 36.0
2.3299999237060547 -1.9490000009536743 0.09000000357627869 13.0
2.7869999408721924 -2.000999927520752 0.23600000143051147 32.0
2.691999912261963 -2.000999927520752 0.1860000044107437 29.0
1.7130000591278076 -1.3170000314712524 0.09200000017881393 3.0
2.489000082015991 -1.9830000400543213 0.09200000017881393 36.0
2.931999921798706 -2.006999969482422 0.24799999594688416 29.0
2.822999954223633 -2.000999927520752 0.19300000369548798 33.0
2.7179999351501465 -1.9910000562667847 0.14300000667572021 33.0
2.6429998874664307 -2.005000114440918 0.09300000220537186 1.0
3.0850000381469727 -2.013000011444092 0.26100000739097595 9.0
2.984999895095825 -2.015000104904175 0.2029999941587448 33.0
2.86899995803833 -2.0 0.14800000190734863 32.0
2.7750000953674316 -2.003000020980835 0.09399999678134918 33.0
0.0 0.0 0.0 0.0
3.127000093460083 -2.009999990463257 0.210999995470047 64.0
3.0329999923706055 -2.010999917984009 0.15299999713897705 31.0
2.933000087738037 -2.013000011444092 0.0949999988079071 30.0
0.0 0.0 0.0 0.0
3.3510000705718994 -2.0460000038146973 0.22499999403953552 40.0
3.2060000896453857 -2.0199999809265137 0.1589999943971634 45.0
3.0989999771118164 -2.0199999809265137 0.09600000083446503 49.0
3.7139999866485596 -2.0829999446868896 0.3160000145435333 17.0
2.322000026702881 -1.3459999561309814 0.1550000011920929 4.0
3.4159998893737793 -2.0420000553131104 0.16699999570846558 42.0
3.305999994277954 -2.0439999103546143 0.09799999743700027 43.0
3.9119999408721924 -2.0810000896453857 0.33399999141693115 38.0
3.7669999599456787 -2.069999933242798 0.25 38.0
3.6670000553131104 -2.078000068664551 0.17599999904632568 11.0
3.496999979019165 -2.0480000972747803 0.0989999994635582 16.0
4.164000034332275 -2.0980000495910645 0.35600000619888306 32.0
4.007999897003174 -2.0859999656677246 0.26499998569488525 32.0
3.865000009536743 -2.072000026702881 0.18299999833106995 35.0
3.744999885559082 -2.075000047683716 0.10199999809265137 12.0
4.447000026702881 -2.117000102996826 0.38100001215934753 23.0
4.234000205993652 -2.0820000171661377 0.27799999713897705 12.0
4.126999855041504 -2.0899999141693115 0.19200000166893005 29.0
3.990999937057495 -2.0869998931884766 0.10400000214576721 31.0
4.755000114440918 -2.135999917984009 0.40799999237060547 18.0
4.565000057220459 -2.115999937057495 0.29899999499320984 23.0
4.419000148773193 -2.109999895095825 0.2029999941587448 22.0
4.285999774932861 -2.11299991607666 0.10700000077486038 33.0
5.105999946594238 -2.1579999923706055 0.4399999976158142 19.0
4.913000106811523 -2.1429998874664307 0.32100000977516174 18.0
4.724999904632568 -2.121999979019165 0.2150000035762787 18.0
4.586999893188477 -2.127000093460083 0.10999999940395355 18.0
5.435999870300293 -2.1570000648498535 0.4690000116825104 68.0
5.298999786376953 -2.1700000762939453 0.3449999988079071 18.0
5.109000205993652 -2.1530001163482666 0.2290000021457672 19.0
4.945000171661377 -2.1489999294281006 0.11400000005960464 14.0
5.679999828338623 -2.1089999675750732 0.492000013589859 52.0
5.665999889373779 -2.1700000762939453 0.36899998784065247 64.0
5.441999912261963 -2.1440000534057617 0.2409999966621399 67.0
5.361000061035156 -2.178999900817871 0.11800000071525574 22.0
5.690000057220459 -1.968999981880188 0.4950000047683716 51.0
5.684000015258789 -2.0299999713897705 0.36899998784065247 52.0
5.678999900817871 -2.0859999656677246 0.24899999797344208 49.0
5.664000034332275 -2.1440000534057617 0.11999999731779099 109.0
5.697999954223633 -1.8329999446868896 0.4970000088214874 52.0
5.695000171661377 -1.8890000581741333 0.3700000047683716 48.0
5.684999942779541 -1.937999963760376 0.24699999392032623 48.0
5.684000015258789 -1.9980000257492065 0.11599999666213989 56.0
5.675000190734863 -1.687999963760376 0.4970000088214874 70.0
5.664000034332275 -1.7359999418258667 0.367000013589859 76.0
5.690000057220459 -1.7929999828338623 0.24400000274181366 55.0
5.696000099182129 -1.8489999771118164 0.11100000143051147 52.0
5.703999996185303 -1.559999942779541 0.5019999742507935 57.0
5.708000183105469 -1.6080000400543213 0.3700000047683716 55.0
5.701000213623047 -1.649999976158142 0.24300000071525574 66.0
5.671000003814697 -1.6929999589920044 0.10599999874830246 73.0
5.71999979019165 -1.4279999732971191 0.5049999952316284 59.0
5.710000038146973 -1.4700000286102295 0.3700000047683716 53.0
5.704999923706055 -1.5080000162124634 0.2409999966621399 57.0
5.703999996185303 -1.5529999732971191 0.10300000011920929 58.0
5.7220001220703125 -1.2949999570846558 0.5080000162124634 63.0
5.7210001945495605 -1.3339999914169312 0.3709999918937683 59.0
5.71999979019165 -1.3680000305175781 0.23999999463558197 64.0
5.715000152587891 -1.409000039100647 0.0989999994635582 62.0
5.7270002365112305 -1.1629999876022339 0.5109999775886536 62.0
5.730000019073486 -1.1990000009536743 0.3720000088214874 62.0
5.72599983215332 -1.2300000190734863 0.23899999260902405 57.0
5.711999893188477 -1.2640000581741333 0.0949999988079071 63.0
5.743000030517578 -1.034999966621399 0.5149999856948853 54.0
5.736999988555908 -1.0640000104904175 0.37299999594688416 59.0
5.730999946594238 -1.090999960899353 0.2370000034570694 64.0
5.730000019073486 -1.1230000257492065 0.09300000220537186 58.0
4.441999912261963 -0.6990000009536743 0.4000000059604645 0.0
5.741000175476074 -0.9300000071525574 0.37400001287460327 64.0
5.738999843597412 -0.953000009059906 0.2370000034570694 62.0
5.729000091552734 -0.9800000190734863 0.08900000154972076 66.0
5.744999885559082 -0.7749999761581421 0.5199999809265137 58.0
4.686999797821045 -0.6510000228881836 0.3059999942779541 6.0
4.428999900817871 -0.6299999952316284 0.18199999630451202 1.0
5.744999885559082 -0.8389999866485596 0.08699999749660492 72.0
5.756999969482422 -0.6470000147819519 0.5239999890327454 65.0
5.752999782562256 -0.6650000214576721 0.37700000405311584 70.0
4.460999965667725 -0.527999997138977 0.18199999630451202 3.0
4.822000026702881 -0.5870000123977661 0.07000000029802322 16.0
5.763999938964844 -0.5180000066757202 0.527999997138977 68.0
5.75600004196167 -0.5329999923706055 0.3779999911785126 76.0
4.4730000495910645 -0.42399999499320984 0.18199999630451202 3.0
4.797999858856201 -0.46700000762939453 0.06700000166893005 15.0
5.486000061035156 -0.37299999594688416 0.5049999952316284 23.0
5.216000080108643 -0.36399999260902405 0.34299999475479126 12.0
4.449999809265137 -0.3160000145435333 0.1809999942779541 18.0
5.23799991607666 -0.38199999928474426 0.07100000232458115 154.0
3.3980000019073486 -0.1550000011920929 0.3149999976158142 29.0
3.377000093460083 -0.15800000727176666 0.22300000488758087 86.0
3.390000104904175 -0.16099999845027924 0.13699999451637268 80.0
3.4040000438690186 -0.16500000655651093 0.04500000178813934 0.0
3.368000030517578 -0.07900000363588333 0.3140000104904175 66.0
3.371999979019165 -0.08100000023841858 0.2240000069141388 75.0
3.377000093460083 -0.07999999821186066 0.13699999451637268 87.0
3.3550000190734863 -0.08100000023841858 0.0430000014603138 79.0
3.257999897003174 -0.004999999888241291 0.3059999942779541 66.0
3.2669999599456787 -0.003000000026077032 0.21799999475479126 86.0
3.2739999294281006 -0.0010000000474974513 0.13300000131130219 98.0
3.311000108718872 0.0 0.04100000113248825 82.0
3.2249999046325684 0.06599999964237213 0.3050000071525574 108.0
3.234999895095825 0.07000000029802322 0.21699999272823334 104.0
3.265000104904175 0.07500000298023224 0.13199999928474426 103.0
3.309000015258789 0.07900000363588333 0.03999999910593033 106.0
3.2269999980926514 0.1379999965429306 0.3070000112056732 95.0
3.2360000610351562 0.14399999380111694 0.21799999475479126 98.0
3.25 0.1509999930858612 0.13199999928474426 103.0
3.2869999408721924 0.1589999943971634 0.039000000804662704 81.0
3.2739999294281006 0.21199999749660492 0.3140000104904175 78.0
3.259999990463257 0.21899999678134918 0.22100000083446503 86.0
3.2639999389648438 0.2280000001192093 0.13300000131130219 83.0
3.2909998893737793 0.23800000548362732 0.03799999877810478 73.0
3.3369998931884766 0.28999999165534973 0.32199999690055847 37.0
3.325000047683716 0.30000001192092896 0.22699999809265137 97.0
3.3299999237060547 0.3109999895095825 0.13600000739097595 100.0
3.3359999656677246 0.3230000138282776 0.03799999877810478 79.0
5.818999767303467 0.6349999904632568 0.5659999847412109 53.0
3.2869999408721924 0.3720000088214874 0.22499999403953552 43.0
4.506999969482422 0.5289999842643738 0.1850000023841858 0.0
4.560999870300293 0.5540000200271606 0.050999999046325684 9.0
4.510000228881836 0.593999981880188 0.4429999887943268 1.0
5.835999965667725 0.7960000038146973 0.40400001406669617 31.0
4.520999908447266 0.6380000114440918 0.1860000044107437 1.0
4.857999801635742 0.7110000252723694 0.05299999937415123 16.0
5.839000225067139 0.8999999761581421 0.578000009059906 51.0
5.834000110626221 0.9319999814033508 0.40700000524520874 63.0
4.535999774932861 0.75 0.18799999356269836 0.0
5.843999862670898 1.0 0.06300000101327896 68.0
5.322999954223633 0.9419999718666077 0.531000018119812 1.0
5.8420000076293945 1.069000005722046 0.4099999964237213 63.0
5.8480000495910645 1.1089999675750732 0.24400000274181366 23.0
5.85099983215332 1.1490000486373901 0.06300000101327896 66.0
5.84499979019165 1.1679999828338623 0.5889999866485596 56.0
4.539000034332275 0.9390000104904175 0.32199999690055847 1.0
5.854000091552734 1.2519999742507935 0.24500000476837158 60.0
5.8460001945495605 1.2949999570846558 0.06199999898672104 66.0
5.86299991607666 1.3079999685287476 0.5960000157356262 55.0
5.869999885559082 1.3550000190734863 0.41999998688697815 60.0
5.861000061035156 1.399999976158142 0.24799999594688416 66.0
5.8480000495910645 1.4450000524520874 0.06199999898672104 87.0
5.848999977111816 1.440000057220459 0.6000000238418579 74.0
5.8520002365112305 1.4930000305175781 0.4230000078678131 81.0
5.876999855041504 1.5499999523162842 0.25099998712539673 62.0
5.874000072479248 1.6050000190734863 0.06199999898672104 73.0
5.877999782562256 1.5870000123977661 0.609000027179718 61.0
5.885000228881836 1.6440000534057617 0.42899999022483826 64.0
5.883999824523926 1.7020000219345093 0.2529999911785126 67.0
5.879000186920166 1.7599999904632568 0.06199999898672104 68.0
5.888000011444092 1.7300000190734863 0.6159999966621399 63.0
5.885000228881836 1.7899999618530273 0.43299999833106995 65.0
5.88700008392334 1.8530000448226929 0.25600001215934753 65.0
5.896999835968018 1.9240000247955322 0.06300000101327896 75.0
5.89300012588501 1.8739999532699585 0.6230000257492065 64.0
5.8979997634887695 1.9429999589920044 0.4390000104904175 72.0
5.829999923706055 1.9869999885559082 0.25600001215934753 19.0
5.671999931335449 2.003000020980835 0.061000000685453415 23.0
5.9079999923706055 2.0239999294281006 0.6309999823570251 70.0
5.896999835968018 2.0920000076293945 0.4440000057220459 35.0
5.736999988555908 2.1080000400543213 0.2549999952316284 1.0
5.276000022888184 2.007999897003174 0.05700000002980232 13.0
5.894000053405762 2.1640000343322754 0.6359999775886536 27.0
5.815999984741211 2.2139999866485596 0.4429999887943268 24.0
5.21999979019165 2.058000087738037 0.23499999940395355 71.0
5.238999843597412 2.1410000324249268 0.05700000002980232 65.0
5.64900016784668 2.2179999351501465 0.6169999837875366 55.0
5.3379998207092285 2.171999931335449 0.41100001335144043 68.0
5.239999771118164 2.2090001106262207 0.23899999260902405 75.0
5.275000095367432 2.308000087738037 0.05900000035762787 110.0
5.343999862670898 2.2360000610351562 0.5899999737739563 62.0
5.2789998054504395 2.2909998893737793 0.41200000047683716 97.0
5.281000137329102 2.374000072479248 0.24400000274181366 65.0
5.289000034332275 2.4679999351501465 0.05999999865889549 110.0
5.283999919891357 2.3499999046325684 0.5910000205039978 75.0
5.284999847412109 2.437999963760376 0.4180000126361847 111.0
5.296000003814697 2.5329999923706055 0.24899999797344208 33.0
5.302999973297119 2.632999897003174 0.06199999898672104 97.0
5.289000034332275 2.49399995803833 0.5989999771118164 30.0
5.295000076293945 2.5920000076293945 0.42500001192092896 99.0
5.307000160217285 2.693000078201294 0.2529999911785126 22.0
5.311999797821045 2.8010001182556152 0.06300000101327896 98.0
5.298999786376953 2.6440000534057617 0.6079999804496765 14.0
5.309999942779541 2.750999927520752 0.4320000112056732 92.0
4.109000205993652 2.2090001106262207 0.20000000298023224 3.0
4.051000118255615 2.263000011444092 0.05000000074505806 0.0
3.7669999599456787 1.9850000143051147 0.43700000643730164 1.0
5.964000225067139 3.265000104904175 0.49300000071525574 45.0
3.993000030517578 2.2690000534057617 0.19699999690055847 17.0
3.996999979019165 2.36299991607666 0.050999999046325684 9.0
3.632999897003174 2.0179998874664307 0.42800000309944153 0.0
4.001999855041504 2.312000036239624 0.335999995470047 26.0
3.813999891281128 2.2869999408721924 0.19200000166893005 20.0
3.9210000038146973 2.447999954223633 0.052000001072883606 14.0
3.697999954223633 2.1640000343322754 0.44200000166893005 1.0
3.8459999561309814 2.3399999141693115 0.328000009059906 38.0
3.6459999084472656 2.305000066757202 0.18700000643730164 33.0
3.5350000858306885 2.3269999027252197 0.04800000041723251 35.0
3.683000087738037 2.2660000324249268 0.44600000977516174 7.0
3.8239998817443848 2.447999954223633 0.3319999873638153 14.0
3.4860000610351562 2.321000099182129 0.18299999833106995 39.0
3.4019999504089355 2.3610000610351562 0.04800000041723251 26.0
3.555999994277954 2.2980000972747803 0.43700000643730164 17.0
3.7269999980926514 2.507999897003174 0.32899999618530273 15.0
3.3329999446868896 2.3329999446868896 0.17900000512599945 43.0
3.3410000801086426 2.440000057220459 0.05000000074505806 12.0
3.4189999103546143 2.319000005722046 0.4269999861717224 26.0
3.6029999256134033 2.5460000038146973 0.3240000009536743 12.0
3.184999942779541 2.3440001010894775 0.17499999701976776 48.0
3.068000078201294 2.3559999465942383 0.04699999839067459 52.0
3.2920000553131104 2.3410000801086426 0.4180000126361847 34.0
3.1740000247955322 2.3540000915527344 0.29100000858306885 37.0
3.069999933242798 2.371999979019165 0.17299999296665192 53.0
3.0789999961853027 2.486999988555908 0.05000000074505806 63.0
3.1500000953674316 2.3480000495910645 0.40700000524520874 47.0
3.069999933242798 2.38700008392334 0.28700000047683716 46.0
3.0789999961853027 2.497999906539917 0.17800000309944153 50.0
3.0969998836517334 2.628000020980835 0.05299999937415123 68.0
3.071000099182129 2.3980000019073486 0.40299999713897705 43.0
3.0789999961853027 2.510999917984009 0.2939999997615814 50.0
3.1040000915527344 2.6410000324249268 0.18400000035762787 54.0
3.0969998836517334 2.759999990463257 0.0560000017285347 7.0
3.0880000591278076 2.5230000019073486 0.4129999876022339 51.0
3.1029999256134033 2.6510000228881836 0.30300000309944153 52.0
0.0 0.0 0.0 0.0
6.109000205993652 5.714000225067139 0.11699999868869781 33.0
3.1059999465942383 2.6559998989105225 0.4230000078678131 50.0
3.0889999866485596 2.763000011444092 0.30799999833106995 7.0
0.0 0.0 0.0 0.0
0.0 0.0 0.0 0.0
3.075000047683716 2.75 0.4269999861717224 11.0
4.306000232696533 4.033999919891357 0.4399999976158142 40.0
0.0 0.0 0.0 0.0
4.822000026702881 4.96999979019165 0.10400000214576721 2.0
3.9809999465942383 3.7230000495910645 0.5640000104904175 1.0
4.693999767303467 4.603000164031982 0.4909999966621399 11.0
4.849999904632568 4.986000061035156 0.3230000138282776 0.0
6.15500020980835 6.6579999923706055 0.14100000262260437 21.0
3.8940000534057617 3.809000015258789 0.5630000233650208 1.0
4.5879998207092285 4.710000038146973 0.492000013589859 17.0
6.132999897003174 6.607999801635742 0.421999990940094 17.0
6.199999809265137 7.039000034332275 0.15000000596046448 10.0
3.5429999828338623 3.622999906539917 0.5230000019073486 1.0
4.540999889373779 4.881999969482422 0.5 18.0
0.0 0.0 0.0 0.0
4.65500020980835 5.552000045776367 0.12099999934434891 18.0
0.0 0.0 0.0 0.0
4.534999847412109 5.105000019073486 0.5130000114440918 14.0
0.0 0.0 0.0 0.0
6.209000110626221 7.7769999504089355 0.1720000058412552 27.0
0.0 0.0 0.0 0.0
0.0 0.0 0.0 0.0
6.264999866485596 7.784999847412109 0.4790000021457672 3.0
3.8350000381469727 5.050000190734863 0.11299999803304672 18.0
5.215000152587891 6.104000091552734 0.8270000219345093 2.0
0.0 0.0 0.0 0.0
3.7249999046325684 4.861000061035156 0.29600000381469727 24.0
3.4100000858306885 4.7220001220703125 0.1080000028014183 61.0
4.0320000648498535 4.940000057220459 0.656000018119812 2.0
3.7360000610351562 4.839000225067139 0.4620000123977661 47.0
3.7820000648498535 5.182000160217285 0.31299999356269836 26.0
3.9549999237060547 5.763999938964844 0.1340000033378601 0.0
0.0 0.0 0.0 0.0
2.881999969482422 3.9159998893737793 0.36800000071525574 0.0
6.309000015258789 9.083000183105469 0.5440000295639038 12.0
3.7209999561309814 5.711999893188477 0.13600000739097595 20.0
0.0 0.0 0.0 0.0
2.8299999237060547 4.034999847412109 0.37299999594688416 14.0
3.7230000495910645 5.638000011444092 0.33500000834465027 5.0
5.189000129699707 8.402999877929688 0.20399999618530273 16.0
3.4600000381469727 4.875 0.6110000014305115 3.0
3.9030001163482666 5.8470001220703125 0.5339999794960022 31.0
5.22599983215332 8.331000328063965 0.49300000071525574 11.0
5.980999946594238 10.22700023651123 0.2540000081062317 53.0
3.5999999046325684 5.322999954223633 0.6549999713897705 3.0
3.578000068664551 5.636000156402588 0.5080000162124634 5.0
0.0 0.0 0.0 0.0
3.078000068664551 5.570000171661377 0.1420000046491623 1.0
3.239000082015991 5.03000020980835 0.609000027179718 0.0
3.4089999198913574 5.65500020980835 0.503000020980835 18.0
3.0460000038146973 5.4079999923706055 0.31700000166893005 2.0
5.558000087738037 10.651000022888184 0.27799999713897705 39.0
3.322999954223633 5.425000190734863 0.6460000276565552 1.0
3.109999895095825 5.440999984741211 0.4790000021457672 41.0
2.8610000610351562 5.369999885559082 0.31299999356269836 24.0
3.49399995803833 7.109000205993652 0.1899999976158142 0.0
3.2920000553131104 5.6539998054504395 0.6620000004768372 1.0
2.8389999866485596 5.242000102996826 0.4560000002384186 53.0
4.5229997634887695 8.994000434875488 0.5239999890327454 4.0
0.0 0.0 0.0 0.0
2.9030001163482666 5.257999897003174 0.6069999933242798 67.0
2.7780001163482666 5.421000003814697 0.46700000762939453 13.0
3.4210000038146973 7.2129998207092285 0.4189999997615814 9.0
3.7300000190734863 8.604000091552734 0.2409999966621399 5.0
2.7809998989105225 5.314000129699707 0.6039999723434448 73.0
3.5269999504089355 7.291999816894531 0.621999979019165 29.0
3.8410000801086426 8.619000434875488 0.5 2.0
0.0 0.0 0.0 0.0
3.490000009536743 7.054999828338623 0.7900000214576721 40.0
3.6089999675750732 7.920000076293945 0.6690000295639038 9.0
3.558000087738037 8.515000343322754 0.49399998784065247 9.0
0.0 0.0 0.0 0.0
3.299999952316284 7.066999912261963 0.7799999713897705 38.0
3.618000030517578 8.454999923706055 0.7089999914169312 54.0
0.0 0.0 0.0 0.0
3.3459999561309814 9.541000366210938 0.2879999876022339 28.0
3.1070001125335693 7.070000171661377 0.7710000276565552 39.0
0.6980000138282776 1.7419999837875366 0.14399999380111694 0.0
0.0 0.0 0.0 0.0
0.5740000009536743 1.7719999551773071 0.054999999701976776 4.0
0.7160000205039978 1.7339999675750732 0.1860000044107437 3.0
0.0 0.0 0.0 0.0
3.2119998931884766 9.519000053405762 0.5540000200271606 60.0
0.8999999761581421 3.0239999294281006 0.09600000083446503 20.0
2.9519999027252197 7.642000198364258 0.8119999766349792 1.0
0.0 0.0 0.0 0.0
0.5509999990463257 1.7710000276565552 0.10300000011920929 5.0
2.8359999656677246 10.42199993133545 0.3409999907016754 1.0
0.0 0.0 0.0 0.0
0.5669999718666077 1.7589999437332153 0.14300000667572021 2.0
0.0 0.0 0.0 0.0
0.597000002861023 2.424999952316284 0.08100000023841858 3.0
0.0 0.0 0.0 0.0
0.902999997138977 3.0380001068115234 0.2460000067949295 4.0
2.687999963760376 10.302000045776367 0.6060000061988831 7.0
2.302000045776367 10.390999794006348 0.35899999737739563 20.0
0.5490000247955322 1.7710000276565552 0.1809999942779541 3.0
0.0 0.0 0.0 0.0
0.5730000138282776 2.433000087738037 0.14300000667572021 4.0
0.9419999718666077 4.794000148773193 0.17000000178813934 46.0
0.4779999852180481 1.6759999990463257 0.17000000178813934 2.0
0.0 0.0 0.0 0.0
1.975000023841858 9.345000267028809 0.5550000071525574 32.0
0.4729999899864197 2.747999906539917 0.10000000149011612 27.0
0.45399999618530273 1.7430000305175781 0.17499999701976776 1.0
0.5429999828338623 2.433000087738037 0.1940000057220459 2.0
1.7300000190734863 9.26200008392334 0.5540000200271606 29.0
0.40799999237060547 2.760999917984009 0.10300000011920929 54.0
0.0 0.0 0.0 0.0
0.9549999833106995 4.800000190734863 0.38199999928474426 21.0
0.4480000138282776 2.753999948501587 0.16500000655651093 59.0
0.2720000147819519 2.203000068664551 0.08500000089406967 167.0
0.0 0.0 0.0 0.0
0.48100000619888306 2.746000051498413 0.21799999475479126 18.0
0.3840000033378601 2.76200008392334 0.16699999570846558 60.0
0.21799999475479126 2.187999963760376 0.0860000029206276 86.0
0.9070000052452087 4.803999900817871 0.46799999475479126 3.0
0.4180000126361847 2.756999969482422 0.21799999475479126 58.0
0.2540000081062317 2.2139999866485596 0.13500000536441803 165.0
0.16599999368190765 2.2009999752044678 0.08900000154972076 122.0
0.453000009059906 2.749000072479248 0.26600000262260437 52.0
0.3529999852180481 2.76200008392334 0.21799999475479126 60.0
0.20499999821186066 2.240999937057495 0.1379999965429306 161.0
0.11400000005960464 2.200000047683716 0.09200000017881393 91.0
0.38999998569488525 2.760999917984009 0.26499998569488525 58.0
0.28200000524520874 2.7049999237060547 0.21299999952316284 119.0
0.15299999713897705 2.259000062942505 0.14000000059604645 160.0
0.0 0.0 0.0 0.0
0.3269999921321869 2.7660000324249268 0.2630000114440918 58.0
0.20000000298023224 2.4760000705718994 0.19499999284744263 20.0
0.10300000011920929 2.3239998817443848 0.14499999582767487 160.0
0.0 0.0 0.0 0.0
0.24699999392032623 2.609999895095825 0.2460000067949295 140.0
0.15600000321865082 2.7070000171661377 0.21299999952316284 150.0
0.05700000002980232 2.7209999561309814 0.1720000058412552 135.0
0.0 0.0 0.0 0.0
0.1770000010728836 2.4749999046325684 0.23199999332427979 24.0
0.09600000083446503 2.7869999408721924 0.2199999988079071 48.0
0.0 0.0 0.0 0.0
0.0 0.0 0.0 0.0
0.13600000739097595 2.7860000133514404 0.25999999046325684 54.0
0.03099999949336052 2.7160000801086426 0.21400000154972076 150.0
0.0 0.0 0.0 0.0
0.0 0.0 0.0 0.0
0.07199999690055847 2.7880001068115234 0.257999986410141 54.0
0.0 0.0 0.0 0.0
0.0 0.0 0.0 0.0
0.0 0.0 0.0 0.0
0.007000000216066837 2.6730000972747803 0.2460000067949295 74.0
0.0 0.0 0.0 0.0
0.0 0.0 0.0 0.0
0.0 0.0 0.0 0.0
-0.04500000178813934 2.2300000190734863 0.20399999618530273 81.0
0.0 0.0 0.0 0.0
0.0 0.0 0.0 0.0
0.0 0.0 0.0 0.0
0.0 0.0 0.0 0.0
0.0 0.0 0.0 0.0
0.0 0.0 0.0 0.0
0.0 0.0 0.0 0.0
0.0 0.0 0.0 0.0
0.0 0.0 0.0 0.0
0.0 0.0 0.0 0.0
0.0 0.0 0.0 0.0
0.0 0.0 0.0 0.0
0.0 0.0 0.0 0.0
0.0 0.0 0.0 0.0
0.0 0.0 0.0 0.0
0.0 0.0 0.0 0.0
0.0 0.0 0.0 0.0
0.0 0.0 0.0 0.0
0.0 0.0 0.0 0.0
0.0 0.0 0.0 0.0
0.0 0.0 0.0 0.0
0.0 0.0 0.0 0.0
0.0 0.0 0.0 0.0
0.0 0.0 0.0 0.0
0.0 0.0 0.0 0.0
0.0 0.0 0.0 0.0
-0.5009999871253967 1.7669999599456787 0.11100000143051147 11.0
0.0 0.0 0.0 0.0
0.0 0.0 0.0 0.0
0.0 0.0 0.0 0.0
-0.5320000052452087 1.722000002861023 0.1120000034570694 0.0
0.0 0.0 0.0 0.0
0.0 0.0 0.0 0.0
0.0 0.0 0.0 0.0
-0.9679999947547913 2.8929998874664307 0.1940000057220459 48.0
0.0 0.0 0.0 0.0
0.0 0.0 0.0 0.0
-0.9110000133514404 2.8929998874664307 0.22300000488758087 39.0
0.0 0.0 0.0 0.0
0.0 0.0 0.0 0.0
0.0 0.0 0.0 0.0
-0.9860000014305115 2.8989999294281006 0.2280000001192093 32.0
-1.2970000505447388 3.3510000705718994 0.23999999463558197 1.0
0.0 0.0 0.0 0.0
-0.9390000104904175 2.8959999084472656 0.2460000067949295 34.0
-1.2879999876022339 3.510999917984009 0.28200000524520874 1.0
-1.3839999437332153 3.3429999351501465 0.24699999392032623 34.0
-0.5270000100135803 1.7070000171661377 0.15299999713897705 0.0
-1.0140000581741333 2.8919999599456787 0.24899999797344208 12.0
-1.3140000104904175 3.3410000801086426 0.27300000190734863 31.0
-1.4739999771118164 3.3380000591278076 0.2549999952316284 38.0
-0.9649999737739563 2.888000011444092 0.2590000033378601 32.0
-1.2979999780654907 3.444000005722046 0.29899999499320984 19.0
-1.406000018119812 3.3420000076293945 0.27900001406669617 36.0
-1.5679999589920044 3.3399999141693115 0.2630000114440918 39.0
-0.9449999928474426 2.621000051498413 0.23600000143051147 5.0
-1.350000023841858 3.3440001010894775 0.2939999997615814 47.0
-1.4950000047683716 3.3380000591278076 0.2840000092983246 36.0
-1.6629999876022339 3.3380000591278076 0.2720000147819519 36.0
-1.00600004196167 2.5980000495910645 0.23399999737739563 4.0
-1.437000036239624 3.3320000171661377 0.29600000381469727 43.0
-1.5920000076293945 3.3429999351501465 0.29100000858306885 37.0
-1.8300000429153442 3.4719998836517334 0.2919999957084656 17.0
-1.0870000123977661 2.622999906539917 0.2370000034570694 5.0
-1.2100000381469727 2.635999917984009 0.2370000034570694 3.0
-1.687000036239624 3.3410000801086426 0.296999990940094 29.0
0.0 0.0 0.0 0.0
-1.1619999408721924 2.628999948501587 0.23899999260902405 5.0
-1.284999966621399 2.638000011444092 0.23999999463558197 4.0
-1.4190000295639038 2.6579999923706055 0.2409999966621399 0.0
0.0 0.0 0.0 0.0
-1.2339999675750732 2.624000072479248 0.23899999260902405 5.0
-1.3639999628067017 2.640000104904175 0.24400000274181366 5.0
0.0 0.0 0.0 0.0
0.0 0.0 0.0 0.0
-1.3170000314712524 2.6389999389648438 0.24199999868869781 6.0
0.0 0.0 0.0 0.0
0.0 0.0 0.0 0.0
0.0 0.0 0.0 0.0
-1.399999976158142 2.6459999084472656 0.24400000274181366 2.0
0.0 0.0 0.0 0.0
0.0 0.0 0.0 0.0
0.0 0.0 0.0 0.0
0.0 0.0 0.0 0.0
0.0 0.0 0.0 0.0
0.0 0.0 0.0 0.0
0.0 0.0 0.0 0.0
0.0 0.0 0.0 0.0
0.0 0.0 0.0 0.0
0.0 0.0 0.0 0.0
0.0 0.0 0.0 0.0
0.0 0.0 0.0 0.0
0.0 0.0 0.0 0.0
0.0 0.0 0.0 0.0
0.0 0.0 0.0 0.0
0.0 0.0 0.0 0.0
0.0 0.0 0.0 0.0
0.0 0.0 0.0 0.0
0.0 0.0 0.0 0.0
0.0 0.0 0.0 0.0
0.0 0.0 0.0 0.0
0.0 0.0 0.0 0.0
0.0 0.0 0.0 0.0
0.0 0.0 0.0 0.0
0.0 0.0 0.0 0.0
0.0 0.0 0.0 0.0
0.0 0.0 0.0 0.0
0.0 0.0 0.0 0.0
0.0 0.0 0.0 0.0
0.0 0.0 0.0 0.0
0.0 0.0 0.0 0.0
0.0 0.0 0.0 0.0
0.0 0.0 0.0 0.0
0.0 0.0 0.0 0.0
-2.697000026702881 2.7149999141693115 0.3619999885559082 78.0
0.0 0.0 0.0 0.0
0.0 0.0 0.0 0.0
0.0 0.0 0.0 0.0
-2.8320000171661377 2.7260000705718994 0.3779999911785126 97.0
0.0 0.0 0.0 0.0
0.0 0.0 0.0 0.0
-2.756999969482422 2.7279999256134033 0.3540000021457672 90.0
-2.859999895095825 2.63100004196167 0.3799999952316284 54.0
0.0 0.0 0.0 0.0
-2.693000078201294 2.7190001010894775 0.32499998807907104 65.0
-2.8529999256134033 2.696000099182129 0.3619999885559082 56.0
-2.861999988555908 2.515000104904175 0.3790000081062317 57.0
0.0 0.0 0.0 0.0
-2.822999954223633 2.7200000286102295 0.33399999141693115 100.0
-2.8550000190734863 2.5759999752044678 0.3580000102519989 55.0
-2.869999885559082 2.4100000858306885 0.3779999911785126 57.0
-2.7730000019073486 2.7209999561309814 0.29499998688697815 86.0
-2.8550000190734863 2.625 0.3310000002384186 57.0
-2.867000102996826 2.4700000286102295 0.35600000619888306 59.0
-2.8570001125335693 2.2909998893737793 0.375 92.0
-2.8540000915527344 2.6710000038146973 0.29499998688697815 51.0
-2.864000082015991 2.51200008392334 0.32600000500679016 57.0
-2.871000051498413 2.3610000610351562 0.35199999809265137 61.0
-2.799999952316284 2.1429998874664307 0.367000013589859 81.0
-2.8589999675750732 2.549999952316284 0.2879999876022339 52.0
-2.871000051498413 2.4019999504089355 0.32199999690055847 60.0
-2.874000072479248 2.253999948501587 0.3499999940395355 63.0
-2.7309999465942383 1.9950000047683716 0.3569999933242798 19.0
-2.871000051498413 2.440000057220459 0.28200000524520874 56.0
-2.875999927520752 2.2939999103546143 0.31700000166893005 66.0
-2.7219998836517334 2.0360000133514404 0.328000009059906 19.0
-2.734999895095825 1.9040000438690186 0.3569999933242798 21.0
-2.875 2.328000068664551 0.2750000059604645 56.0
-2.8580000400543213 2.171999931335449 0.3100000023841858 67.0
-2.7320001125335693 1.9479999542236328 0.3269999921321869 21.0
-2.740999937057495 1.8179999589920044 0.3569999933242798 22.0
-2.884999990463257 2.2239999771118164 0.27000001072883606 64.0
-2.740000009536743 1.9830000400543213 0.2930000126361847 18.0
-2.7360000610351562 1.8559999465942383 0.32499998807907104 22.0
-2.756999969482422 1.7410000562667847 0.35899999737739563 23.0
-2.8940000534057617 2.121999979019165 0.26499998569488525 51.0
-2.759999990463257 1.899999976158142 0.29100000858306885 18.0
-2.753000020980835 1.777999997138977 0.32499998807907104 23.0
-2.757999897003174 1.656000018119812 0.35899999737739563 24.0
-2.8980000019073486 2.0209999084472656 0.25999999046325684 63.0
-2.7880001068115234 1.8250000476837158 0.29100000858306885 19.0
-2.759000062942505 1.6929999589920044 0.3240000009536743 24.0
-2.765000104904175 1.5779999494552612 0.36000001430511475 24.0
-2.9070000648498535 1.9249999523162842 0.2549999952316284 60.0
-2.8350000381469727 1.7630000114440918 0.2919999957084656 22.0
-2.7679998874664307 1.6119999885559082 0.3230000138282776 24.0
-2.8540000915527344 1.5440000295639038 0.3720000088214874 116.0
-2.9149999618530273 1.8320000171661377 0.25099998712539673 64.0
-2.865999937057495 1.6890000104904175 0.2919999957084656 30.0
-2.8919999599456787 1.597000002861023 0.335999995470047 61.0
-2.86299991607666 1.468000054359436 0.37400001287460327 108.0
-2.921999931335449 1.7389999628067017 0.24699999392032623 66.0
-2.9040000438690186 1.621999979019165 0.2930000126361847 41.0
-2.936000108718872 1.534000039100647 0.3400000035762787 74.0
-2.869999885559082 1.3910000324249268 0.375 132.0
-2.930000066757202 1.649999976158142 0.24300000071525574 64.0
-2.930999994277954 1.5470000505447388 0.2930000126361847 66.0
-2.936000108718872 1.4500000476837158 0.33899998664855957 74.0
-2.871999979019165 1.3140000104904175 0.37599998712539673 105.0
-2.934000015258789 1.562000036239624 0.23999999463558197 66.0
-2.934000015258789 1.4620000123977661 0.29100000858306885 76.0
-2.944999933242798 1.371999979019165 0.33899998664855957 84.0
-2.8919999599456787 1.246000051498413 0.3799999952316284 101.0
-2.936000108718872 1.4730000495910645 0.23600000143051147 74.0
-2.938999891281128 1.3799999952316284 0.289000004529953 76.0
-2.943000078201294 1.2890000343322754 0.33799999952316284 67.0
-2.9509999752044678 1.194000005722046 0.3889999985694885 63.0
-2.944000005722046 1.3899999856948853 0.23399999737739563 71.0
-2.9539999961853027 1.3029999732971191 0.289000004529953 78.0
-2.9519999027252197 1.2139999866485596 0.33899998664855957 64.0
-2.9630000591278076 1.1230000257492065 0.39100000262260437 70.0
-2.946000099182129 1.3049999475479126 0.23000000417232513 66.0
-2.9509999752044678 1.2200000286102295 0.28700000047683716 69.0
-2.9639999866485596 1.1399999856948853 0.3400000035762787 72.0
-2.9609999656677246 1.0470000505447388 0.3919999897480011 71.0
-2.9489998817443848 1.222000002861023 0.2280000001192093 64.0
-2.9560000896453857 1.1419999599456787 0.2849999964237213 67.0
-2.9600000381469727 1.0609999895095825 0.33899998664855957 68.0
-2.9670000076293945 0.9750000238418579 0.39500001072883606 71.0
-2.9600000381469727 1.1440000534057617 0.22599999606609344 64.0
-2.9630000591278076 1.065000057220459 0.2849999964237213 73.0
-2.9660000801086426 0.9879999756813049 0.3400000035762787 72.0
-2.9730000495910645 0.9049999713897705 0.3970000147819519 67.0
-2.9590001106262207 1.062000036239624 0.22300000488758087 65.0
-2.9619998931884766 0.9869999885559082 0.2840000092983246 69.0
-2.9660000801086426 0.9129999876022339 0.3400000035762787 73.0
-2.9730000495910645 0.8339999914169312 0.39899998903274536 66.0
-2.9619998931884766 0.984000027179718 0.22100000083446503 62.0
-2.9690001010894775 0.9129999876022339 0.28299999237060547 71.0
-2.9769999980926514 0.8429999947547913 0.3409999907016754 69.0
-2.9790000915527344 0.7639999985694885 0.4020000100135803 69.0
-2.9749999046325684 0.9089999794960022 0.2199999988079071 70.0
-2.9719998836517334 0.8379999995231628 0.28299999237060547 65.0
-2.9769999980926514 0.7689999938011169 0.34200000762939453 72.0
-2.98799991607666 0.6970000267028809 0.4050000011920929 69.0
-2.9790000915527344 0.8320000171661377 0.21899999678134918 69.0
-2.9739999771118164 0.7639999985694885 0.28200000524520874 73.0
-2.986999988555908 0.699999988079071 0.3440000116825104 77.0
-2.98799991607666 0.6269999742507935 0.40700000524520874 72.0
-2.9769999980926514 0.7549999952316284 0.21699999272823334 70.0
-2.9839999675750732 0.6919999718666077 0.28299999237060547 73.0
-2.9860000610351562 0.628000020980835 0.3440000116825104 68.0
-2.99399995803833 0.5590000152587891 0.4099999964237213 70.0
-2.990999937057495 0.6819999814033508 0.21699999272823334 75.0
-2.99399995803833 0.6209999918937683 0.28299999237060547 72.0
-2.992000102996826 0.5580000281333923 0.34599998593330383 71.0
-3.000999927520752 0.49300000071525574 0.4129999876022339 73.0
-2.993000030517578 0.6069999933242798 0.2150000035762787 66.0
-2.993000030517578 0.5479999780654907 0.28299999237060547 73.0
-3.0 0.49000000953674316 0.3479999899864197 72.0
-3.005000114440918 0.42500001192092896 0.41600000858306885 68.0
-2.996999979019165 0.5329999923706055 0.2150000035762787 69.0
-3.000999927520752 0.47699999809265137 0.2840000092983246 76.0
-3.005000114440918 0.42100000381469727 0.3499999940395355 70.0
-3.005000114440918 0.3580000102519989 0.4189999997615814 80.0
-3.003999948501587 0.45899999141693115 0.21400000154972076 71.0
-3.0 0.4050000011920929 0.2840000092983246 71.0
-3.013000011444092 0.35100001096725464 0.35199999809265137 74.0
-3.015000104904175 0.29100000858306885 0.42399999499320984 74.0
-3.006999969482422 0.38600000739097595 0.21400000154972076 73.0
-3.009000062942505 0.33399999141693115 0.28600001335144043 75.0
-3.0179998874664307 0.28299999237060547 0.3540000021457672 74.0
-3.0139999389648438 0.2240000069141388 0.4259999990463257 59.0
-3.013000011444092 0.31299999356269836 0.21400000154972076 85.0
-3.015000104904175 0.2639999985694885 0.28700000047683716 81.0
-3.0179998874664307 0.21299999952316284 0.35600000619888306 76.0
-2.874000072479248 0.1509999930858612 0.4090000092983246 150.0
-3.0190000534057617 0.23899999260902405 0.21400000154972076 100.0
-2.990999937057495 0.19099999964237213 0.2849999964237213 109.0
-2.882999897003174 0.1379999965429306 0.34200000762939453 129.0
0.0 0.0 0.0 0.0
-3.0280001163482666 0.16699999570846558 0.21400000154972076 29.0
0.0 0.0 0.0 0.0
0.0 0.0 0.0 0.0
-0.10899999737739563 0.0 0.014999999664723873 0.0
0.0 0.0 0.0 0.0
-0.10400000214576721 0.0010000000474974513 0.009999999776482582 0.0
-0.10000000149011612 0.0 0.012000000104308128 0.0
-2.8929998874664307 -0.03799999877810478 0.421999990940094 4.0
0.0 0.0 0.0 0.0
-2.9079999923706055 -0.017999999225139618 0.2809999883174896 5.0
-2.8940000534057617 -0.057999998331069946 0.3499999940395355 43.0
-2.8929998874664307 -0.10300000011920929 0.4259999990463257 76.0
-3.0490000247955322 -0.052000001072883606 0.2160000056028366 22.0
-2.9000000953674316 -0.0860000029206276 0.2809999883174896 115.0
-2.9019999504089355 -0.12399999797344208 0.3540000021457672 93.0
-2.816999912261963 -0.16200000047683716 0.4180000126361847 26.0
-3.0369999408721924 -0.12600000202655792 0.2160000056028366 72.0
-2.306999921798706 -0.12200000137090683 0.22499999403953552 8.0
-2.25600004196167 -0.14800000190734863 0.2770000100135803 13.0
-2.256999969482422 -0.17900000512599945 0.33799999952316284 5.0
-3.0390000343322754 -0.20000000298023224 0.21699999272823334 60.0
-2.25 -0.17299999296665192 0.22100000083446503 5.0
-2.2200000286102295 -0.19599999487400055 0.27399998903274536 12.0
-2.240000009536743 -0.2280000001192093 0.33799999952316284 8.0
-2.2990000247955322 -0.2070000022649765 0.16500000655651093 3.0
-2.25600004196167 -0.22599999606609344 0.22300000488758087 6.0
-2.2200000286102295 -0.24699999392032623 0.2770000100135803 13.0
-2.265000104904175 -0.2800000011920929 0.3449999988079071 5.0
-2.8420000076293945 -0.32600000500679016 0.20499999821186066 13.0
-2.24399995803833 -0.27900001406669617 0.22300000488758087 11.0
-2.2939999103546143 -0.30799999833106995 0.2879999876022339 19.0
-2.9170000553131104 -0.4269999861717224 0.4490000009536743 30.0
-3.062999963760376 -0.4259999990463257 0.22200000286102295 70.0
-3.0190000534057617 -0.44699999690055847 0.30300000309944153 41.0
-3.062000036239624 -0.4819999933242798 0.3889999985694885 70.0
-3.068000078201294 -0.5170000195503235 0.47699999809265137 66.0
-3.065000057220459 -0.5019999742507935 0.2240000069141388 64.0
-3.068000078201294 -0.5270000100135803 0.3100000023841858 68.0
-3.0769999027252197 -0.5569999814033508 0.39500001072883606 68.0
-3.0759999752044678 -0.5879999995231628 0.48399999737739563 61.0
-3.071000099182129 -0.5799999833106995 0.22599999606609344 65.0
-3.0739998817443848 -0.6029999852180481 0.3140000104904175 69.0
-3.0759999752044678 -0.6290000081062317 0.39800000190734863 66.0
-3.078000068664551 -0.6589999794960022 0.48899999260902405 59.0
-3.0759999752044678 -0.6579999923706055 0.2290000021457672 62.0
-3.0829999446868896 -0.6800000071525574 0.3179999887943268 65.0
-3.0829999446868896 -0.7039999961853027 0.40400001406669617 62.0
-3.0850000381469727 -0.7319999933242798 0.4959999918937683 62.0
-3.0850000381469727 -0.7390000224113464 0.23100000619888306 66.0
-3.0859999656677246 -0.7570000290870667 0.32199999690055847 62.0
-3.0889999866485596 -0.7789999842643738 0.4090000092983246 60.0
-3.0810000896453857 -0.8029999732971191 0.5009999871253967 55.0
-3.0889999866485596 -0.8190000057220459 0.23399999737739563 61.0
-3.0920000076293945 -0.8360000252723694 0.32600000500679016 62.0
-3.0969998836517334 -0.8560000061988831 0.41499999165534973 59.0
-3.0910000801086426 -0.878000020980835 0.5080000162124634 69.0
-3.0910000801086426 -0.9010000228881836 0.2370000034570694 59.0
-3.0999999046325684 -0.9160000085830688 0.3310000002384186 72.0
-3.0929999351501465 -0.9319999814033508 0.4189999997615814 57.0
-3.1019999980926514 -0.9539999961853027 0.515999972820282 66.0
-3.1040000915527344 -0.9860000014305115 0.2409999966621399 68.0
-3.0989999771118164 -0.9959999918937683 0.33500000834465027 63.0
-3.109999895095825 -1.0140000581741333 0.4259999990463257 63.0
-3.1040000915527344 -1.0299999713897705 0.5230000019073486 66.0
-3.0999999046325684 -1.0679999589920044 0.24400000274181366 60.0
-3.1080000400543213 -1.0789999961853027 0.3400000035762787 66.0
-3.1110000610351562 -1.093000054359436 0.4320000112056732 61.0
-3.1110000610351562 -1.1089999675750732 0.531000018119812 65.0
-3.115999937057495 -1.1579999923706055 0.24799999594688416 61.0
-3.115999937057495 -1.1640000343322754 0.3449999988079071 58.0
-3.118000030517578 -1.1759999990463257 0.4390000104904175 59.0
-3.11299991607666 -1.1859999895095825 0.5379999876022339 62.0
-3.118000030517578 -1.246000051498413 0.2529999911785126 59.0
-3.11899995803833 -1.2489999532699585 0.35100001096725464 62.0
-3.121000051498413 -1.2580000162124634 0.4449999928474426 61.0
-3.117000102996826 -1.2680000066757202 0.5460000038146973 56.0
-3.121999979019165 -1.3350000381469727 0.25699999928474426 61.0
-3.125999927520752 -1.3380000591278076 0.3569999933242798 56.0
-3.124000072479248 -1.343000054359436 0.4519999921321869 55.0
-3.11899995803833 -1.3480000495910645 0.5540000200271606 54.0
-3.132999897003174 -1.430999994277954 0.2619999945163727 57.0
-3.130000114440918 -1.4279999732971191 0.3630000054836273 59.0
-3.130000114440918 -1.4299999475479126 0.46000000834465027 56.0
-3.128999948501587 -1.434999942779541 0.5640000104904175 54.0
-3.13700008392334 -1.524999976158142 0.2669999897480011 37.0
-3.135999917984009 -1.5199999809265137 0.3700000047683716 56.0
-3.135999917984009 -1.5199999809265137 0.46799999475479126 51.0
-3.138000011444092 -1.5230000019073486 0.5740000009536743 61.0
-3.1429998874664307 -1.6239999532699585 0.27300000190734863 39.0
-3.1449999809265137 -1.6150000095367432 0.37700000405311584 47.0
-3.140000104904175 -1.6109999418258667 0.47600001096725464 49.0
-3.138000011444092 -1.6080000400543213 0.5830000042915344 51.0
-3.0439999103546143 -1.6670000553131104 0.26899999380111694 25.0
-2.2850000858306885 -1.2419999837875366 0.27900001406669617 3.0
-2.2860000133514404 -1.2380000352859497 0.35199999809265137 3.0
0.0 0.0 0.0 0.0
-2.8889999389648438 -1.6740000247955322 0.26100000739097595 34.0
-2.9089999198913574 -1.6710000038146973 0.3619999885559082 35.0
-2.924999952316284 -1.6710000038146973 0.4580000042915344 35.0
-2.936000108718872 -1.6710000038146973 0.5630000233650208 3.0
-2.743000030517578 -1.6790000200271606 0.2529999911785126 37.0
-2.760999917984009 -1.6729999780654907 0.3499999940395355 36.0
-2.7839999198913574 -1.6749999523162842 0.4440000057220459 35.0
-2.8010001182556152 -1.6759999990463257 0.5460000038146973 34.0
-2.6110000610351562 -1.684999942779541 0.2460000067949295 36.0
-2.632999897003174 -1.680999994277954 0.3400000035762787 36.0
-2.6530001163482666 -1.6790000200271606 0.4309999942779541 34.0
-2.677999973297119 -1.684000015258789 0.531000018119812 36.0
-2.490999937057495 -1.6950000524520874 0.2409999966621399 39.0
-2.3310000896453857 -1.565000057220459 0.3070000112056732 16.0
-2.2829999923706055 -1.5190000534057617 0.3779999911785126 10.0
-2.558000087738037 -1.687000036239624 0.515999972820282 31.0
-2.375999927520752 -1.7020000219345093 0.23499999940395355 39.0
-2.312000036239624 -1.6330000162124634 0.31200000643730164 17.0
-2.2039999961853027 -1.5399999618530273 0.3720000088214874 16.0
-2.2209999561309814 -1.5360000133514404 0.4560000002384186 15.0
-2.260999917984009 -1.7029999494552612 0.23000000417232513 46.0
-2.197000026702881 -1.6299999952316284 0.30300000309944153 24.0
-2.13100004196167 -1.5609999895095825 0.367000013589859 17.0
-2.1500000953674316 -1.5570000410079956 0.4490000009536743 16.0
-2.1649999618530273 -1.7130000591278076 0.22599999606609344 49.0
-2.132999897003174 -1.6610000133514404 0.3009999990463257 38.0
-2.071000099182129 -1.590999960899353 0.36399999260902405 17.0
-2.0840001106262207 -1.5800000429153442 0.4440000057220459 16.0
-2.068000078201294 -1.7200000286102295 0.22200000286102295 49.0
-2.062000036239624 -1.6829999685287476 0.2980000078678131 39.0
-1.996000051498413 -1.6059999465942383 0.35899999737739563 16.0
-2.0220000743865967 -1.6039999723434448 0.4390000104904175 16.0
-1.9780000448226929 -1.7259999513626099 0.21799999475479126 55.0
-1.9830000400543213 -1.6979999542236328 0.2939999997615814 34.0
-1.930999994277954 -1.6269999742507935 0.35499998927116394 17.0
-1.9579999446868896 -1.625 0.4339999854564667 16.0
-1.8919999599456787 -1.7339999675750732 0.2150000035762787 54.0
-1.906000018119812 -1.7100000381469727 0.28999999165534973 36.0
-1.8700000047683716 -1.649999976158142 0.35199999809265137 18.0
-1.8949999809265137 -1.6440000534057617 0.42899999022483826 16.0
-1.805999994277954 -1.7359999418258667 0.21199999749660492 48.0
-1.8259999752044678 -1.718000054359436 0.2849999964237213 36.0
-1.8049999475479126 -1.6660000085830688 0.3479999899864197 18.0
-1.8359999656677246 -1.6649999618530273 0.42500001192092896 17.0
0.0 0.0 0.0 0.0
-1.753999948501587 -1.7289999723434448 0.28200000524520874 36.0
-1.7990000247955322 -1.7380000352859497 0.35499998927116394 44.0
-1.7920000553131104 -1.6970000267028809 0.42399999499320984 11.0
0.0 0.0 0.0 0.0
0.0 0.0 0.0 0.0
0.0 0.0 0.0 0.0
-1.7569999694824219 -1.7400000095367432 0.4259999990463257 38.0
0.0 0.0 0.0 1.0
0.0 0.0 0.0 0.0
0.0 0.0 0.0 0.0
0.0 0.0 0.0 0.0
0.0 0.0 0.0 0.0
0.0 0.0 0.0 0.0
0.0 0.0 0.0 0.0
0.0 0.0 0.0 0.0
0.0 0.0 0.0 0.0
0.0 0.0 0.0 0.0
0.0 0.0 0.0 0.0
0.0 0.0 0.0 0.0
0.0 0.0 0.0 0.0
0.0 0.0 0.0 0.0
0.0 0.0 0.0 0.0
0.0 0.0 0.0 0.0
0.0 0.0 0.0 0.0
0.0 0.0 0.0 0.0
0.0 0.0 0.0 0.0
0.0 0.0 0.0 0.0
0.0 0.0 0.0 0.0
0.0 0.0 0.0 0.0
0.0 0.0 0.0 0.0
0.0 0.0 0.0 0.0
0.0 0.0 0.0 0.0
0.0 0.0 0.0 0.0
0.0 0.0 0.0 0.0
0.0 0.0 0.0 0.0
0.0 0.0 0.0 0.0
0.0 0.0 0.0 0.0
0.0 0.0 0.0 0.0
0.0 0.0 0.0 0.0
0.0 0.0 0.0 0.0
0.0 0.0 0.0 0.0
0.0 0.0 0.0 0.0
0.0 0.0 0.0 0.0
0.0 0.0 0.0 0.0
0.0 0.0 0.0 0.0
0.0 0.0 0.0 0.0
0.0 0.0 0.0 0.0
-0.9340000152587891 -1.7339999675750732 0.1889999955892563 21.0
0.0 0.0 0.0 0.0
0.0 0.0 0.0 0.0
0.0 0.0 0.0 0.0
-0.8820000290870667 -1.7350000143051147 0.1889999955892563 22.0
-0.925000011920929 -1.7330000400543213 0.2409999966621399 19.0
0.0 0.0 0.0 0.0
0.0 0.0 0.0 0.0
-0.8339999914169312 -1.7400000095367432 0.1889999955892563 24.0
-0.8759999871253967 -1.7369999885559082 0.23999999463558197 24.0
-0.9129999876022339 -1.7309999465942383 0.289000004529953 14.0
0.0 0.0 0.0 0.0
-0.7850000262260437 -1.74399995803833 0.1889999955892563 20.0
-0.8259999752044678 -1.7350000143051147 0.23899999260902405 21.0
-0.8650000095367432 -1.7330000400543213 0.28700000047683716 15.0
0.0 0.0 0.0 0.0
-0.7360000014305115 -1.7430000305175781 0.1889999955892563 21.0
-0.7770000100135803 -1.7369999885559082 0.23800000548362732 19.0
0.0 0.0 0.0 0.0
0.0 0.0 0.0 0.0
0.0 0.0 0.0 0.0
0.0 0.0 0.0 0.0
0.0 0.0 0.0 0.0
0.0 0.0 0.0 0.0
0.0 0.0 0.0 0.0
0.0 0.0 0.0 0.0
0.0 0.0 0.0 0.0
0.0 0.0 0.0 0.0
0.0 0.0 0.0 0.0
0.0 0.0 0.0 0.0
0.0 0.0 0.0 0.0
0.0 0.0 0.0 0.0
0.0 0.0 0.0 0.0
0.0 0.0 0.0 0.0
0.0 0.0 0.0 0.0
0.0 0.0 0.0 0.0
0.0 0.0 0.0 0.0
0.0 0.0 0.0 0.0
0.0 0.0 0.0 0.0
0.0 0.0 0.0 0.0
0.0 0.0 0.0 0.0
0.0 0.0 0.0 0.0
0.0 0.0 0.0 0.0
0.0 0.0 0.0 0.0
0.0 0.0 0.0 0.0
0.0 0.0 0.0 0.0
0.0 0.0 0.0 0.0
0.0 0.0 0.0 0.0
0.0 0.0 0.0 0.0
0.0 0.0 0.0 0.0
0.0 0.0 0.0 0.0
0.0 0.0 0.0 0.0
0.0 0.0 0.0 0.0
0.0 0.0 0.0 0.0
0.0 0.0 0.0 0.0
0.0 0.0 0.0 0.0
0.0 0.0 0.0 0.0
0.0 0.0 0.0 0.0
0.0 0.0 0.0 0.0
0.0 0.0 0.0 0.0
0.0 0.0 0.0 0.0
0.0 0.0 0.0 0.0
0.0 0.0 0.0 0.0
0.0 0.0 0.0 0.0
0.0 0.0 0.0 0.0
0.0 0.0 0.0 0.0
0.0 0.0 0.0 0.0
0.0 0.0 0.0 0.0
0.0 0.0 0.0 0.0
0.0 0.0 0.0 0.0
0.0 0.0 0.0 0.0
0.0 0.0 0.0 0.0
0.0 0.0 0.0 0.0
-0.17299999296665192 -1.7710000276565552 0.23999999463558197 29.0
-0.21799999475479126 -1.7710000276565552 0.2720000147819519 27.0
-0.26100000739097595 -1.746000051498413 0.3019999861717224 28.0
-0.0820000022649765 -1.781999945640564 0.20900000631809235 24.0
-0.13199999928474426 -1.781000018119812 0.24199999868869781 23.0
-0.1770000010728836 -1.7799999713897705 0.27300000190734863 23.0
-0.22100000083446503 -1.7549999952316284 0.3019999861717224 32.0
-0.04100000113248825 -1.784000039100647 0.210999995470047 26.0
-0.09099999815225601 -1.784999966621399 0.24300000071525574 27.0
-0.1379999965429306 -1.7899999618530273 0.27399998903274536 28.0
-0.1850000023841858 -1.781999945640564 0.3050000071525574 27.0
0.0 -1.7960000038146973 0.2150000035762787 29.0
-0.05000000074505806 -1.7890000343322754 0.24500000476837158 30.0
-0.09600000083446503 -1.7869999408721924 0.27399998903274536 25.0
-0.14499999582767487 -1.7869999408721924 0.3050000071525574 30.0
0.04100000113248825 -1.7949999570846558 0.21699999272823334 29.0
-0.008999999612569809 -1.7910000085830688 0.2460000067949295 28.0
-0.0560000017285347 -1.7890000343322754 0.27399998903274536 26.0
-0.10400000214576721 -1.7790000438690186 0.3019999861717224 33.0
0.08299999684095383 -1.7940000295639038 0.2199999988079071 30.0
0.03099999949336052 -1.7920000553131104 0.24799999594688416 28.0
-0.014999999664723873 -1.7869999408721924 0.27399998903274536 34.0
-0.06199999898672104 -1.7410000562667847 0.29499998688697815 89.0
0.125 -1.7949999570846558 0.22200000286102295 28.0
0.0729999989271164 -1.7949999570846558 0.24899999797344208 31.0
0.02500000037252903 -1.7999999523162842 0.2759999930858612 30.0
0.0 0.0 0.0 0.0
0.1679999977350235 -1.7999999523162842 0.22599999606609344 29.0
0.11400000005960464 -1.7990000247955322 0.25200000405311584 30.0
0.06599999964237213 -1.8020000457763672 0.2770000100135803 30.0
0.01600000075995922 -1.7890000343322754 0.3009999990463257 2.0
0.20999999344348907 -1.8029999732971191 0.2290000021457672 27.0
0.15600000321865082 -1.7990000247955322 0.2529999911785126 30.0
0.10700000077486038 -1.7999999523162842 0.2770000100135803 28.0
0.0560000017285347 -1.7899999618530273 0.3009999990463257 34.0
0.2529999911785126 -1.8029999732971191 0.23199999332427979 26.0
0.1979999989271164 -1.8040000200271606 0.25600001215934753 27.0
0.14900000393390656 -1.8020000457763672 0.27799999713897705 30.0
0.09700000286102295 -1.7949999570846558 0.3009999990463257 30.0
0.29600000381469727 -1.805999994277954 0.23600000143051147 26.0
0.23999999463558197 -1.8049999475479126 0.257999986410141 27.0
0.1899999976158142 -1.8049999475479126 0.27900001406669617 28.0
0.1379999965429306 -1.7979999780654907 0.3009999990463257 29.0
0.33899998664855957 -1.8079999685287476 0.23899999260902405 26.0
0.28299999237060547 -1.809000015258789 0.26100000739097595 28.0
0.2329999953508377 -1.809000015258789 0.2809999883174896 29.0
0.18000000715255737 -1.8029999732971191 0.3019999861717224 28.0
0.382999986410141 -1.812000036239624 0.24300000071525574 28.0
0.32600000500679016 -1.809999942779541 0.2630000114440918 26.0
0.2750000059604645 -1.812000036239624 0.28299999237060547 28.0
0.22100000083446503 -1.805999994277954 0.3019999861717224 28.0
0.4269999861717224 -1.812999963760376 0.24699999392032623 25.0
0.36899998784065247 -1.812000036239624 0.26600000262260437 25.0
0.3179999887943268 -1.815000057220459 0.2840000092983246 29.0
0.2630000114440918 -1.8079999685287476 0.3019999861717224 28.0
0.4729999899864197 -1.8179999589920044 0.25200000405311584 25.0
0.4129999876022339 -1.809000015258789 0.2680000066757202 25.0
0.3619999885559082 -1.8170000314712524 0.28600001335144043 25.0
0.3059999942779541 -1.812000036239624 0.30300000309944153 27.0
0.5189999938011169 -1.8209999799728394 0.25600001215934753 24.0
0.4580000042915344 -1.815000057220459 0.2720000147819519 24.0
0.4050000011920929 -1.819000005722046 0.2879999876022339 28.0
0.3490000069141388 -1.812000036239624 0.30399999022483826 25.0
0.5649999976158142 -1.8220000267028809 0.26100000739097595 26.0
0.5059999823570251 -1.8259999752044678 0.2770000100135803 26.0
0.44999998807907104 -1.8200000524520874 0.28999999165534973 23.0
0.3930000066757202 -1.815999984741211 0.30399999022483826 26.0
0.6100000143051147 -1.8209999799728394 0.26499998569488525 23.0
0.550000011920929 -1.8240000009536743 0.27900001406669617 24.0
0.4959999918937683 -1.8279999494552612 0.2930000126361847 25.0
0.43700000643730164 -1.8200000524520874 0.3059999942779541 27.0
0.6600000262260437 -1.8300000429153442 0.2709999978542328 22.0
0.5960000157356262 -1.8250000476837158 0.28299999237060547 25.0
0.5419999957084656 -1.8289999961853027 0.29499998688697815 26.0
0.4819999933242798 -1.8240000009536743 0.3070000112056732 26.0
0.7089999914169312 -1.8320000171661377 0.2759999930858612 24.0
0.6439999938011169 -1.8279999494552612 0.28700000047683716 22.0
0.5879999995231628 -1.8289999961853027 0.2980000078678131 24.0
0.5260000228881836 -1.8209999799728394 0.3070000112056732 25.0
0.7580000162124634 -1.8329999446868896 0.28200000524520874 22.0
0.6930000185966492 -1.8309999704360962 0.29100000858306885 23.0
0.6330000162124634 -1.8270000219345093 0.30000001192092896 23.0
0.5730000138282776 -1.8250000476837158 0.3089999854564667 26.0
0.8080000281333923 -1.8339999914169312 0.28700000047683716 23.0
0.7409999966621399 -1.8320000171661377 0.29499998688697815 24.0
0.6840000152587891 -1.8350000381469727 0.30399999022483826 23.0
0.621999979019165 -1.8329999446868896 0.31200000643730164 25.0
0.7020000219345093 -1.5010000467300415 0.23999999463558197 18.0
0.7929999828338623 -1.8380000591278076 0.3009999990463257 22.0
0.7310000061988831 -1.8320000171661377 0.3059999942779541 25.0
0.6679999828338623 -1.8300000429153442 0.31200000643730164 24.0
0.7549999952316284 -1.5219999551773071 0.24799999594688416 1.0
0.7350000143051147 -1.6019999980926514 0.26600000262260437 122.0
0.7820000052452087 -1.8370000123977661 0.3100000023841858 23.0
0.7170000076293945 -1.8329999446868896 0.3140000104904175 27.0
0.9959999918937683 -1.8990000486373901 0.3160000145435333 57.0
0.7310000061988831 -1.5019999742507935 0.2529999911785126 19.0
0.7670000195503235 -1.6920000314712524 0.2879999876022339 150.0
0.7680000066757202 -1.8380000591278076 0.31700000166893005 23.0
0.7229999899864197 -1.3049999475479126 0.22200000286102295 5.0
0.9739999771118164 -1.8899999856948853 0.3230000138282776 57.0
0.7210000157356262 -1.5 0.257999986410141 20.0
0.8149999976158142 -1.8289999961853027 0.31700000166893005 29.0
0.7429999709129333 -1.2719999551773071 0.22100000083446503 6.0
1.034000039100647 -1.8980000019073486 0.33000001311302185 62.0
0.9620000123977661 -1.8890000581741333 0.32899999618530273 12.0
0.7120000123977661 -1.503999948501587 0.2630000114440918 23.0
0.7519999742507935 -1.222000002861023 0.21699999272823334 0.0
0.7289999723434448 -1.2690000534057617 0.2240000069141388 19.0
1.0210000276565552 -1.8960000276565552 0.33399999141693115 61.0
0.902999997138977 -1.7990000247955322 0.3160000145435333 150.0
0.7789999842643738 -1.2050000429153442 0.21899999678134918 3.0
0.7540000081062317 -1.246000051498413 0.2240000069141388 1.0
0.7250000238418579 -1.274999976158142 0.2280000001192093 39.0
1.0110000371932983 -1.9019999504089355 0.3370000123977661 62.0
0.0 0.0 0.0 0.0
0.7680000066757202 -1.2059999704360962 0.22100000083446503 1.0
0.7519999742507935 -1.2549999952316284 0.22699999809265137 1.0
0.7279999852180481 -1.2970000505447388 0.23199999332427979 8.0
0.0 0.0 0.0 0.0
0.0 0.0 0.0 0.0
0.7649999856948853 -1.2130000591278076 0.22300000488758087 1.0
0.746999979019165 -1.2619999647140503 0.2280000001192093 4.0
0.9509999752044678 -1.2719999551773071 0.24899999797344208 2.0
0.0 0.0 0.0 0.0
0.0 0.0 0.0 0.0
0.7580000162124634 -1.2139999866485596 0.22100000083446503 2.0
0.9390000104904175 -1.1990000009536743 0.2409999966621399 1.0
0.9459999799728394 -1.281999945640564 0.25 2.0
0.0 0.0 0.0 0.0
0.0 0.0 0.0 0.0
1.5870000123977661 -1.934999942779541 0.39899998903274536 52.0
0.9649999737739563 -1.2480000257492065 0.24799999594688416 1.0
0.9079999923706055 -1.2400000095367432 0.23899999260902405 1.0
0.0 0.0 0.0 0.0
1.6670000553131104 -1.9420000314712524 0.41200000047683716 52.0
0.9369999766349792 -1.156000018119812 0.23499999940395355 0.0
0.9459999799728394 -1.2319999933242798 0.24199999868869781 2.0
0.8759999871253967 -1.2089999914169312 0.2280000001192093 0.0
1.746999979019165 -1.9450000524520874 0.42399999499320984 50.0
1.6449999809265137 -1.937000036239624 0.40400001406669617 59.0
0.9470000267028809 -1.1749999523162842 0.23499999940395355 0.0
0.921999990940094 -1.2109999656677246 0.23100000619888306 1.0
1.8289999961853027 -1.9470000267028809 0.43700000643730164 47.0
1.7259999513626099 -1.940999984741211 0.414000004529953 47.0
1.6360000371932983 -1.937999963760376 0.39500001072883606 60.0
0.9240000247955322 -1.1579999923706055 0.2240000069141388 0.0
1.9240000247955322 -1.9579999446868896 0.453000009059906 14.0
1.809000015258789 -1.944000005722046 0.42500001192092896 49.0
1.718999981880188 -1.9429999589920044 0.40400001406669617 52.0
1.6230000257492065 -1.937000036239624 0.38100001215934753 59.0
2.005000114440918 -1.9500000476837158 0.4650000035762787 44.0
1.8839999437332153 -1.934000015258789 0.4339999854564667 4.0
1.8029999732971191 -1.9470000267028809 0.4129999876022339 49.0
1.7070000171661377 -1.944000005722046 0.3889999985694885 54.0
2.1029999256134033 -1.9550000429153442 0.48100000619888306 48.0
1.9889999628067017 -1.9509999752044678 0.44999998807907104 44.0
1.8550000190734863 -1.9119999408721924 0.41499999165534973 3.0
1.7920000553131104 -1.9470000267028809 0.3959999978542328 46.0
2.2130000591278076 -1.968000054359436 0.5 36.0
2.0899999141693115 -1.9589999914169312 0.46399998664855957 45.0
1.9819999933242798 -1.9509999752044678 0.43299999833106995 51.0
1.850000023841858 -1.9170000553131104 0.3970000147819519 4.0
2.319999933242798 -1.972000002861023 0.5180000066757202 36.0
2.197999954223633 -1.968000054359436 0.47999998927116394 40.0
2.0799999237060547 -1.9550000429153442 0.4440000057220459 46.0
1.9709999561309814 -1.9490000009536743 0.41100001335144043 46.0
2.436000108718872 -1.9789999723434448 0.5379999876022339 7.0
2.303999900817871 -1.9709999561309814 0.4950000047683716 37.0
2.190000057220459 -1.965000033378601 0.4580000042915344 41.0
2.0769999027252197 -1.9600000381469727 0.421999990940094 49.0
2.558000087738037 -1.9850000143051147 0.5590000152587891 30.0
2.388000011444092 -1.9509999752044678 0.5059999823570251 5.0
2.2980000972747803 -1.968000054359436 0.47099998593330383 42.0
2.186000108718872 -1.968000054359436 0.43299999833106995 40.0
2.2290000915527344 -1.6510000228881836 0.4819999933242798 0.0
2.5480000972747803 -1.9859999418258667 0.5320000052452087 34.0
2.375999927520752 -1.940999984741211 0.4779999852180481 5.0
2.2939999103546143 -1.968999981880188 0.4429999887943268 39.0
2.2260000705718994 -1.5740000009536743 0.47699999809265137 5.0
2.7119998931884766 -2.0169999599456787 0.5580000281333923 6.0
2.5390000343322754 -1.9780000448226929 0.5009999871253967 34.0
2.36899995803833 -1.9390000104904175 0.44699999690055847 4.0
2.1679999828338623 -1.4609999656677246 0.460999995470047 7.0
2.822999954223633 -2.002000093460083 0.5740000009536743 27.0
2.7109999656677246 -2.013000011444092 0.5260000228881836 5.0
2.5439999103546143 -1.9830000400543213 0.46799999475479126 34.0
2.196000099182129 -1.4110000133514404 0.46299999952316284 32.0
2.4749999046325684 -1.6720000505447388 0.4970000088214874 0.0
2.8299999237060547 -2.002000093460083 0.5400000214576721 34.0
2.7070000171661377 -2.009999990463257 0.4869999885559082 11.0
2.2990000247955322 -1.406000018119812 0.4819999933242798 16.0
2.3310000896453857 -1.4989999532699585 0.46299999952316284 0.0
2.497999906539917 -1.680999994277954 0.4690000116825104 0.0
2.8410000801086426 -2.006999969482422 0.5009999871253967 36.0
1.7100000381469727 -0.9940000176429749 0.35600000619888306 10.0
1.6699999570846558 -1.0210000276565552 0.328000009059906 122.0
0.0 0.0 0.0 0.0
2.5179998874664307 -1.690999984741211 0.4350000023841858 0.0
1.5440000295639038 -0.8519999980926514 0.3190000057220459 74.0
1.6970000267028809 -0.9850000143051147 0.33000001311302185 75.0
1.659999966621399 -1.0089999437332153 0.30300000309944153 1.0
0.0 0.0 0.0 0.0
1.5199999809265137 -0.7950000166893005 0.31299999356269836 69.0
1.5240000486373901 -0.8389999866485596 0.2930000126361847 68.0
1.5859999656677246 -0.9139999747276306 0.2849999964237213 68.0
1.5980000495910645 -0.9670000076293945 0.26600000262260437 2.0
1.7910000085830688 -0.8870000243186951 0.367000013589859 33.0
1.5410000085830688 -0.8029999732971191 0.2939999997615814 68.0
1.534000039100647 -0.8379999995231628 0.2720000147819519 60.0
1.5509999990463257 -0.8889999985694885 0.2529999911785126 19.0
2.555000066757202 -1.1970000267028809 0.5210000276565552 19.0
1.8220000267028809 -0.8980000019073486 0.3449999988079071 10.0
1.5509999990463257 -0.8009999990463257 0.2720000147819519 7.0
1.5460000038146973 -0.8379999995231628 0.24799999594688416 33.0
2.628999948501587 -1.1619999408721924 0.5339999794960022 10.0
2.5460000038146973 -1.184000015258789 0.4790000021457672 18.0
2.4860000610351562 -1.2120000123977661 0.4309999942779541 54.0
2.507999897003174 -1.284000039100647 0.3959999978542328 55.0
2.630000114440918 -1.093000054359436 0.5320000052452087 2.0
2.690000057220459 -1.1779999732971191 0.5019999742507935 0.0
2.5739998817443848 -1.180999994277954 0.44200000166893005 9.0
2.5250000953674316 -1.2170000076293945 0.3919999897480011 46.0
2.625 -1.0240000486373901 0.5299999713897705 7.0
0.0 0.0 0.0 0.0
3.1040000915527344 -1.3389999866485596 0.5270000100135803 6.0
4.685999870300293 -2.122999906539917 0.7179999947547913 15.0
2.6429998874664307 -0.9639999866485596 0.5320000052452087 7.0
0.0 0.0 0.0 0.0
3.253999948501587 -1.3140000104904175 0.5479999780654907 8.0
5.059000015258789 -2.1489999294281006 0.7639999985694885 19.0
2.6679999828338623 -0.9070000052452087 0.5360000133514404 11.0
2.8489999771118164 -1.0230000019073486 0.5230000019073486 43.0
2.865000009536743 -1.0800000429153442 0.4779999852180481 35.0
5.433000087738037 -2.1559998989105225 0.8100000023841858 63.0
2.7179999351501465 -0.8579999804496765 0.5450000166893005 12.0
0.0 0.0 0.0 0.0
2.867000102996826 -1.00600004196167 0.4740000069141388 34.0
2.8420000076293945 -1.0499999523162842 0.4180000126361847 76.0
2.700000047683716 -0.7870000004768372 0.5410000085830688 3.0
0.0 0.0 0.0 0.0
5.692999839782715 -1.8509999513626099 0.9350000023841858 20.0
5.689000129699707 -1.9490000009536743 0.8270000219345093 47.0
0.0 0.0 0.0 0.0
3.0350000858306885 -0.8619999885559082 0.550000011920929 3.0
5.677000045776367 -1.7000000476837158 0.9259999990463257 43.0
5.688000202178955 -1.7990000247955322 0.8180000185966492 58.0
3.2780001163482666 -0.8009999990463257 0.656000018119812 0.0
5.728000164031982 -1.4889999628067017 1.034999966621399 41.0
5.671000003814697 -1.555999994277954 0.9190000295639038 69.0
5.691999912261963 -1.649999976158142 0.8100000023841858 60.0
5.723999977111816 -1.2669999599456787 1.1449999809265137 58.0
5.7270002365112305 -1.3509999513626099 1.031999945640564 59.0
5.693999767303467 -1.4190000295639038 0.9179999828338623 74.0
5.708000183105469 -1.5080000162124634 0.8050000071525574 59.0
5.744999885559082 -1.1390000581741333 1.149999976158142 56.0
5.732999801635742 -1.215999960899353 1.031000018119812 59.0
5.708000183105469 -1.2829999923706055 0.9150000214576721 73.0
5.716000080108643 -1.3639999628067017 0.7990000247955322 59.0
4.36299991607666 -0.7670000195503235 0.8740000128746033 95.0
5.743000030517578 -1.0820000171661377 1.031000018119812 56.0
5.699999809265137 -1.1430000066757202 0.9100000262260437 76.0
5.73199987411499 -1.2239999771118164 0.7940000295639038 55.0
4.360000133514404 -0.6669999957084656 0.875 94.0
4.60099983215332 -0.7599999904632568 0.824999988079071 15.0
4.813000202178955 -0.8479999899864197 0.7649999856948853 15.0
5.735000133514404 -1.0820000171661377 0.7879999876022339 59.0
4.359000205993652 -0.5699999928474426 0.8759999871253967 89.0
4.500999927520752 -0.6399999856948853 0.8059999942779541 9.0
4.627999782562256 -0.7049999833106995 0.7329999804496765 1.0
4.484000205993652 -0.7350000143051147 0.6119999885559082 1.0
4.369999885559082 -0.4740000069141388 0.8790000081062317 93.0
4.466000080108643 -0.531000018119812 0.800000011920929 7.0
5.322999954223633 -0.6850000023841858 0.8410000205039978 2.0
5.741000175476074 -0.7990000247955322 0.7789999842643738 15.0
4.370999813079834 -0.3779999911785126 0.8820000290870667 94.0
4.4730000495910645 -0.4300000071525574 0.8009999990463257 8.0
4.579999923706055 -0.47999998927116394 0.722000002861023 40.0
4.603000164031982 -0.5289999842643738 0.6209999918937683 19.0
4.373000144958496 -0.28200000524520874 0.8849999904632568 93.0
4.47599983215332 -0.328000009059906 0.8029999732971191 8.0
4.585999965667725 -0.37299999594688416 0.722000002861023 39.0
4.636000156402588 -0.41999998688697815 0.621999979019165 46.0
3.321000099182129 -0.14100000262260437 0.6740000247955322 11.0
3.3420000076293945 -0.16899999976158142 0.6000000238418579 7.0
4.59499979019165 -0.2669999897480011 0.7229999899864197 46.0
4.5920000076293945 -0.30399999022483826 0.6140000224113464 47.0
3.2909998893737793 -0.06800000369548798 0.6700000166893005 62.0
3.312999963760376 -0.09200000017881393 0.5960000157356262 47.0
3.3489999771118164 -0.11500000208616257 0.5270000100135803 46.0
3.368000030517578 -0.1420000046491623 0.4490000009536743 37.0
3.265000104904175 0.004000000189989805 0.6669999957084656 65.0
3.257999897003174 -0.017000000923871994 0.5870000123977661 78.0
3.265000104904175 -0.035999998450279236 0.5130000114440918 75.0
3.2960000038146973 -0.05900000035762787 0.43799999356269836 73.0
3.2790000438690186 0.07500000298023224 0.6729999780654907 61.0
3.242000102996826 0.0560000017285347 0.5860000252723694 83.0
3.2230000495910645 0.03799999877810478 0.5070000290870667 88.0
3.2279999256134033 0.01899999938905239 0.42800000309944153 79.0
3.2690000534057617 0.1459999978542328 0.6740000247955322 56.0
3.249000072479248 0.1289999932050705 0.5889999866485596 88.0
3.2190001010894775 0.11400000005960464 0.5070000290870667 90.0
3.2219998836517334 0.09700000286102295 0.4269999861717224 81.0
3.2669999599456787 0.21799999475479126 0.6769999861717224 66.0
3.256999969482422 0.2029999941587448 0.5920000076293945 86.0
3.247999906539917 0.19099999964237213 0.5130000114440918 90.0
3.240000009536743 0.17599999904632568 0.42899999022483826 86.0
4.415999889373779 0.3919999897480011 0.9200000166893005 132.0
3.2799999713897705 0.27900001406669617 0.5989999771118164 38.0
3.2980000972747803 0.2709999978542328 0.5220000147819519 55.0
3.325000047683716 0.26100000739097595 0.4410000145435333 60.0
4.419000148773193 0.48899999260902405 0.9259999990463257 75.0
4.454999923706055 0.48100000619888306 0.8180000185966492 61.0
4.6519999504089355 0.492000013589859 0.7390000224113464 9.0
3.328000068664551 0.34200000762939453 0.4410000145435333 8.0
4.465000152587891 0.5929999947547913 0.9409999847412109 5.0
4.445000171661377 0.5820000171661377 0.8199999928474426 59.0
4.568999767303467 0.5920000076293945 0.7279999852180481 9.0
4.693999767303467 0.5979999899864197 0.6240000128746033 7.0
4.4720001220703125 0.6940000057220459 0.9490000009536743 0.0
4.447999954223633 0.6859999895095825 0.824999988079071 71.0
0.0 0.0 0.0 0.0
5.848999977111816 0.8899999856948853 0.7789999842643738 15.0
5.4029998779296875 0.9610000252723694 1.1549999713897705 58.0
4.449999809265137 0.7889999747276306 0.8299999833106995 77.0
4.538000106811523 0.8050000071525574 0.7310000061988831 20.0
5.236999988555908 0.9269999861717224 0.699999988079071 1.0
4.445000171661377 0.890999972820282 0.9570000171661377 22.0
4.448999881744385 0.8939999938011169 0.8360000252723694 82.0
4.578000068664551 0.9229999780654907 0.7409999966621399 3.0
5.85099983215332 1.1829999685287476 0.7860000133514404 5.0
4.454999923706055 0.9940000176429749 0.9660000205039978 82.0
4.4679999351501465 1.003000020980835 0.8450000286102295 74.0
5.820000171661377 1.315999984741211 0.9480000138282776 78.0
5.863999843597412 1.3339999914169312 0.7910000085830688 54.0
5.877999782562256 1.4479999542236328 1.284999966621399 56.0
5.872000217437744 1.4579999446868896 1.11899995803833 55.0
5.829999923706055 1.4630000591278076 0.9559999704360962 83.0
5.85099983215332 1.4809999465942383 0.7940000295639038 86.0
5.888000011444092 1.5870000123977661 1.2979999780654907 54.0
5.879000186920166 1.6030000448226929 1.1299999952316284 57.0
5.848999977111816 1.6139999628067017 0.9660000205039978 80.0
5.880000114440918 1.6419999599456787 0.8029999732971191 61.0
5.9019999504089355 1.7300000190734863 1.312999963760376 54.0
5.9029998779296875 1.753999948501587 1.1440000534057617 59.0
5.861000061035156 1.7649999856948853 0.9760000109672546 73.0
5.894999980926514 1.8009999990463257 0.8109999895095825 56.0
5.9070000648498535 1.871000051498413 1.3250000476837158 43.0
5.908999919891357 1.9019999504089355 1.156000018119812 62.0
5.86899995803833 1.9190000295639038 0.9860000014305115 75.0
5.9039998054504395 1.9609999656677246 0.8190000057220459 61.0
5.9039998054504395 2.0139999389648438 1.3380000591278076 39.0
5.915999889373779 2.052999973297119 1.1679999828338623 61.0
5.895999908447266 2.0820000171661377 1.0 72.0
5.922999858856201 2.128000020980835 0.8289999961853027 59.0
5.9120001792907715 2.1619999408721924 1.3530000448226929 53.0
5.922999858856201 2.2070000171661377 1.1820000410079956 69.0
5.801000118255615 2.2019999027252197 0.9940000176429749 35.0
5.724999904632568 2.2160000801086426 0.8090000152587891 43.0
5.669000148773193 2.2139999866485596 1.3109999895095825 25.0
5.579999923706055 2.2239999771118164 1.125 54.0
5.414000034332275 2.203000068664551 0.9380000233650208 23.0
5.388999938964844 2.236999988555908 0.7689999938011169 56.0
5.360000133514404 2.2300000190734863 1.253000020980835 60.0
5.284999847412109 2.246000051498413 1.0770000219345093 104.0
5.265999794006348 2.2869999408721924 0.9229999780654907 31.0
5.288000106811523 2.3480000495910645 0.7639999985694885 109.0
5.293000221252441 2.3389999866485596 1.2519999742507935 103.0
5.295000076293945 2.3949999809265137 1.093000054359436 103.0
5.263000011444092 2.434000015258789 0.9330000281333923 34.0
5.301000118255615 2.509000062942505 0.7749999761581421 98.0
5.308000087738037 2.484999895095825 1.2710000276565552 107.0
5.308000087738037 2.5460000038146973 1.1089999675750732 80.0
5.263000011444092 2.5850000381469727 0.9449999928474426 21.0
5.313000202178955 2.6740000247955322 0.7870000004768372 100.0
5.311999797821045 2.63100004196167 1.2869999408721924 104.0
5.320000171661377 2.7019999027252197 1.1260000467300415 45.0
4.135000228881836 2.1530001163482666 0.753000020980835 0.0
5.322000026702881 2.8420000076293945 0.800000011920929 102.0
5.327000141143799 2.7850000858306885 1.3079999685287476 25.0
5.322000026702881 2.8550000190734863 1.1410000324249268 35.0
4.0370001792907715 2.2239999771118164 0.7459999918937683 3.0
4.01200008392334 2.2699999809265137 0.6119999885559082 46.0
5.531000137329102 3.0480000972747803 1.3769999742507935 5.0
4.010000228881836 2.2709999084472656 0.8730000257492065 21.0
3.861999988555908 2.247999906539917 0.7250000238418579 7.0
5.960999965667725 3.569000005722046 0.925000011920929 47.0
5.428999900817871 3.1480000019073486 1.3700000047683716 2.0
3.884999990463257 2.319000005722046 0.859000027179718 15.0
3.9709999561309814 2.437000036239624 0.7570000290870667 15.0
5.9679999351501465 3.7720000743865967 0.9419999718666077 5.0
3.930000066757202 2.3959999084472656 1.00600004196167 14.0
0.0 0.0 0.0 0.0
4.002999782562256 2.5880000591278076 0.7760000228881836 47.0
4.178999900817871 2.7850000858306885 0.6710000038146973 25.0
3.822000026702881 2.446000099182129 0.9929999709129333 37.0
4.059999942779541 2.680000066757202 0.9259999990463257 17.0
4.0960001945495605 2.7850000858306885 0.8080000281333923 32.0
3.9709999561309814 2.7880001068115234 0.6499999761581421 35.0
3.5339999198913574 2.371000051498413 0.9319999814033508 37.0
3.7260000705718994 2.5810000896453857 0.8640000224113464 18.0
3.8989999294281006 2.7880001068115234 0.7839999794960022 38.0
3.1760001182556152 2.3459999561309814 0.5299999713897705 14.0
3.3269999027252197 2.3399999141693115 0.8920000195503235 34.0
3.7079999446868896 2.694999933242798 0.875 39.0
3.138000011444092 2.3559999465942383 0.6430000066757202 31.0
3.075000047683716 2.390000104904175 0.5249999761581421 51.0
3.194000005722046 2.3529999256134033 0.8709999918937683 55.0
3.0840001106262207 2.3510000705718994 0.7419999837875366 33.0
3.0789999961853027 2.427999973297119 0.6439999938011169 49.0
3.1019999980926514 2.5329999923706055 0.5410000085830688 53.0
3.0829999446868896 2.378000020980835 0.8560000061988831 50.0
3.0869998931884766 2.4660000801086426 0.7570000290870667 47.0
3.1040000915527344 2.568000078201294 0.6629999876022339 51.0
3.109999895095825 2.6700000762939453 0.5559999942779541 40.0
3.1010000705718994 2.500999927520752 0.8769999742507935 51.0
3.109999895095825 2.6029999256134033 0.777999997138977 50.0
3.11299991607666 2.700000047683716 0.6800000071525574 52.0
3.0850000381469727 2.7809998989105225 0.5649999976158142 16.0
3.119999885559082 2.632999897003174 0.8989999890327454 50.0
3.118000030517578 2.7330000400543213 0.796999990940094 56.0
3.0350000858306885 2.760999917984009 0.6790000200271606 45.0
2.9700000286102295 2.811000108718872 0.5580000281333923 7.0
3.117000102996826 2.75 0.9160000085830688 58.0
3.0139999389648438 2.765000104904175 0.7870000004768372 47.0
2.8910000324249268 2.75600004196167 0.6620000004768372 45.0
2.9000000953674316 2.880000114440918 0.5600000023841858 8.0
2.994999885559082 2.760999917984009 0.8980000019073486 44.0
2.874000072479248 2.759000062942505 0.7680000066757202 53.0
2.8289999961853027 2.8269999027252197 0.6650000214576721 46.0
2.8329999446868896 2.9549999237060547 0.5630000233650208 12.0
2.868000030517578 2.763000011444092 0.8790000081062317 65.0
2.8359999656677246 2.8489999771118164 0.7760000228881836 52.0
2.8329999446868896 2.9660000801086426 0.6830000281333923 42.0
2.8340001106262207 3.1019999980926514 0.5799999833106995 28.0
2.8420000076293945 2.861999988555908 0.890999972820282 51.0
2.8329999446868896 2.9779999256134033 0.7950000166893005 45.0
2.8269999027252197 3.1029999256134033 0.7009999752044678 42.0
2.8259999752044678 3.247999906539917 0.597000002861023 37.0
2.8380000591278076 2.9860000610351562 0.9100000262260437 43.0
2.8329999446868896 3.117000102996826 0.8159999847412109 45.0
2.821000099182129 3.246000051498413 0.7200000286102295 43.0
2.821000099182129 3.4059998989105225 0.6159999966621399 39.0
2.8369998931884766 3.11899995803833 0.9319999814033508 44.0
2.828000068664551 3.257999897003174 0.8370000123977661 44.0
2.8289999961853027 3.4130001068115234 0.7440000176429749 42.0
2.816999912261963 3.5739998817443848 0.6370000243186951 41.0
2.8369998931884766 3.26200008392334 0.9559999704360962 43.0
2.822999954223633 3.4059998989105225 0.859000027179718 42.0
2.822999954223633 3.5739998817443848 0.7670000195503235 41.0
2.822999954223633 3.7639999389648438 0.6610000133514404 38.0
2.8289999961853027 3.4010000228881836 0.9779999852180481 41.0
2.819000005722046 3.563999891281128 0.8840000033378601 30.0
2.818000078201294 3.74399995803833 0.7919999957084656 39.0
2.815000057220459 3.9519999027252197 0.6859999895095825 34.0
2.8259999752044678 3.553999900817871 1.003999948501587 43.0
2.822999954223633 3.740000009536743 0.9129999876022339 37.0
2.822000026702881 3.937999963760376 0.8209999799728394 35.0
2.815000057220459 4.159999847412109 0.7139999866485596 34.0
2.822000026702881 3.7160000801086426 1.031999945640564 42.0
2.822000026702881 3.9200000762939453 0.9419999718666077 35.0
2.818000078201294 4.135000228881836 0.8500000238418579 32.0
3.177000045776367 4.947999954223633 0.8389999866485596 38.0
2.8239998817443848 3.8940000534057617 1.0640000104904175 38.0
2.818000078201294 4.111999988555908 0.9739999771118164 33.0
3.1740000247955322 4.89900016784668 0.9950000047683716 40.0
3.122999906539917 5.135000228881836 0.8629999756813049 71.0
2.8259999752044678 4.083000183105469 1.097000002861023 36.0
3.171999931335449 4.861000061035156 1.1349999904632568 49.0
3.1640000343322754 5.144000053405762 1.0329999923706055 77.0
2.9630000591278076 5.146999835968018 0.8569999933242798 69.0
3.181999921798706 4.822999954223633 1.2769999504089355 58.0
3.194999933242798 5.146999835968018 1.1859999895095825 68.0
3.190999984741211 5.4720001220703125 1.0870000123977661 61.0
2.8259999752044678 5.193999767303467 0.8579999804496765 74.0
3.240999937057495 5.1570000648498535 1.3459999561309814 17.0
3.2239999771118164 5.46999979019165 1.246000051498413 61.0
2.9739999771118164 5.385000228881836 1.059000015258789 52.0
2.752000093460083 5.363999843597412 0.8799999952316284 60.0
3.1760001182556152 5.311999797821045 1.3669999837875366 1.0
3.053999900817871 5.4629998207092285 1.2289999723434448 38.0
2.7300000190734863 5.230999946594238 1.0190000534057617 47.0
3.427000045776367 7.0960001945495605 1.156999945640564 41.0
2.944000005722046 5.182000160217285 1.315999984741211 26.0
2.757999897003174 5.208000183105469 1.159000039100647 37.0
3.565000057220459 7.23799991607666 1.3969999551773071 2.0
3.2060000896453857 7.070000171661377 1.1480000019073486 41.0
2.7929999828338623 5.182000160217285 1.2990000247955322 41.0
2.7690000534057617 5.5320000648498535 1.218000054359436 26.0
3.3399999141693115 7.199999809265137 1.378999948501587 6.0
0.734000027179718 1.7280000448226929 0.27900001406669617 1.0
2.693000078201294 5.270999908447266 1.3049999475479126 24.0
3.0360000133514404 6.427000045776367 1.4019999504089355 2.0
0.7549999952316284 1.7339999675750732 0.33000001311302185 0.0
2.9739999771118164 7.495999813079834 1.2059999704360962 14.0
2.765000104904175 5.72599983215332 1.4019999504089355 5.0
0.0 0.0 0.0 0.0
3.0339999198913574 7.435999870300293 1.406000018119812 2.0
0.0 0.0 0.0 0.0
0.0 0.0 0.0 0.0
0.0 0.0 0.0 0.0
2.8540000915527344 7.494999885559082 1.409000039100647 1.0
0.0 0.0 0.0 0.0
0.0 0.0 0.0 0.0
2.572999954223633 6.579999923706055 1.3980000019073486 2.0
0.0 0.0 0.0 0.0
0.0 0.0 0.0 0.0
2.384999990463257 5.920000076293945 1.4040000438690186 2.0
2.4159998893737793 6.624000072479248 1.3969999551773071 2.0
0.0 0.0 0.0 0.0
0.0 0.0 0.0 0.0
2.253000020980835 5.973999977111816 1.402999997138977 2.0
0.0 0.0 0.0 0.0
0.0 0.0 0.0 0.0
0.8240000009536743 3.128000020980835 0.5 0.0
2.114000082015991 6.01200008392334 1.399999976158142 1.0
0.0 0.0 0.0 0.0
0.0 0.0 0.0 0.0
0.7350000143051147 3.0899999141693115 0.49399998784065247 35.0
0.0 0.0 0.0 0.0
0.9240000247955322 3.200000047683716 0.6620000004768372 7.0
0.7919999957084656 3.1419999599456787 0.5789999961853027 4.0
0.6629999876022339 3.119999885559082 0.5 24.0
0.0 0.0 0.0 0.0
0.42899999022483826 1.625 0.33399999141693115 3.0
0.7160000205039978 3.1500000953674316 0.5799999833106995 68.0
0.5870000123977661 3.128000020980835 0.5019999742507935 29.0
0.8399999737739563 3.0239999294281006 0.6869999766349792 30.0
0.753000020980835 3.1410000324249268 0.6439999938011169 17.0
0.6460000276565552 3.184000015258789 0.5849999785423279 65.0
0.44999998807907104 2.756999969482422 0.4440000057220459 49.0
0.7639999985694885 3.010999917984009 0.6790000200271606 23.0
0.6830000281333923 3.1649999618530273 0.6460000276565552 36.0
0.49399998784065247 2.7639999389648438 0.5080000162124634 8.0
0.382999986410141 2.76200008392334 0.44600000977516174 50.0
0.6940000057220459 3.0190000534057617 0.6759999990463257 81.0
0.6050000190734863 3.1540000438690186 0.6420000195503235 42.0
0.4259999990463257 2.755000114440918 0.5059999823570251 51.0
0.31700000166893005 2.7669999599456787 0.4490000009536743 47.0
0.6230000257492065 3.0220000743865967 0.6729999780654907 27.0
0.46299999952316284 2.75 0.5580000281333923 37.0
0.3610000014305115 2.7639999389648438 0.5080000162124634 51.0
0.25 2.7750000953674316 0.453000009059906 52.0
0.5529999732971191 3.0250000953674316 0.6700000166893005 37.0
0.39800000190734863 2.753000020980835 0.5569999814033508 49.0
0.296999990940094 2.7709999084472656 0.5099999904632568 50.0
0.18400000035762787 2.7750000953674316 0.45500001311302185 44.0
0.43799999356269836 2.747999906539917 0.6050000190734863 4.0
0.33500000834465027 2.76200008392334 0.5580000281333923 50.0
0.23100000619888306 2.7709999084472656 0.5109999775886536 34.0
0.11900000274181366 2.7899999618530273 0.46000000834465027 47.0
0.37700000405311584 2.765000104904175 0.6060000061988831 4.0
0.2709999978542328 2.7669999599456787 0.5580000281333923 27.0
0.1679999977350235 2.7850000858306885 0.5139999985694885 49.0
0.052000001072883606 2.760999917984009 0.45899999141693115 93.0
0.30000001192092896 2.6419999599456787 0.5770000219345093 9.0
0.20800000429153442 2.7730000019073486 0.5590000152587891 50.0
0.10199999809265137 2.7909998893737793 0.5170000195503235 53.0
-0.010999999940395355 2.4670000076293945 0.4129999876022339 155.0
0.2529999911785126 2.7829999923706055 0.6050000190734863 4.0
0.14499999582767487 2.7820000648498535 0.5600000023841858 54.0
0.03700000047683716 2.7239999771118164 0.5059999823570251 110.0
-0.06599999964237213 2.3399999141693115 0.39500001072883606 161.0
0.1899999976158142 2.7869999408721924 0.6039999723434448 4.0
0.08100000023841858 2.7929999828338623 0.5630000233650208 52.0
-0.02199999988079071 2.3289999961853027 0.4350000023841858 156.0
-0.1469999998807907 2.818000078201294 0.47999998927116394 49.0
0.12600000202655792 2.7820000648498535 0.6019999980926514 3.0
0.014999999664723873 2.686000108718872 0.5419999957084656 67.0
-0.08900000154972076 2.7090001106262207 0.5080000162124634 150.0
-0.2150000035762787 2.825000047683716 0.48500001430511475 48.0
0.06199999898672104 2.760999917984009 0.5960000157356262 5.0
-0.03799999877810478 2.2360000610351562 0.4519999921321869 52.0
-0.1589999943971634 2.815999984741211 0.531000018119812 47.0
-0.28200000524520874 2.8259999752044678 0.49000000953674316 39.0
0.0 2.6760001182556152 0.5759999752044678 27.0
-0.1120000034570694 2.803999900817871 0.5669999718666077 51.0
-0.22499999403953552 2.822999954223633 0.5350000262260437 47.0
-0.3499999940395355 2.828000068664551 0.4959999918937683 29.0
-0.050999999046325684 2.240999937057495 0.4819999933242798 34.0
-0.1770000010728836 2.816999912261963 0.5709999799728394 29.0
-0.2919999957084656 2.828000068664551 0.5389999747276306 44.0
-0.41999998688697815 2.8459999561309814 0.5040000081062317 18.0
-0.12700000405311584 2.808000087738037 0.6029999852180481 0.0
-0.24300000071525574 2.818000078201294 0.5730000138282776 27.0
-0.36000001430511475 2.8410000801086426 0.5460000038146973 38.0
0.0 0.0 0.0 0.0
-0.19099999964237213 2.805999994277954 0.6019999980926514 0.0
-0.3109999895095825 2.8440001010894775 0.5799999833106995 18.0
-0.42899999022483826 2.8480000495910645 0.5509999990463257 24.0
0.0 0.0 0.0 0.0
-0.257999986410141 2.828000068664551 0.6079999804496765 0.0
-0.37700000405311584 2.8380000591278076 0.5820000171661377 7.0
0.0 0.0 0.0 0.0
0.0 0.0 0.0 0.0
-0.32499998807907104 2.8369998931884766 0.6100000143051147 0.0
0.0 0.0 0.0 0.0
0.0 0.0 0.0 0.0
0.0 0.0 0.0 0.0
0.0 0.0 0.0 0.0
0.0 0.0 0.0 0.0
0.0 0.0 0.0 0.0
0.0 0.0 0.0 0.0
0.0 0.0 0.0 0.0
0.0 0.0 0.0 0.0
0.0 0.0 0.0 0.0
0.0 0.0 0.0 0.0
0.0 0.0 0.0 0.0
0.0 0.0 0.0 0.0
0.0 0.0 0.0 0.0
0.0 0.0 0.0 0.0
0.0 0.0 0.0 0.0
0.0 0.0 0.0 0.0
0.0 0.0 0.0 0.0
0.0 0.0 0.0 0.0
0.0 0.0 0.0 0.0
0.0 0.0 0.0 0.0
0.0 0.0 0.0 0.0
0.0 0.0 0.0 0.0
0.0 0.0 0.0 0.0
0.0 0.0 0.0 0.0
0.0 0.0 0.0 0.0
0.0 0.0 0.0 0.0
0.0 0.0 0.0 0.0
0.0 0.0 0.0 0.0
0.0 0.0 0.0 0.0
0.0 0.0 0.0 0.0
0.0 0.0 0.0 0.0
0.0 0.0 0.0 0.0
0.0 0.0 0.0 0.0
0.0 0.0 0.0 0.0
0.0 0.0 0.0 0.0
0.0 0.0 0.0 0.0
0.0 0.0 0.0 0.0
-1.1119999885559082 2.2980000972747803 0.4959999918937683 1.0
0.0 0.0 0.0 0.0
0.0 0.0 0.0 0.0
0.0 0.0 0.0 0.0
0.0 0.0 0.0 0.0
0.0 0.0 0.0 0.0
0.0 0.0 0.0 0.0
0.0 0.0 0.0 0.0
0.0 0.0 0.0 0.0
0.0 0.0 0.0 0.0
0.0 0.0 0.0 0.0
0.0 0.0 0.0 0.0
0.0 0.0 0.0 0.0
0.0 0.0 0.0 0.0
0.0 0.0 0.0 0.0
0.0 0.0 0.0 0.0
0.0 0.0 0.0 0.0
0.0 0.0 0.0 0.0
0.0 0.0 0.0 0.0
0.0 0.0 0.0 0.0
0.0 0.0 0.0 0.0
0.0 0.0 0.0 0.0
0.0 0.0 0.0 0.0
0.0 0.0 0.0 0.0
0.0 0.0 0.0 1.0
0.0 0.0 0.0 0.0
0.0 0.0 0.0 0.0
0.0 0.0 0.0 0.0
0.0 0.0 0.0 0.0
0.0 0.0 0.0 0.0
0.0 0.0 0.0 0.0
0.0 0.0 0.0 0.0
0.0 0.0 0.0 1.0
0.0 0.0 0.0 0.0
0.0 0.0 0.0 0.0
0.0 0.0 0.0 0.0
0.0 0.0 0.0 0.0
0.0 0.0 0.0 0.0
0.0 0.0 0.0 0.0
0.0 0.0 0.0 0.0
0.0 0.0 0.0 0.0
0.0 0.0 0.0 0.0
0.0 0.0 0.0 0.0
0.0 0.0 0.0 0.0
0.0 0.0 0.0 0.0
0.0 0.0 0.0 0.0
0.0 0.0 0.0 0.0
0.0 0.0 0.0 0.0
0.0 0.0 0.0 0.0
0.0 0.0 0.0 0.0
0.0 0.0 0.0 0.0
0.0 0.0 0.0 0.0
0.0 0.0 0.0 0.0
0.0 0.0 0.0 0.0
0.0 0.0 0.0 0.0
0.0 0.0 0.0 0.0
0.0 0.0 0.0 0.0
0.0 0.0 0.0 0.0
0.0 0.0 0.0 0.0
0.0 0.0 0.0 0.0
-1.8380000591278076 1.8009999990463257 0.5619999766349792 57.0
0.0 0.0 0.0 0.0
0.0 0.0 0.0 0.0
-2.177000045776367 2.2269999980926514 0.6710000038146973 32.0
-1.86899995803833 1.75 0.5630000233650208 48.0
0.0 0.0 0.0 1.0
0.0 0.0 0.0 0.0
-1.8380000591278076 1.7960000038146973 0.5559999942779541 60.0
-2.2679998874664307 2.0290000438690186 0.675000011920929 19.0
0.0 0.0 0.0 0.0
-2.174999952316284 2.194999933242798 0.652999997138977 54.0
-1.8849999904632568 1.7589999437332153 0.5609999895095825 47.0
-1.9110000133514404 1.6330000162124634 0.5619999766349792 77.0
0.0 0.0 0.0 0.0
-1.8489999771118164 1.781000018119812 0.5429999828338623 51.0
-2.3299999237060547 2.0759999752044678 0.6819999814033508 21.0
-2.3299999237060547 1.9010000228881836 0.6769999861717224 19.0
-1.8270000219345093 1.815000057220459 0.5249999761581421 6.0
-1.909999966621399 1.75600004196167 0.550000011920929 54.0
-2.359999895095825 2.006999969482422 0.6800000071525574 23.0
-2.36299991607666 1.840999960899353 0.6790000200271606 16.0
-1.8700000047683716 1.7730000019073486 0.5249999761581421 41.0
-2.369999885559082 2.0799999237060547 0.6700000166893005 114.0
-2.36299991607666 1.9190000295639038 0.6710000038146973 5.0
-2.3889999389648438 1.7760000228881836 0.6790000200271606 16.0
-2.427000045776367 2.194999933242798 0.6650000214576721 150.0
-2.4059998989105225 2.0139999389648438 0.6669999957084656 13.0
-2.380000114440918 1.8420000076293945 0.6660000085830688 4.0
-2.4110000133514404 1.7100000381469727 0.6790000200271606 16.0
-2.453000068664551 2.115000009536743 0.6579999923706055 56.0
-2.440000057220459 1.9479999542236328 0.6650000214576721 3.0
-2.4040000438690186 1.774999976158142 0.6639999747276306 4.0
-2.4179999828338623 1.6339999437332153 0.675000011920929 17.0
-2.5980000495910645 2.134999990463257 0.6819999814033508 16.0
-2.493000030517578 1.8969999551773071 0.6690000295639038 4.0
-2.427999973297119 1.7089999914169312 0.6629999876022339 4.0
-2.305999994277954 1.4830000400543213 0.6389999985694885 15.0
-2.6600000858306885 2.0810000896453857 0.6850000023841858 16.0
-2.568000078201294 1.8609999418258667 0.6779999732971191 6.0
-2.453000068664551 1.6430000066757202 0.6620000004768372 4.0
-2.309000015258789 1.4140000343322754 0.6349999904632568 18.0
-2.7039999961853027 2.0139999389648438 0.6830000281333923 19.0
-2.627000093460083 1.812000036239624 0.6840000152587891 10.0
-2.436000108718872 1.5520000457763672 0.6499999761581421 6.0
-2.4670000076293945 1.434999942779541 0.6740000247955322 24.0
-2.749000072479248 1.9490000009536743 0.6819999814033508 20.0
-2.6449999809265137 1.7350000143051147 0.6790000200271606 13.0
-2.381999969482422 1.4429999589920044 0.6299999952316284 24.0
-2.506999969482422 1.3839999437332153 0.6809999942779541 18.0
-2.760999917984009 1.8600000143051147 0.6729999780654907 1.0
-2.552000045776367 1.590999960899353 0.6460000276565552 19.0
-2.5820000171661377 1.4830000400543213 0.6759999990463257 19.0
-2.5250000953674316 1.3209999799728394 0.6819999814033508 20.0
-2.7850000858306885 1.781000018119812 0.6679999828338623 0.0
-2.494999885559082 1.475000023841858 0.6240000128746033 24.0
-2.619999885559082 1.4270000457763672 0.6800000071525574 20.0
-2.5280001163482666 1.2510000467300415 0.6800000071525574 13.0
-2.888000011444092 1.7519999742507935 0.6819999814033508 43.0
-2.75 1.5410000085830688 0.6800000071525574 5.0
-2.5969998836517334 1.3380000591278076 0.6690000295639038 59.0
-2.5460000038146973 1.190999984741211 0.6819999814033508 10.0
-2.8889999389648438 1.659000039100647 0.671999990940094 95.0
-2.687999963760376 1.4240000247955322 0.6579999923706055 98.0
-2.61899995803833 1.274999976158142 0.6700000166893005 43.0
-2.559999942779541 1.128000020980835 0.6830000281333923 12.0
-2.742000102996826 1.4889999628067017 0.6290000081062317 107.0
-2.7070000171661377 1.3539999723434448 0.656000018119812 104.0
-2.684999942779541 1.2319999933242798 0.6819999814033508 23.0
-2.568000078201294 1.0640000104904175 0.6830000281333923 11.0
-2.7249999046325684 1.3960000276565552 0.6169999837875366 73.0
-2.7300000190734863 1.2869999408721924 0.6549999713897705 40.0
-2.7019999027252197 1.1660000085830688 0.6819999814033508 24.0
-2.6110000610351562 1.0140000581741333 0.6919999718666077 53.0
-2.7309999465942383 1.3179999589920044 0.6100000143051147 65.0
-2.8440001010894775 1.2610000371932983 0.6769999861717224 24.0
-2.7039999961853027 1.093999981880188 0.6790000200271606 21.0
-2.9590001106262207 1.0740000009536743 0.7829999923706055 83.0
-2.805999994277954 1.2730000019073486 0.6200000047683716 30.0
-2.880000114440918 1.1970000267028809 0.6800000071525574 73.0
-2.759999990463257 1.0449999570846558 0.6890000104904175 23.0
-2.9709999561309814 1.0049999952316284 0.7850000262260437 75.0
-2.9210000038146973 1.2410000562667847 0.6389999985694885 114.0
-2.8910000324249268 1.1239999532699585 0.6769999861717224 101.0
-2.9649999141693115 1.0449999570846558 0.7379999756813049 66.0
-2.9679999351501465 0.9309999942779541 0.7829999923706055 62.0
-2.9579999446868896 1.1749999523162842 0.6399999856948853 75.0
-2.9519999027252197 1.0679999589920044 0.6869999766349792 53.0
-2.9609999656677246 0.968999981880188 0.734000027179718 70.0
-2.9769999980926514 0.8619999885559082 0.7850000262260437 67.0
-2.9590001106262207 1.093999981880188 0.6340000033378601 62.0
-2.9639999866485596 0.9950000047683716 0.6859999895095825 68.0
-2.9700000286102295 0.8970000147819519 0.734000027179718 64.0
-2.9779999256134033 0.7910000085830688 0.7850000262260437 68.0
-2.9639999866485596 1.0160000324249268 0.6299999952316284 66.0
-2.9719998836517334 0.9210000038146973 0.6830000281333923 72.0
-2.9739999771118164 0.824999988079071 0.7329999804496765 69.0
-2.9800000190734863 0.7210000157356262 0.7860000133514404 72.0
-2.9690001010894775 0.9390000104904175 0.6259999871253967 62.0
-2.9709999561309814 0.8450000286102295 0.6800000071525574 70.0
-2.9769999980926514 0.7540000081062317 0.7319999933242798 65.0
-2.9820001125335693 0.652999997138977 0.7870000004768372 73.0
-2.9700000286102295 0.8610000014305115 0.621999979019165 62.0
-2.9749999046325684 0.7720000147819519 0.6779999732971191 70.0
-2.984999895095825 0.6840000152587891 0.7329999804496765 72.0
-2.558000087738037 0.5009999871253967 0.6759999990463257 7.0
-2.9769999980926514 0.7860000133514404 0.6190000176429749 64.0
-2.9820001125335693 0.699999988079071 0.6769999861717224 68.0
-2.9719998836517334 0.6100000143051147 0.7289999723434448 80.0
-2.561000108718872 0.4429999887943268 0.6779999732971191 7.0
-2.984999895095825 0.7120000123977661 0.6169999837875366 67.0
-2.9839999675750732 0.6269999742507935 0.6759999990463257 68.0
-2.76200008392334 0.5019999742507935 0.6769999861717224 8.0
-2.546999931335449 0.382999986410141 0.675000011920929 7.0
-2.9839999675750732 0.6359999775886536 0.6140000224113464 66.0
-2.9839999675750732 0.5550000071525574 0.6740000247955322 44.0
-2.755000114440918 0.4359999895095825 0.6759999990463257 7.0
-2.552999973297119 0.3269999921321869 0.6779999732971191 7.0
-2.993000030517578 0.5630000233650208 0.6129999756813049 69.0
-2.990000009536743 0.48399999737739563 0.6740000247955322 45.0
-2.750999927520752 0.3720000088214874 0.6740000247955322 8.0
-2.5510001182556152 0.27000001072883606 0.6790000200271606 7.0
-2.996999979019165 0.49000000953674316 0.6110000014305115 66.0
-2.7790000438690186 0.382999986410141 0.6259999871253967 6.0
-2.7219998836517334 0.3050000071525574 0.6679999828338623 8.0
-2.5399999618530273 0.21199999749660492 0.6779999732971191 7.0
-2.934999942779541 0.40700000524520874 0.597000002861023 21.0
-2.7799999713897705 0.3179999887943268 0.6259999871253967 15.0
-2.753000020980835 0.2460000067949295 0.6769999861717224 5.0
-2.507999897003174 0.15399999916553497 0.6729999780654907 43.0
-2.7300000190734863 0.31200000643730164 0.5540000200271606 8.0
-2.7850000858306885 0.25200000405311584 0.6269999742507935 15.0
-2.7009999752044678 0.17900000512599945 0.6650000214576721 20.0
-2.5290000438690186 0.10000000149011612 0.6809999942779541 9.0
-2.9089999198913574 0.2619999945163727 0.5889999866485596 24.0
-2.9489998817443848 0.1979999989271164 0.6639999747276306 12.0
-2.677000045776367 0.11699999868869781 0.6610000133514404 8.0
0.0 0.0 0.0 0.0
-3.0190000534057617 0.1979999989271164 0.6110000014305115 68.0
-3.0250000953674316 0.13199999928474426 0.6819999814033508 15.0
0.0 0.0 0.0 0.0
-0.10499999672174454 0.0 0.02800000086426735 0.0
-2.865999937057495 0.11900000274181366 0.5789999961853027 17.0
0.0 0.0 0.0 0.0
-0.1080000028014183 0.0 0.027000000700354576 0.0
-2.309000015258789 -0.05900000035762787 0.6299999952316284 3.0
0.0 0.0 0.0 0.0
-0.10300000011920929 0.0 0.023000000044703484 0.0
-2.2060000896453857 -0.05299999937415123 0.550000011920929 8.0
-2.11899995803833 -0.10000000149011612 0.5809999704360962 78.0
0.0 0.0 0.0 0.0
-2.196000099182129 -0.05700000002980232 0.49799999594688416 14.0
-2.140000104904175 -0.0989999994635582 0.5360000133514404 86.0
-2.0889999866485596 -0.14499999582767487 0.5770000219345093 90.0
-2.203000068664551 -0.06700000166893005 0.44600000977516174 30.0
-2.1470000743865967 -0.10599999874830246 0.48899999260902405 87.0
-2.1089999675750732 -0.1459999978542328 0.531000018119812 86.0
-2.0799999237060547 -0.1899999976158142 0.578000009059906 97.0
-2.1610000133514404 -0.11800000071525574 0.4390000104904175 93.0
-2.127000093460083 -0.1550000011920929 0.4860000014305115 92.0
-2.1029999256134033 -0.19300000369548798 0.5320000052452087 92.0
-2.0810000896453857 -0.23600000143051147 0.5820000171661377 99.0
-2.1510000228881836 -0.17000000178813934 0.43799999356269836 89.0
-2.121000051498413 -0.20499999821186066 0.4869999885559082 87.0
-2.0989999771118164 -0.2409999966621399 0.5339999794960022 86.0
-2.0820000171661377 -0.28200000524520874 0.5860000252723694 92.0
-2.1519999504089355 -0.22200000286102295 0.4399999976158142 90.0
-2.121000051498413 -0.2549999952316284 0.48899999260902405 88.0
-2.0980000495910645 -0.289000004529953 0.5370000004768372 91.0
-2.0889999866485596 -0.32899999618530273 0.5929999947547913 84.0
-2.1429998874664307 -0.27399998903274536 0.4399999976158142 83.0
-2.124000072479248 -0.3050000071525574 0.492000013589859 86.0
-2.115000009536743 -0.3400000035762787 0.5450000166893005 82.0
-2.2139999866485596 -0.39899998903274536 0.6330000162124634 150.0
-2.1649999618530273 -0.33000001311302185 0.44699999690055847 62.0
-2.140000104904175 -0.35899999737739563 0.49900001287460327 67.0
-2.2109999656677246 -0.40700000524520874 0.5740000009536743 58.0
-2.3010001182556152 -0.4659999907016754 0.6629999876022339 31.0
-2.191999912261963 -0.3889999985694885 0.45500001311302185 58.0
-2.2139999866485596 -0.42500001192092896 0.5199999809265137 67.0
-2.2899999618530273 -0.4749999940395355 0.5989999771118164 41.0
-2.496999979019165 -0.5619999766349792 0.7260000109672546 150.0
-2.263000011444092 -0.4580000042915344 0.4729999899864197 91.0
-2.8369998931884766 -0.6140000224113464 0.671999990940094 24.0
-2.565000057220459 -0.5929999947547913 0.6769999861717224 34.0
-2.6080000400543213 -0.6480000019073486 0.7649999856948853 159.0
-3.0260000228881836 -0.6890000104904175 0.6370000243186951 31.0
-2.7160000801086426 -0.6549999713897705 0.6480000019073486 5.0
-2.549999952316284 -0.6499999761581421 0.6779999732971191 22.0
-2.632999897003174 -0.7139999866485596 0.7799999713897705 169.0
-3.006999969482422 -0.7620000243186951 0.6380000114440918 46.0
0.0 0.0 0.0 0.0
-2.5360000133514404 -0.7080000042915344 0.6809999942779541 13.0
-2.9769999980926514 -0.878000020980835 0.8899999856948853 150.0
-3.0810000896453857 -0.8600000143051147 0.6589999794960022 26.0
-2.7890000343322754 -0.8119999766349792 0.6769999861717224 1.0
-2.5190000534057617 -0.7649999856948853 0.6830000281333923 5.0
-3.0920000076293945 -0.9850000143051147 0.9340000152587891 76.0
-3.0940001010894775 -0.9449999928474426 0.6679999828338623 34.0
-2.7660000324249268 -0.875 0.6779999732971191 9.0
-2.5239999294281006 -0.8299999833106995 0.6909999847412109 5.0
-2.546999931335449 -0.871999979019165 0.777999997138977 27.0
-3.1040000915527344 -1.031000018119812 0.6769999861717224 57.0
-2.8559999465942383 -0.9779999852180481 0.7070000171661377 16.0
-2.5360000133514404 -0.8970000147819519 0.7020000219345093 8.0
-2.8910000324249268 -1.0609999895095825 0.8930000066757202 7.0
-3.1089999675750732 -1.1169999837875366 0.6859999895095825 60.0
-2.8429999351501465 -1.0490000247955322 0.7120000123977661 4.0
-2.742000102996826 -1.0399999618530273 0.7680000066757202 3.0
-2.746999979019165 -1.0759999752044678 0.8579999804496765 6.0
-3.1110000610351562 -1.2029999494552612 0.6940000057220459 60.0
-2.7109999656677246 -1.0720000267028809 0.6869999766349792 0.0
-2.632999897003174 -1.0670000314712524 0.7459999918937683 4.0
-2.618000030517578 -1.090999960899353 0.8270000219345093 6.0
-3.11299991607666 -1.2910000085830688 0.703000009059906 43.0
-2.7090001106262207 -1.1449999809265137 0.6949999928474426 6.0
-2.496000051498413 -1.0779999494552612 0.7160000205039978 4.0
-2.4539999961853027 -1.0859999656677246 0.7850000262260437 4.0
-3.1110000610351562 -1.378999948501587 0.7120000123977661 28.0
-2.678999900817871 -1.2070000171661377 0.6959999799728394 4.0
0.0 0.0 0.0 0.0
-2.437000036239624 -1.1419999599456787 0.7900000214576721 5.0
-3.007999897003174 -1.4220000505447388 0.6980000138282776 6.0
-2.6070001125335693 -1.2480000257492065 0.6869999766349792 0.0
-2.436000108718872 -1.184999942779541 0.7170000076293945 1.0
-2.431999921798706 -1.2050000429153442 0.7990000247955322 15.0
-2.9059998989105225 -1.4600000381469727 0.6840000152587891 11.0
0.0 0.0 0.0 0.0
-2.4519999027252197 -1.2610000371932983 0.7319999933242798 16.0
-2.440999984741211 -1.274999976158142 0.8130000233650208 12.0
-2.194000005722046 -1.1699999570846558 0.5239999890327454 3.0
0.0 0.0 0.0 0.0
0.0 0.0 0.0 0.0
0.0 0.0 0.0 0.0
-2.930999994277954 -1.656000018119812 0.7120000123977661 12.0
-2.4800000190734863 -1.4079999923706055 0.6830000281333923 4.0
-2.4630000591278076 -1.4110000133514404 0.7580000162124634 1.0
0.0 0.0 0.0 0.0
-2.809000015258789 -1.6770000457763672 0.6940000057220459 30.0
-2.494999885559082 -1.496000051498413 0.6990000009536743 6.0
-2.4769999980926514 -1.49399995803833 0.7739999890327454 19.0
0.0 0.0 0.0 0.0
-2.6689999103546143 -1.6829999685287476 0.671999990940094 37.0
-2.4839999675750732 -1.569000005722046 0.7080000042915344 9.0
-2.486999988555908 -1.5770000219345093 0.7900000214576721 6.0
0.0 0.0 0.0 0.0
-2.431999921798706 -1.6169999837875366 0.6240000128746033 6.0
-2.5369999408721924 -1.684999942779541 0.7360000014305115 38.0
-2.5369999408721924 -1.690000057220459 0.8199999928474426 20.0
-1.8179999589920044 -1.215999960899353 0.6539999842643738 0.0
-2.184000015258789 -1.5290000438690186 0.5709999799728394 6.0
-2.421999931335449 -1.6920000314712524 0.7160000205039978 40.0
-2.4260001182556152 -1.6950000524520874 0.7979999780654907 9.0
-1.7899999618530273 -1.253999948501587 0.6549999713897705 1.0
-2.125 -1.565000057220459 0.5669999718666077 10.0
-1.996000051498413 -1.465000033378601 0.6019999980926514 31.0
-2.0169999599456787 -1.4780000448226929 0.6759999990463257 2.0
-1.7549999952316284 -1.2879999876022339 0.6539999842643738 0.0
-2.055000066757202 -1.5920000076293945 0.5609999895095825 12.0
-1.940000057220459 -1.49399995803833 0.597000002861023 4.0
-1.9490000009536743 -1.496999979019165 0.6660000085830688 0.0
-1.7389999628067017 -1.3339999914169312 0.6600000262260437 0.0
-1.9800000190734863 -1.6119999885559082 0.5529999732971191 15.0
-1.875 -1.5160000324249268 0.5889999866485596 3.0
0.0 0.0 0.0 0.0
0.0 0.0 0.0 0.0
-1.9170000553131104 -1.6390000581741333 0.5479999780654907 16.0
-1.8289999961853027 -1.5499999523162842 0.5870000123977661 4.0
-2.0250000953674316 -1.7059999704360962 0.7210000157356262 0.0
0.0 0.0 0.0 0.0
-1.8559999465942383 -1.6660000085830688 0.5440000295639038 17.0
-1.8940000534057617 -1.6829999685287476 0.6230000257492065 8.0
-1.9329999685287476 -1.7039999961853027 0.703000009059906 4.0
0.0 0.0 0.0 0.0
-1.7879999876022339 -1.684000015258789 0.5379999876022339 17.0
-1.7740000486373901 -1.6510000228881836 0.597000002861023 6.0
-1.7410000562667847 -1.6059999465942383 0.6480000019073486 9.0
-1.5880000591278076 -1.4529999494552612 0.6520000100135803 0.0
-1.7610000371932983 -1.7410000562667847 0.5440000295639038 35.0
-1.7799999713897705 -1.7359999418258667 0.6150000095367432 45.0
-1.7000000476837158 -1.6399999856948853 0.6480000019073486 11.0
-1.5779999494552612 -1.5069999694824219 0.6620000004768372 15.0
0.0 0.0 0.0 0.0
0.0 0.0 0.0 0.0
0.0 0.0 0.0 0.0
-1.5809999704360962 -1.5770000219345093 0.6790000200271606 4.0
0.0 0.0 0.0 0.0
0.0 0.0 0.0 0.0
0.0 0.0 0.0 0.0
0.0 0.0 0.0 0.0
0.0 0.0 0.0 0.0
0.0 0.0 0.0 0.0
0.0 0.0 0.0 0.0
0.0 0.0 0.0 0.0
0.0 0.0 0.0 0.0
0.0 0.0 0.0 0.0
0.0 0.0 0.0 0.0
0.0 0.0 0.0 0.0
0.0 0.0 0.0 0.0
0.0 0.0 0.0 0.0
0.0 0.0 0.0 0.0
0.0 0.0 0.0 0.0
0.0 0.0 0.0 1.0
0.0 0.0 0.0 0.0
0.0 0.0 0.0 0.0
0.0 0.0 0.0 0.0
0.0 0.0 0.0 0.0
0.0 0.0 0.0 0.0
0.0 0.0 0.0 0.0
0.0 0.0 0.0 0.0
0.0 0.0 0.0 0.0
0.0 0.0 0.0 0.0
0.0 0.0 0.0 0.0
0.0 0.0 0.0 0.0
0.0 0.0 0.0 0.0
0.0 0.0 0.0 0.0
0.0 0.0 0.0 0.0
0.0 0.0 0.0 0.0
0.0 0.0 0.0 0.0
0.0 0.0 0.0 0.0
0.0 0.0 0.0 0.0
0.0 0.0 0.0 0.0
0.0 0.0 0.0 0.0
0.0 0.0 0.0 0.0
0.0 0.0 0.0 0.0
0.0 0.0 0.0 0.0
0.0 0.0 0.0 0.0
0.0 0.0 0.0 0.0
0.0 0.0 0.0 0.0
0.0 0.0 0.0 0.0
0.0 0.0 0.0 0.0
0.0 0.0 0.0 0.0
0.0 0.0 0.0 0.0
0.0 0.0 0.0 0.0
0.0 0.0 0.0 0.0
0.0 0.0 0.0 0.0
0.0 0.0 0.0 0.0
0.0 0.0 0.0 0.0
0.0 0.0 0.0 0.0
0.0 0.0 0.0 0.0
0.0 0.0 0.0 0.0
0.0 0.0 0.0 0.0
0.0 0.0 0.0 0.0
0.0 0.0 0.0 0.0
0.0 0.0 0.0 0.0
0.0 0.0 0.0 0.0
0.0 0.0 0.0 0.0
0.0 0.0 0.0 0.0
0.0 0.0 0.0 0.0
0.0 0.0 0.0 0.0
0.0 0.0 0.0 0.0
0.0 0.0 0.0 0.0
0.0 0.0 0.0 0.0
0.0 0.0 0.0 0.0
0.0 0.0 0.0 0.0
0.0 0.0 0.0 0.0
0.0 0.0 0.0 0.0
0.0 0.0 0.0 0.0
0.0 0.0 0.0 0.0
0.0 0.0 0.0 0.0
0.0 0.0 0.0 0.0
0.0 0.0 0.0 0.0
0.0 0.0 0.0 0.0
0.0 0.0 0.0 0.0
0.0 0.0 0.0 0.0
-0.5879999995231628 -1.5989999771118164 0.5249999761581421 6.0
0.0 0.0 0.0 0.0
0.0 0.0 0.0 0.0
-0.5130000114440918 -1.6080000400543213 0.48100000619888306 7.0
-0.5490000247955322 -1.600000023841858 0.5210000276565552 8.0
-0.39899998903274536 -1.6239999532699585 0.40700000524520874 10.0
-0.43700000643730164 -1.6119999885559082 0.44200000166893005 10.0
-0.4729999899864197 -1.6069999933242798 0.4779999852180481 9.0
-0.5109999775886536 -1.6050000190734863 0.5189999938011169 9.0
-0.35899999737739563 -1.6260000467300415 0.40799999237060547 12.0
-0.39899998903274536 -1.61899995803833 0.4429999887943268 12.0
-0.43700000643730164 -1.6180000305175781 0.4790000021457672 11.0
-0.4749999940395355 -1.6119999885559082 0.5170000195503235 9.0
-0.3199999928474426 -1.6319999694824219 0.4090000092983246 12.0
-0.35899999737739563 -1.6169999837875366 0.4410000145435333 12.0
-0.3970000147819519 -1.6119999885559082 0.4749999940395355 11.0
-0.4350000023841858 -1.6069999933242798 0.5130000114440918 10.0
-0.2800000011920929 -1.63100004196167 0.4090000092983246 14.0
-0.32199999690055847 -1.6260000467300415 0.4429999887943268 12.0
-0.36000001430511475 -1.6200000047683716 0.47600001096725464 11.0
-0.39899998903274536 -1.6119999885559082 0.5109999775886536 10.0
-0.23999999463558197 -1.6299999952316284 0.4090000092983246 16.0
-0.28299999237060547 -1.6230000257492065 0.44200000166893005 12.0
-0.3230000138282776 -1.6260000467300415 0.47600001096725464 11.0
-0.3619999885559082 -1.6130000352859497 0.5080000162124634 10.0
-0.20499999821186066 -1.656999945640564 0.4169999957084656 65.0
-0.24500000476837158 -1.628000020980835 0.4429999887943268 13.0
-0.2840000092983246 -1.621999979019165 0.4729999899864197 12.0
-0.32499998807907104 -1.6150000095367432 0.5059999823570251 10.0
-0.1120000034570694 -1.1239999532699585 0.28299999237060547 1.0
-0.21199999749660492 -1.6629999876022339 0.4519999921321869 25.0
-0.24799999594688416 -1.628999948501587 0.4740000069141388 12.0
-0.289000004529953 -1.621000051498413 0.5059999823570251 12.0
-0.08100000023841858 -1.0720000267028809 0.2709999978542328 0.0
0.0 0.0 0.0 0.0
0.0 0.0 0.0 0.0
-0.25200000405311584 -1.6160000562667847 0.5019999742507935 13.0
-0.054999999701976776 -1.065000057220459 0.27000001072883606 0.0
-0.08699999749660492 -1.0839999914169312 0.29499998688697815 0.0
-0.12099999934434891 -1.1349999904632568 0.32899999618530273 5.0
0.0 0.0 0.0 0.0
-0.029999999329447746 -1.0579999685287476 0.27000001072883606 0.0
-0.061000000685453415 -1.065000057220459 0.28999999165534973 0.0
-0.09099999815225601 -1.0850000381469727 0.3140000104904175 0.0
-0.12399999797344208 -1.1150000095367432 0.3440000116825104 6.0
-0.004999999888241291 -1.059000015258789 0.2709999978542328 0.0
-0.035999998450279236 -1.059000015258789 0.289000004529953 0.0
-0.06499999761581421 -1.062999963760376 0.3070000112056732 0.0
-0.0989999994635582 -1.1180000305175781 0.3440000116825104 1.0
0.01899999938905239 -1.0720000267028809 0.2759999930858612 0.0
-0.012000000104308128 -1.062000036239624 0.29100000858306885 0.0
-0.03999999910593033 -1.0529999732971191 0.3050000071525574 0.0
-0.07100000232458115 -1.0700000524520874 0.328000009059906 0.0
0.04500000178813934 -1.1050000190734863 0.28600001335144043 0.0
0.010999999940395355 -1.0789999961853027 0.29600000381469727 0.0
-0.017000000923871994 -1.0640000104904175 0.30799999833106995 0.0
-0.04699999839067459 -1.059000015258789 0.3240000009536743 0.0
0.10100000351667404 -1.5679999589920044 0.4090000092983246 4.0
0.03700000047683716 -1.0959999561309814 0.3019999861717224 1.0
0.006000000052154064 -1.0709999799728394 0.3100000023841858 0.0
-0.023000000044703484 -1.062999963760376 0.3240000009536743 1.0
0.14499999582767487 -1.6430000066757202 0.4320000112056732 8.0
0.06499999761581421 -1.1399999856948853 0.3149999976158142 1.0
0.03099999949336052 -1.0870000123977661 0.3149999976158142 0.0
0.0 -1.0670000314712524 0.32499998807907104 1.0
0.18199999630451202 -1.6319999694824219 0.4320000112056732 28.0
0.13099999725818634 -1.6440000534057617 0.4569999873638153 6.0
0.0560000017285347 -1.1009999513626099 0.3199999928474426 5.0
0.023000000044703484 -1.0829999446868896 0.33000001311302185 1.0
0.22100000083446503 -1.6380000114440918 0.43700000643730164 24.0
0.1679999977350235 -1.628999948501587 0.45500001311302185 26.0
0.08699999749660492 -1.180999994277954 0.3440000116825104 0.0
0.04800000041723251 -1.0870000123977661 0.3310000002384186 8.0
0.25999999046325684 -1.6380000114440918 0.4410000145435333 20.0
0.20600000023841858 -1.63100004196167 0.4580000042915344 23.0
0.1589999943971634 -1.6430000066757202 0.47999998927116394 4.0
0.07500000298023224 -1.1299999952316284 0.3440000116825104 5.0
0.30000001192092896 -1.6399999856948853 0.44600000977516174 18.0
0.24400000274181366 -1.63100004196167 0.460999995470047 17.0
0.1940000057220459 -1.6269999742507935 0.47699999809265137 23.0
0.13600000739097595 -1.5290000438690186 0.4659999907016754 2.0
0.33899998664855957 -1.6380000114440918 0.4490000009536743 16.0
0.28299999237060547 -1.6349999904632568 0.4650000035762787 17.0
0.23399999737739563 -1.6440000534057617 0.48399999737739563 2.0
0.18299999833106995 -1.6430000066757202 0.5009999871253967 3.0
0.4059999883174896 -1.7519999742507935 0.4860000014305115 109.0
0.32100000977516174 -1.6339999437332153 0.46799999475479126 15.0
0.2709999978542328 -1.6339999437332153 0.4830000102519989 16.0
0.21699999272823334 -1.6260000467300415 0.4970000088214874 19.0
0.4779999852180481 -1.8680000305175781 0.5239999890327454 59.0
0.36000001430511475 -1.6339999437332153 0.47099998593330383 13.0
0.3089999854564667 -1.6339999437332153 0.48500001430511475 14.0
0.2549999952316284 -1.628999948501587 0.49799999594688416 16.0
0.5249999761581421 -1.871000051498413 0.531000018119812 63.0
0.4560000002384186 -1.8630000352859497 0.5419999957084656 61.0
0.34700000286102295 -1.6330000162124634 0.4869999885559082 14.0
0.2919999957084656 -1.625 0.49799999594688416 14.0
0.5720000267028809 -1.871000051498413 0.5370000004768372 56.0
0.503000020980835 -1.8680000305175781 0.5479999780654907 60.0
0.4189999997615814 -1.7740000486373901 0.5320000052452087 108.0
0.33000001311302185 -1.6260000467300415 0.5 13.0
0.6200000047683716 -1.8730000257492065 0.5440000295639038 51.0
0.5479999780654907 -1.8639999628067017 0.5519999861717224 58.0
0.4869999885559082 -1.871999979019165 0.5649999976158142 60.0
0.3720000088214874 -1.6430000066757202 0.5070000290870667 16.0
0.6690000295639038 -1.8739999532699585 0.5519999861717224 52.0
0.5979999899864197 -1.875 0.5609999895095825 56.0
0.5329999923706055 -1.86899995803833 0.5690000057220459 59.0
0.46700000762939453 -1.8669999837875366 0.578000009059906 58.0
0.7179999947547913 -1.875 0.5600000023841858 52.0
0.6449999809265137 -1.875 0.5669999718666077 55.0
0.578000009059906 -1.8669999837875366 0.5720000267028809 57.0
0.5109999775886536 -1.8650000095367432 0.5799999833106995 59.0
0.7710000276565552 -1.8830000162124634 0.5699999928474426 53.0
0.6940000057220459 -1.8760000467300415 0.5730000138282776 54.0
0.628000020980835 -1.8769999742507935 0.5789999961853027 52.0
0.5590000152587891 -1.871999979019165 0.5849999785423279 60.0
0.8240000009536743 -1.8860000371932983 0.5799999833106995 48.0
0.7450000047683716 -1.8819999694824219 0.5820000171661377 56.0
0.675000011920929 -1.8760000467300415 0.5839999914169312 51.0
0.6060000061988831 -1.875 0.5889999866485596 59.0
0.699999988079071 -1.50600004196167 0.4699999988079071 11.0
0.7960000038146973 -1.8849999904632568 0.5899999737739563 57.0
0.7239999771118164 -1.8760000467300415 0.5889999866485596 50.0
0.6539999842643738 -1.8769999742507935 0.5929999947547913 56.0
0.8619999885559082 -1.75 0.5550000071525574 150.0
0.8040000200271606 -1.7869999408721924 0.5659999847412109 148.0
0.7749999761581421 -1.8819999694824219 0.597000002861023 55.0
0.703000009059906 -1.88100004196167 0.5989999771118164 55.0
0.9860000014305115 -1.8910000324249268 0.6100000143051147 52.0
0.7179999947547913 -1.503000020980835 0.4830000102519989 17.0
0.8240000009536743 -1.8769999742507935 0.6019999980926514 51.0
0.753000020980835 -1.8819999694824219 0.6029999852180481 57.0
1.0360000133514404 -1.88100004196167 0.6169999837875366 131.0
0.9509999752044678 -1.88100004196167 0.6129999756813049 58.0
0.7070000171661377 -1.5169999599456787 0.4909999966621399 20.0
0.8019999861717224 -1.88100004196167 0.6069999933242798 52.0
0.7329999804496765 -1.2619999647140503 0.42100000381469727 1.0
1.0140000581741333 -1.8960000276565552 0.6269999742507935 47.0
0.8809999823570251 -1.781999945640564 0.5839999914169312 150.0
0.7599999904632568 -1.6770000457763672 0.5460000038146973 151.0
0.9070000052452087 -1.4819999933242798 0.5040000081062317 9.0
0.718999981880188 -1.2740000486373901 0.4269999861717224 63.0
0.9850000143051147 -1.8830000162124634 0.625 66.0
0.7329999804496765 -1.524999976158142 0.5009999871253967 24.0
1.2089999914169312 -1.8799999952316284 0.6520000100135803 97.0
0.7620000243186951 -1.281000018119812 0.43700000643730164 1.0
1.0390000343322754 -1.8819999694824219 0.6320000290870667 134.0
0.9580000042915344 -1.88100004196167 0.6240000128746033 74.0
1.2730000019073486 -1.8839999437332153 0.6669999957084656 14.0
0.953000009059906 -1.5230000019073486 0.527999997138977 8.0
0.734000027179718 -1.2599999904632568 0.42899999022483826 1.0
1.0230000019073486 -1.899999976158142 0.6359999775886536 54.0
1.3109999895095825 -1.8480000495910645 0.6679999828338623 2.0
1.253999948501587 -1.906000018119812 0.671999990940094 43.0
0.9279999732971191 -1.5140000581741333 0.5230000019073486 0.0
0.7210000157356262 -1.2680000066757202 0.42899999022483826 18.0
0.9570000171661377 -1.2860000133514404 0.4749999940395355 16.0
1.274999976158142 -1.8450000286102295 0.6620000004768372 4.0
1.1959999799728394 -1.8550000190734863 0.6499999761581421 145.0
0.7820000052452087 -1.305999994277954 0.44699999690055847 1.0
1.00600004196167 -1.2890000343322754 0.4869999885559082 0.0
0.9380000233650208 -1.2940000295639038 0.4729999899864197 7.0
1.2690000534057617 -1.8730000257492065 0.6669999957084656 14.0
0.9589999914169312 -1.5219999551773071 0.5270000100135803 8.0
1.371999979019165 -1.6799999475479126 0.6489999890327454 0.0
0.9739999771118164 -1.281000018119812 0.4779999852180481 12.0
1.3179999589920044 -1.8530000448226929 0.6710000038146973 2.0
1.2589999437332153 -1.899999976158142 0.6669999957084656 39.0
0.0 0.0 0.0 0.0
1.3480000495910645 -1.690999984741211 0.6439999938011169 1.0
0.9589999914169312 -1.2860000133514404 0.4729999899864197 16.0
1.305999994277954 -1.8760000467300415 0.6679999828338623 3.0
1.406000018119812 -1.5720000267028809 0.6370000243186951 0.0
1.3769999742507935 -1.649999976158142 0.640999972820282 0.0
1.0080000162124634 -1.2879999876022339 0.4819999933242798 0.0
0.953000009059906 -1.3040000200271606 0.47099998593330383 3.0
0.0 0.0 0.0 0.0
1.3860000371932983 -1.5870000123977661 0.6299999952316284 0.0
1.3849999904632568 -1.690000057220459 0.6449999809265137 0.0
0.9810000061988831 -1.2790000438690186 0.4690000116825104 10.0
1.3359999656677246 -1.3639999628067017 0.5820000171661377 44.0
1.430999994277954 -1.5640000104904175 0.6359999775886536 0.0
1.3949999809265137 -1.625 0.6320000290870667 0.0
1.402999997138977 -1.7450000047683716 0.6499999761581421 0.0
1.319000005722046 -1.2869999408721924 0.5640000104904175 63.0
1.3489999771118164 -1.409999966621399 0.5860000252723694 8.0
1.4299999475479126 -1.590000033378601 0.6320000290870667 0.0
1.406000018119812 -1.6690000295639038 0.6330000162124634 0.0
1.3380000591278076 -1.2489999532699585 0.5630000233650208 49.0
1.3250000476837158 -1.3229999542236328 0.5640000104904175 65.0
1.4620000123977661 -1.5529999732971191 0.6299999952316284 0.0
1.4359999895095825 -1.6269999742507935 0.628000020980835 3.0
1.3380000591278076 -1.194000005722046 0.5540000200271606 45.0
1.3279999494552612 -1.2669999599456787 0.5540000200271606 58.0
1.3209999799728394 -1.340999960899353 0.5569999814033508 23.0
1.4850000143051147 -1.6059999465942383 0.6320000290870667 0.0
1.3380000591278076 -1.1410000324249268 0.5460000038146973 48.0
1.3359999656677246 -1.218999981880188 0.546999990940094 46.0
1.3259999752044678 -1.284999966621399 0.5460000038146973 58.0
1.5049999952316284 -1.5540000200271606 0.6240000128746033 1.0
1.343999981880188 -1.0950000286102295 0.5400000214576721 55.0
1.3380000591278076 -1.1670000553131104 0.5389999747276306 44.0
1.340000033378601 -1.2410000562667847 0.5400000214576721 46.0
1.3220000267028809 -1.3029999732971191 0.5339999794960022 68.0
1.3839999437332153 -1.0779999494552612 0.5490000247955322 36.0
1.3420000076293945 -1.1169999837875366 0.531000018119812 51.0
1.3420000076293945 -1.187000036239624 0.5299999713897705 43.0
1.340000033378601 -1.2619999647140503 0.5289999842643738 57.0
1.4550000429153442 -1.0809999704360962 0.5699999928474426 35.0
1.3559999465942383 -1.0779999494552612 0.527999997138977 48.0
1.3480000495910645 -1.1380000114440918 0.5220000147819519 49.0
1.340000033378601 -1.2039999961853027 0.5170000195503235 44.0
1.531999945640564 -1.0859999656677246 0.5929999947547913 32.0
1.4270000457763672 -1.0829999446868896 0.5479999780654907 35.0
1.3509999513626099 -1.0880000591278076 0.5139999985694885 60.0
1.343000054359436 -1.1510000228881836 0.5059999823570251 46.0
1.6069999933242798 -1.0870000123977661 0.6150000095367432 48.0
1.496999979019165 -1.0829999446868896 0.5659999847412109 32.0
1.409000039100647 -1.0829999446868896 0.5270000100135803 38.0
1.347000002861023 -1.1009999513626099 0.4970000088214874 58.0
1.6679999828338623 -1.0759999752044678 0.6320000290870667 9.0
1.5679999589920044 -1.0820000171661377 0.5849999785423279 27.0
1.4789999723434448 -1.0839999914169312 0.5429999828338623 35.0
1.3869999647140503 -1.0820000171661377 0.5009999871253967 37.0
0.0 0.0 0.0 0.0
1.7309999465942383 -1.1380000114440918 0.6380000114440918 0.0
1.555999994277954 -1.0859999656677246 0.5630000233650208 34.0
1.4639999866485596 -1.0880000591278076 0.5189999938011169 38.0
0.0 0.0 0.0 0.0
0.0 0.0 0.0 0.0
1.8079999685287476 -1.2020000219345093 0.6439999938011169 0.0
1.5369999408721924 -1.0870000123977661 0.5350000262260437 34.0
1.6460000276565552 -0.9129999876022339 0.6069999933242798 30.0
0.0 0.0 0.0 0.0
1.819000005722046 -1.1490000486373901 0.6389999985694885 0.0
1.725000023841858 -1.159999966621399 0.5899999737739563 3.0
1.652999997138977 -0.8690000176429749 0.6050000190734863 48.0
1.7699999809265137 -0.9980000257492065 0.6299999952316284 2.0
1.8869999647140503 -1.1330000162124634 0.6539999842643738 2.0
1.9049999713897705 -1.218000054359436 0.6399999856948853 2.0
1.5049999952316284 -0.7490000128746033 0.546999990940094 44.0
1.7369999885559082 -0.9290000200271606 0.6119999885559082 3.0
1.909999966621399 -1.0880000591278076 0.652999997138977 0.0
1.940000057220459 -1.1770000457763672 0.6420000195503235 12.0
1.5169999599456787 -0.7139999866485596 0.546999990940094 54.0
1.5049999952316284 -0.7620000243186951 0.5249999761581421 31.0
1.9010000228881836 -1.024999976158142 0.6420000195503235 0.0
1.9459999799728394 -1.11899995803833 0.6330000162124634 35.0
1.5509999990463257 -0.6890000104904175 0.5559999942779541 9.0
1.5210000276565552 -0.7269999980926514 0.5260000228881836 57.0
1.5119999647140503 -0.7710000276565552 0.5040000081062317 36.0
1.9539999961853027 -1.0640000104904175 0.6269999742507935 59.0
1.628000020980835 -0.6800000071525574 0.5799999833106995 3.0
1.5729999542236328 -0.7089999914169312 0.5400000214576721 3.0
1.5110000371932983 -0.7269999980926514 0.49799999594688416 47.0
1.6330000162124634 -0.8399999737739563 0.515999972820282 154.0
1.8420000076293945 -0.7229999899864197 0.652999997138977 0.0
1.8509999513626099 -0.7850000262260437 0.6299999952316284 0.0
1.559999942779541 -0.7070000171661377 0.5099999904632568 4.0
1.5110000371932983 -0.7329999804496765 0.47200000286102295 51.0
1.9579999446868896 -0.718999981880188 0.6909999847412109 12.0
2.0369999408721924 -0.8100000023841858 0.6880000233650208 2.0
1.86899995803833 -0.7960000038146973 0.6050000190734863 2.0
1.5399999618530273 -0.7020000219345093 0.4749999940395355 20.0
2.122999906539917 -0.7279999852180481 0.7459999918937683 17.0
1.968000054359436 -0.7319999933242798 0.6610000133514404 2.0
1.965000033378601 -0.7839999794960022 0.6299999952316284 58.0
2.0160000324249268 -0.8629999756813049 0.6140000224113464 32.0
2.1670000553131104 -0.6899999976158142 0.7590000033378601 63.0
2.0920000076293945 -0.7250000238418579 0.6980000138282776 17.0
1.972000002861023 -0.734000027179718 0.6269999742507935 63.0
2.046999931335449 -0.8190000057220459 0.6169999837875366 17.0
2.309000015258789 -0.6800000071525574 0.8059999942779541 16.0
2.174999952316284 -0.6990000009536743 0.722000002861023 51.0
2.134000062942505 -0.7390000224113464 0.6729999780654907 5.0
2.066999912261963 -0.7710000276565552 0.6159999966621399 18.0
2.51200008392334 -0.6800000071525574 0.875 11.0
2.316999912261963 -0.6880000233650208 0.7649999856948853 16.0
2.2060000896453857 -0.7070000171661377 0.6909999847412109 49.0
2.1080000400543213 -0.7300000190734863 0.621999979019165 11.0
2.7300000190734863 -0.675000011920929 0.9490000009536743 10.0
2.5220000743865967 -0.6869999766349792 0.8289999961853027 13.0
2.3510000705718994 -0.6949999928474426 0.7319999933242798 15.0
2.2320001125335693 -0.7139999866485596 0.652999997138977 53.0
2.947000026702881 -0.6610000133514404 1.0219999551773071 4.0
2.757999897003174 -0.6850000023841858 0.902999997138977 9.0
2.572000026702881 -0.6959999799728394 0.7950000166893005 12.0
2.4170000553131104 -0.7110000252723694 0.7009999752044678 14.0
4.03000020980835 -0.8119999766349792 1.3960000276565552 17.0
4.242000102996826 -0.953000009059906 1.3849999904632568 10.0
2.8239998817443848 -0.6940000057220459 0.8690000176429749 8.0
2.6459999084472656 -0.7110000252723694 0.7609999775886536 12.0
4.025000095367432 -0.7200000286102295 1.3919999599456787 17.0
4.267000198364258 -0.859000027179718 1.3890000581741333 13.0
4.552999973297119 -1.0089999437332153 1.3940000534057617 14.0
2.927000045776367 -0.7120000123977661 0.8370000123977661 7.0
4.03000020980835 -0.6309999823570251 1.3940000534057617 16.0
4.2779998779296875 -0.7609999775886536 1.3899999856948853 13.0
4.560999870300293 -0.9010000228881836 1.3910000324249268 14.0
4.870999813079834 -1.0640000104904175 1.3839999437332153 15.0
4.025000095367432 -0.5410000085830688 1.3919999599456787 17.0
4.284999847412109 -0.6639999747276306 1.3890000581741333 13.0
4.584000110626221 -0.7960000038146973 1.3919999599456787 14.0
4.64300012588501 -0.8989999890327454 1.3109999895095825 1.0
4.033999919891357 -0.453000009059906 1.3960000276565552 13.0
4.293000221252441 -0.5669999718666077 1.3899999856948853 13.0
4.5920000076293945 -0.6880000233650208 1.3910000324249268 15.0
4.355999946594238 -0.7369999885559082 1.2239999771118164 77.0
4.019000053405762 -0.3630000054836273 1.3910000324249268 16.0
4.295000076293945 -0.46799999475479126 1.3890000581741333 13.0
4.609000205993652 -0.5820000171661377 1.3919999599456787 15.0
4.381999969482422 -0.6330000162124634 1.225000023841858 43.0
4.006999969482422 -0.2750000059604645 1.3890000581741333 15.0
4.295000076293945 -0.3709999918937683 1.3890000581741333 13.0
4.392000198364258 -0.45100000500679016 1.3240000009536743 2.0
4.4029998779296875 -0.5299999713897705 1.2259999513626099 1.0
4.00600004196167 -0.18700000643730164 1.3910000324249268 12.0
4.289000034332275 -0.27399998903274536 1.3869999647140503 13.0
4.410999774932861 -0.35100001096725464 1.3279999494552612 1.0
0.0 0.0 0.0 0.0
3.4240000247955322 -0.08500000089406967 1.190999984741211 75.0
4.281000137329102 -0.1770000010728836 1.3849999904632568 13.0
4.453000068664551 -0.25099998712539673 1.3389999866485596 1.0
0.0 0.0 0.0 0.0
3.3959999084472656 -0.010999999940395355 1.184000015258789 66.0
3.38100004196167 -0.06400000303983688 1.0950000286102295 78.0
3.4230000972747803 -0.11299999803304672 1.0290000438690186 25.0
4.4070000648498535 -0.21199999749660492 1.218000054359436 1.0
3.4030001163482666 0.06199999898672104 1.190000057220459 67.0
3.38100004196167 0.010999999940395355 1.097000002861023 65.0
3.319999933242798 -0.03200000151991844 0.9990000128746033 58.0
3.3010001182556152 -0.07900000363588333 0.9110000133514404 45.0
3.377000093460083 0.1340000033378601 1.184999942779541 67.0
4.26200008392334 0.10999999940395355 1.3860000371932983 14.0
3.421999931335449 0.04500000178813934 1.0299999713897705 46.0
3.3570001125335693 0.0 0.9259999990463257 39.0
3.3940000534057617 0.20900000631809235 1.1950000524520874 58.0
3.3310000896453857 0.16099999845027924 1.0859999656677246 39.0
3.382999897003174 0.12300000339746475 1.0190000534057617 10.0
4.4029998779296875 0.10400000214576721 1.2139999866485596 81.0
3.4059998989105225 0.2840000092983246 1.2039999961853027 63.0
3.3420000076293945 0.2370000034570694 1.093000054359436 50.0
3.2809998989105225 0.19599999487400055 0.9909999966621399 51.0
3.2950000762939453 0.15700000524520874 0.9089999794960022 44.0
3.9240000247955322 0.41200000047683716 1.3940000534057617 18.0
4.22599983215332 0.39500001072883606 1.3869999647140503 17.0
3.382999897003174 0.2800000011920929 1.0240000486373901 15.0
3.296999931335449 0.23600000143051147 0.9110000133514404 71.0
3.8989999294281006 0.4959999918937683 1.3919999599456787 17.0
4.203000068664551 0.4880000054836273 1.3849999904632568 16.0
4.578999996185303 0.4869999885559082 1.3910000324249268 13.0
4.421000003814697 0.42399999499320984 1.2230000495910645 76.0
3.880000114440918 0.578000009059906 1.3919999599456787 17.0
4.186999797821045 0.5820000171661377 1.3849999904632568 17.0
4.505000114440918 0.5849999785423279 1.3730000257492065 9.0
4.441999912261963 0.5339999794960022 1.2319999933242798 0.0
3.864000082015991 0.6610000133514404 1.3940000534057617 19.0
4.160999774932861 0.6740000247955322 1.3839999437332153 17.0
4.453000068664551 0.6850000023841858 1.3630000352859497 1.0
4.89900016784668 0.7089999914169312 1.3630000352859497 5.0
3.8399999141693115 0.7429999709129333 1.3940000534057617 17.0
4.138999938964844 0.765999972820282 1.3830000162124634 17.0
4.485000133514404 0.7960000038146973 1.378999948501587 10.0
4.921000003814697 0.8330000042915344 1.375 4.0
3.819000005722046 0.824999988079071 1.3949999809265137 19.0
4.111000061035156 0.8569999933242798 1.3830000162124634 17.0
4.489999771118164 0.9049999713897705 1.3880000114440918 14.0
4.545000076293945 0.8830000162124634 1.2760000228881836 1.0
3.796999931335449 0.906000018119812 1.3969999551773071 19.0
4.0920000076293945 0.9490000009536743 1.3849999904632568 17.0
4.465000152587891 1.0089999437332153 1.3890000581741333 14.0
4.86299991607666 1.0670000314712524 1.371999979019165 17.0
3.7660000324249268 0.9850000143051147 1.3960000276565552 17.0
4.058000087738037 1.0369999408721924 1.3830000162124634 17.0
4.434000015258789 1.1109999418258667 1.3880000114440918 14.0
4.88100004196167 1.1950000524520874 1.3849999904632568 12.0
3.7290000915527344 1.062000036239624 1.3930000066757202 18.0
4.035999774932861 1.128999948501587 1.3860000371932983 17.0
4.40500020980835 1.2130000591278076 1.3880000114440918 14.0
4.840000152587891 1.309999942779541 1.3830000162124634 12.0
3.697999954223633 1.1390000581741333 1.3919999599456787 17.0
4.004000186920166 1.2170000076293945 1.3860000371932983 18.0
4.366000175476074 1.312999963760376 1.3869999647140503 14.0
4.806000232696533 1.4259999990463257 1.3830000162124634 12.0
3.6760001182556152 1.2209999561309814 1.3960000276565552 18.0
3.9700000286102295 1.3049999475479126 1.3860000371932983 17.0
4.322000026702881 1.409999966621399 1.3839999437332153 13.0
4.760000228881836 1.5379999876022339 1.38100004196167 13.0
3.63100004196167 1.2929999828338623 1.3919999599456787 19.0
3.928999900817871 1.3910000324249268 1.3849999904632568 17.0
4.297999858856201 1.5130000114440918 1.3890000581741333 15.0
4.7230000495910645 1.6519999504089355 1.3819999694824219 12.0
3.6029999256134033 1.371000051498413 1.3940000534057617 20.0
3.884999990463257 1.4739999771118164 1.3819999694824219 17.0
4.244999885559082 1.6059999465942383 1.3849999904632568 14.0
4.6570000648498535 1.7569999694824219 1.3760000467300415 13.0
3.569999933242798 1.4470000267028809 1.3949999809265137 19.0
3.8570001125335693 1.562000036239624 1.3860000371932983 16.0
4.190000057220459 1.6990000009536743 1.3819999694824219 14.0
4.613999843597412 1.8700000047683716 1.378000020980835 14.0
3.5239999294281006 1.5180000066757202 1.3919999599456787 19.0
3.811000108718872 1.6440000534057617 1.3839999437332153 19.0
4.14300012588501 1.7929999828338623 1.38100004196167 19.0
0.0 0.0 0.0 0.0
3.484999895095825 1.5920000076293945 1.3919999599456787 18.0
3.765000104904175 1.7259999513626099 1.3830000162124634 18.0
4.090000152587891 1.8849999904632568 1.3799999952316284 14.0
0.0 0.0 0.0 0.0
3.433000087738037 1.6579999923706055 1.3880000114440918 15.0
3.7190001010894775 1.8070000410079956 1.3830000162124634 18.0
4.045000076293945 1.9789999723434448 1.38100004196167 14.0
4.4629998207092285 2.1989998817443848 1.38100004196167 11.0
3.4070000648498535 1.7369999885559082 1.3940000534057617 17.0
3.677000045776367 1.8899999856948853 1.3849999904632568 18.0
3.990999937057495 2.069999933242798 1.38100004196167 14.0
4.39900016784668 2.3010001182556152 1.3799999952316284 7.0
3.359999895095825 1.8049999475479126 1.3919999599456787 16.0
3.628000020980835 1.968999981880188 1.3839999437332153 18.0
3.934999942779541 2.1589999198913574 1.38100004196167 14.0
4.314000129699707 2.3910000324249268 1.3730000257492065 5.0
3.315000057220459 1.8739999532699585 1.3910000324249268 17.0
3.5799999237060547 2.0480000972747803 1.3849999904632568 18.0
3.888000011444092 2.252000093460083 1.3839999437332153 14.0
3.9049999713897705 2.2909998893737793 1.2619999647140503 14.0
3.2730000019073486 1.944000005722046 1.3919999599456787 22.0
3.5250000953674316 2.124000072479248 1.3839999437332153 17.0
3.819000005722046 2.3329999446868896 1.3799999952316284 9.0
3.74399995803833 2.319000005722046 1.2289999723434448 14.0
0.0 0.0 0.0 0.0
3.4779999256134033 2.203000068664551 1.3860000371932983 12.0
3.7679998874664307 2.424999952316284 1.3839999437332153 9.0
3.5420000553131104 2.315000057220459 1.1829999685287476 33.0
3.181999921798706 2.0820000171661377 1.3940000534057617 22.0
3.431999921798706 2.2829999923706055 1.3890000581741333 12.0
3.7039999961853027 2.506999969482422 1.3830000162124634 12.0
3.382999897003174 2.3310000896453857 1.1510000228881836 25.0
3.125 2.1419999599456787 1.3899999856948853 19.0
3.371000051498413 2.3540000915527344 1.3869999647140503 15.0
3.437999963760376 2.446000099182129 1.3070000410079956 17.0
3.255000114440918 2.3610000610351562 1.128000020980835 11.0
3.0739998817443848 2.2049999237060547 1.3890000581741333 17.0
3.246000051498413 2.377000093460083 1.3589999675750732 12.0
3.1559998989105225 2.3589999675750732 1.222000002861023 44.0
3.0910000801086426 2.3589999675750732 1.093000054359436 32.0
3.0260000228881836 2.2720000743865967 1.3910000324249268 19.0
3.249000072479248 2.49399995803833 1.3860000371932983 17.0
3.3359999656677246 2.617000102996826 1.3179999589920044 44.0
3.1070001125335693 2.492000102996826 1.121999979019165 52.0
2.9779999256134033 2.3389999866485596 1.3930000066757202 19.0
3.194000005722046 2.566999912261963 1.3880000114440918 19.0
3.2079999446868896 2.640000104904175 1.2929999828338623 2.0
3.119999885559082 2.628999948501587 1.1510000228881836 48.0
2.9240000247955322 2.4000000953674316 1.3930000066757202 20.0
3.135999917984009 2.6389999389648438 1.3899999856948853 18.0
3.3350000381469727 2.878000020980835 1.3730000257492065 20.0
3.125 2.7660000324249268 1.1799999475479126 55.0
2.874000072479248 2.4639999866485596 1.3940000534057617 19.0
3.072999954223633 2.7070000171661377 1.3899999856948853 19.0
3.2950000762939453 2.9790000915527344 1.3869999647140503 19.0
2.9700000286102295 2.759999990463257 1.1490000486373901 44.0
2.818000078201294 2.5250000953674316 1.3949999809265137 17.0
3.01200008392334 2.7760000228881836 1.3919999599456787 17.0
2.9140000343322754 2.76200008392334 1.25600004196167 38.0
2.8489999771118164 2.7790000438690186 1.13100004196167 59.0
2.759999990463257 2.5820000171661377 1.3940000534057617 19.0
2.888000011444092 2.7839999198913574 1.3650000095367432 39.0
2.8480000495910645 2.828000068664551 1.2569999694824219 55.0
2.8410000801086426 2.9100000858306885 1.1579999923706055 43.0
2.7049999237060547 2.6429998874664307 1.3949999809265137 19.0
2.875999927520752 2.9010000228881836 1.3910000324249268 17.0
3.0810000896453857 3.2060000896453857 1.3949999809265137 14.0
2.8399999141693115 3.052999973297119 1.190000057220459 41.0
2.6449999809265137 2.700000047683716 1.3949999809265137 19.0
2.809999942779541 2.9649999141693115 1.3930000066757202 18.0
3.006999969482422 3.2790000438690186 1.3990000486373901 14.0
2.8329999446868896 3.197000026702881 1.222000002861023 39.0
2.5840001106262207 2.753000020980835 1.3949999809265137 18.0
2.73799991607666 3.0220000743865967 1.3919999599456787 16.0
2.9210000038146973 3.3389999866485596 1.3969999551773071 14.0
2.9600000381469727 3.509999990463257 1.3170000314712524 18.0
2.5260000228881836 2.812000036239624 1.3969999551773071 19.0
2.6700000762939453 3.0840001106262207 1.3940000534057617 16.0
2.8469998836517334 3.4119999408721924 1.4019999504089355 14.0
3.0360000133514404 3.7820000648498535 1.3949999809265137 13.0
2.4679999351501465 2.869999885559082 1.3990000486373901 19.0
2.5980000495910645 3.1419999599456787 1.3949999809265137 17.0
2.756999969482422 3.4660000801086426 1.399999976158142 14.0
2.930999994277954 3.8399999141693115 1.3940000534057617 14.0
2.4059998989105225 2.9230000972747803 1.3990000486373901 16.0
2.5269999504089355 3.200000047683716 1.3960000276565552 17.0
2.6700000762939453 3.5220000743865967 1.399999976158142 14.0
2.828000068664551 3.8970000743865967 1.3930000066757202 14.0
2.3369998931884766 2.9700000286102295 1.3969999551773071 17.0
2.4519999027252197 3.253000020980835 1.3960000276565552 16.0
2.5859999656677246 3.5829999446868896 1.4019999504089355 14.0
2.7320001125335693 3.9630000591278076 1.3969999551773071 14.0
2.2780001163482666 3.0280001163482666 1.4010000228881836 16.0
2.38100004196167 3.312000036239624 1.399999976158142 16.0
2.49399995803833 3.630000114440918 1.399999976158142 13.0
2.625999927520752 4.013000011444092 1.3960000276565552 11.0
2.2149999141693115 3.0810000896453857 1.402999997138977 16.0
2.303999900817871 3.36299991607666 1.399999976158142 17.0
2.4030001163482666 3.677999973297119 1.3990000486373901 13.0
2.5230000019073486 4.067999839782715 1.3980000019073486 11.0
2.1589999198913574 3.1449999809265137 1.4110000133514404 19.0
2.2279999256134033 3.4149999618530273 1.4019999504089355 17.0
2.315000057220459 3.7330000400543213 1.4019999504089355 13.0
2.4230000972747803 4.127999782562256 1.4019999504089355 13.0
2.0840001106262207 3.183000087738037 1.406999945640564 17.0
2.1500000953674316 3.4639999866485596 1.402999997138977 16.0
2.2300000190734863 3.7909998893737793 1.406999945640564 13.0
2.312000036239624 4.166999816894531 1.399999976158142 11.0
2.0179998874664307 3.2339999675750732 1.409999966621399 17.0
2.0739998817443848 3.5160000324249268 1.406000018119812 17.0
2.13700008392334 3.8359999656677246 1.406999945640564 13.0
2.2070000171661377 4.214000225067139 1.4019999504089355 11.0
1.9470000267028809 3.2769999504089355 1.409999966621399 17.0
1.996000051498413 3.565999984741211 1.409000039100647 17.0
2.0480000972747803 3.885999917984009 1.409999966621399 13.0
2.0899999141693115 4.238999843597412 1.3990000486373901 9.0
1.878000020980835 3.3239998817443848 1.4119999408721924 17.0
1.9119999408721924 3.6050000190734863 1.409000039100647 16.0
1.9490000009536743 3.9170000553131104 1.4079999923706055 12.0
1.9889999628067017 4.291999816894531 1.4040000438690186 11.0
1.8079999685287476 3.371000051498413 1.4140000343322754 16.0
1.8229999542236328 3.632999897003174 1.4049999713897705 8.0
1.8589999675750732 3.9670000076293945 1.4129999876022339 13.0
1.8760000467300415 4.318999767303467 1.402999997138977 11.0
0.0 0.0 0.0 0.0
1.7480000257492065 3.690000057220459 1.4119999408721924 12.0
1.7580000162124634 3.990000009536743 1.409000039100647 13.0
1.7690000534057617 4.357999801635742 1.406999945640564 10.0
1.6549999713897705 3.437000036239624 1.409000039100647 1.0
1.6670000553131104 3.7339999675750732 1.4160000085830688 12.0
1.6629999876022339 4.026000022888184 1.4110000133514404 13.0
1.659000039100647 4.388000011444092 1.4079999923706055 10.0
1.5820000171661377 3.4790000915527344 1.4119999408721924 16.0
1.5820000171661377 3.7690000534057617 1.4170000553131104 12.0
1.5700000524520874 4.068999767303467 1.4160000085830688 11.0
1.5470000505447388 4.408999919891357 1.406999945640564 10.0
1.5119999647140503 3.5290000438690186 1.4179999828338623 11.0
1.4919999837875366 3.7960000038146973 1.4149999618530273 12.0
1.472000002861023 4.09499979019165 1.4160000085830688 10.0
1.437999963760376 4.440999984741211 1.4119999408721924 7.0
1.4329999685287476 3.556999921798706 1.4149999618530273 11.0
1.406999945640564 3.8320000171661377 1.4170000553131104 12.0
1.371999979019165 4.118000030517578 1.4149999618530273 12.0
0.0 0.0 0.0 0.0
1.3619999885559082 3.6070001125335693 1.4229999780654907 11.0
1.315999984741211 3.8510000705718994 1.4140000343322754 12.0
0.0 0.0 0.0 0.0
0.0 0.0 0.0 0.0
1.2769999504089355 3.621999979019165 1.4160000085830688 11.0
1.0140000581741333 3.200000047683716 1.1679999828338623 9.0
0.0 0.0 0.0 0.0
0.38999998569488525 1.5880000591278076 0.5 2.0
1.0440000295639038 3.184000015258789 1.2350000143051147 33.0
0.0 0.0 0.0 0.0
0.40400001406669617 1.5750000476837158 0.5339999794960022 2.0
0.6679999828338623 3.0369999408721924 0.9549999833106995 10.0
0.9169999957084656 3.0209999084472656 1.1640000343322754 0.0
0.0 0.0 0.0 0.0
0.7059999704360962 3.0380001068115234 1.0269999504089355 10.0
0.5920000076293945 3.0360000133514404 0.9539999961853027 10.0
0.0 0.0 0.0 0.0
0.38100001215934753 1.569000005722046 0.5630000233650208 3.0
0.6290000081062317 3.0290000438690186 1.0210000276565552 24.0
0.515999972820282 3.0329999923706055 0.953000009059906 20.0
0.0 0.0 0.0 0.0
0.6639999747276306 3.0299999713897705 1.0829999446868896 4.0
0.5569999814033508 3.0329999923706055 1.0199999809265137 9.0
0.4410000145435333 3.0329999923706055 0.9539999961853027 24.0
0.7049999833106995 3.0309998989105225 1.1449999809265137 11.0
0.593999981880188 3.0380001068115234 1.0820000171661377 14.0
0.4830000102519989 3.0239999294281006 1.0149999856948853 24.0
0.367000013589859 3.0339999198913574 0.9549999833106995 26.0
0.6359999775886536 3.0390000343322754 1.1419999599456787 13.0
0.5220000147819519 3.0369999408721924 1.0779999494552612 14.0
0.41100001335144043 3.0309998989105225 1.0169999599456787 24.0
0.29499998688697815 3.0439999103546143 0.9589999914169312 14.0
0.5649999976158142 3.0320000648498535 1.1330000162124634 5.0
0.4519999921321869 3.0380001068115234 1.0750000476837158 24.0
0.3400000035762787 3.0350000858306885 1.0180000066757202 24.0
0.16699999570846558 2.2980000972747803 0.7260000109672546 4.0
0.4959999918937683 3.0360000133514404 1.1299999952316284 23.0
0.38199999928474426 3.0399999618530273 1.0729999542236328 24.0
0.19499999284744263 2.2100000381469727 0.7409999966621399 93.0
0.10999999940395355 2.2679998874664307 0.7179999947547913 9.0
0.4259999990463257 3.0290000438690186 1.121999979019165 24.0
0.3109999895095825 3.0369999408721924 1.0709999799728394 30.0
0.14399999380111694 2.2139999866485596 0.7429999709129333 74.0
0.054999999701976776 2.250999927520752 0.7149999737739563 13.0
0.3580000102519989 3.0320000648498535 1.1200000047683716 24.0
0.17499999701976776 2.2090001106262207 0.777999997138977 91.0
0.09300000220537186 2.2219998836517334 0.746999979019165 71.0
0.0010000000474974513 2.2320001125335693 0.7129999995231628 32.0
0.28999999165534973 3.0339999198913574 1.1169999837875366 27.0
0.125 2.2160000801086426 0.7799999713897705 75.0
0.04100000113248825 2.2269999980926514 0.75 58.0
-0.050999999046325684 2.2339999675750732 0.7160000205039978 30.0
0.22200000286102295 3.0409998893737793 1.1160000562667847 31.0
0.07500000298023224 2.2239999771118164 0.7820000052452087 68.0
-0.009999999776482582 2.2339999675750732 0.7540000081062317 45.0
-0.10400000214576721 2.239000082015991 0.722000002861023 31.0
0.15399999916553497 3.0420000553131104 1.1139999628067017 26.0
0.024000000208616257 2.2290000915527344 0.7850000262260437 62.0
-0.06199999898672104 2.23799991607666 0.7580000162124634 35.0
-0.1589999943971634 2.25 0.7300000190734863 28.0
0.08699999749660492 3.0429999828338623 1.1130000352859497 26.0
-0.02500000037252903 2.2300000190734863 0.7860000133514404 52.0
-0.11400000005960464 2.240000009536743 0.7609999775886536 34.0
-0.21299999952316284 2.256999969482422 0.7369999885559082 30.0
0.01600000075995922 2.7790000438690186 1.0149999856948853 14.0
-0.07599999755620956 2.2290000915527344 0.7860000133514404 41.0
-0.16699999570846558 2.246000051498413 0.765999972820282 28.0
-0.27000001072883606 2.2709999084472656 0.746999979019165 28.0
-0.035999998450279236 2.2330000400543213 0.8149999976158142 20.0
-0.12800000607967377 2.236999988555908 0.7910000085830688 50.0
-0.22100000083446503 2.259999990463257 0.7749999761581421 29.0
-0.3240000009536743 2.2660000324249268 0.7509999871253967 19.0
-0.08900000154972076 2.3010001182556152 0.8399999737739563 68.0
-0.18000000715255737 2.252000093460083 0.7979999780654907 31.0
-0.2759999930858612 2.2750000953674316 0.7839999794960022 33.0
-0.3050000071525574 1.8250000476837158 0.6100000143051147 2.0
-0.1509999930858612 2.4820001125335693 0.906000018119812 20.0
-0.24400000274181366 2.371999979019165 0.8429999947547913 12.0
-0.33000001311302185 2.2760000228881836 0.7889999747276306 25.0
-0.32600000500679016 1.7000000476837158 0.5730000138282776 11.0
-0.20800000429153442 2.493000030517578 0.9100000262260437 19.0
-0.31700000166893005 2.515000104904175 0.8970000147819519 11.0
-0.3070000112056732 1.8229999542236328 0.6359999775886536 8.0
-0.3790000081062317 1.7519999742507935 0.597000002861023 4.0
-0.26600000262260437 2.5 0.9139999747276306 21.0
-0.37599998712539673 2.5199999809265137 0.902999997138977 7.0
-0.32899999618530273 1.7050000429153442 0.5989999771118164 11.0
-0.42800000309944153 1.7769999504089355 0.6110000014305115 4.0
-0.32499998807907104 2.51200008392334 0.9200000166893005 20.0
-0.3179999887943268 1.8380000591278076 0.6620000004768372 10.0
-0.37400001287460327 1.7239999771118164 0.6100000143051147 7.0
-0.4699999988079071 1.7649999856948853 0.6140000224113464 9.0
-0.38199999928474426 2.509000062942505 0.9210000038146973 31.0
-0.33500000834465027 1.7029999494552612 0.6159999966621399 14.0
-0.4230000078678131 1.753999948501587 0.6259999871253967 8.0
-0.5070000290870667 1.7369999885559082 0.6110000014305115 12.0
-0.3190000057220459 1.8209999799728394 0.6700000166893005 14.0
-0.37700000405311584 1.7120000123977661 0.6230000257492065 11.0
-0.46700000762939453 1.7569999694824219 0.6320000290870667 11.0
-0.5509999990463257 1.7359999418258667 0.6179999709129333 6.0
-0.33799999952316284 1.6990000009536743 0.628000020980835 19.0
-0.42500001192092896 1.7369999885559082 0.6359999775886536 13.0
-0.5040000081062317 1.7319999933242798 0.6290000081062317 21.0
-0.8880000114440918 2.5829999446868896 0.9309999942779541 6.0
-0.3779999911785126 1.7020000219345093 0.6309999823570251 20.0
-0.4699999988079071 1.746999979019165 0.6439999938011169 23.0
-0.5490000247955322 1.7359999418258667 0.6370000243186951 7.0
-1.434999942779541 3.875999927520752 1.4160000085830688 1.0
-0.4259999990463257 1.7289999723434448 0.6439999938011169 21.0
-0.5040000081062317 1.718999981880188 0.6380000114440918 64.0
-1.184000015258789 3.4600000381469727 1.2829999923706055 13.0
-1.5199999809265137 3.825000047683716 1.4179999828338623 7.0
-0.4740000069141388 1.7519999742507935 0.656000018119812 129.0
-0.5540000200271606 1.7389999628067017 0.6510000228881836 5.0
-1.3949999809265137 3.7890000343322754 1.4199999570846558 11.0
-1.5980000495910645 3.763000011444092 1.4149999618530273 0.0
-0.5059999823570251 1.715000033378601 0.6449999809265137 57.0
-0.527999997138977 1.534999966621399 0.5789999961853027 0.0
-1.4769999980926514 3.743000030517578 1.4199999570846558 8.0
0.0 0.0 0.0 0.0
-0.5600000023841858 1.7489999532699585 0.6620000004768372 4.0
-1.3489999771118164 3.6480000019073486 1.3899999856948853 11.0
-1.3969999551773071 3.313999891281128 1.2730000019073486 6.0
0.0 0.0 0.0 0.0
-0.5329999923706055 1.5449999570846558 0.5889999866485596 0.0
-1.3140000104904175 3.315000057220459 1.2760000228881836 9.0
0.0 0.0 0.0 0.0
0.0 0.0 0.0 0.0
-1.2359999418258667 3.3299999237060547 1.2790000438690186 10.0
-1.3839999437332153 3.2720000743865967 1.2719999551773071 8.0
0.0 0.0 0.0 0.0
0.0 0.0 0.0 0.0
-1.309000015258789 3.2950000762939453 1.274999976158142 9.0
-1.4609999656677246 3.24399995803833 1.274999976158142 6.0
0.0 0.0 0.0 0.0
0.0 0.0 0.0 0.0
-1.3799999952316284 3.253999948501587 1.2699999809265137 14.0
0.0 0.0 0.0 0.0
0.0 0.0 0.0 0.0
0.0 0.0 0.0 1.0
-1.468999981880188 3.253999948501587 1.281999945640564 4.0
0.0 0.0 0.0 0.0
0.0 0.0 0.0 0.0
0.0 0.0 0.0 0.0
0.0 0.0 0.0 0.0
0.0 0.0 0.0 0.0
0.0 0.0 0.0 0.0
0.0 0.0 0.0 1.0
0.0 0.0 0.0 0.0
0.0 0.0 0.0 0.0
0.0 0.0 0.0 0.0
0.0 0.0 0.0 0.0
0.0 0.0 0.0 0.0
0.0 0.0 0.0 0.0
0.0 0.0 0.0 0.0
0.0 0.0 0.0 1.0
0.0 0.0 0.0 0.0
0.0 0.0 0.0 0.0
0.0 0.0 0.0 0.0
0.0 0.0 0.0 0.0
0.0 0.0 0.0 0.0
0.0 0.0 0.0 0.0
0.0 0.0 0.0 0.0
0.0 0.0 0.0 1.0
0.0 0.0 0.0 0.0
0.0 0.0 0.0 0.0
0.0 0.0 0.0 0.0
0.0 0.0 0.0 0.0
0.0 0.0 0.0 0.0
0.0 0.0 0.0 0.0
0.0 0.0 0.0 0.0
0.0 0.0 0.0 1.0
0.0 0.0 0.0 0.0
0.0 0.0 0.0 0.0
0.0 0.0 0.0 0.0
0.0 0.0 0.0 0.0
0.0 0.0 0.0 0.0
0.0 0.0 0.0 0.0
0.0 0.0 0.0 0.0
0.0 0.0 0.0 0.0
0.0 0.0 0.0 0.0
0.0 0.0 0.0 0.0
0.0 0.0 0.0 0.0
0.0 0.0 0.0 0.0
0.0 0.0 0.0 0.0
0.0 0.0 0.0 0.0
0.0 0.0 0.0 0.0
0.0 0.0 0.0 0.0
0.0 0.0 0.0 1.0
0.0 0.0 0.0 0.0
0.0 0.0 0.0 0.0
-1.9329999685287476 1.7280000448226929 0.984000027179718 0.0
0.0 0.0 0.0 0.0
0.0 0.0 0.0 0.0
-1.902999997138977 1.7979999780654907 0.9760000109672546 0.0
-1.9539999961853027 1.6690000295639038 0.9800000190734863 3.0
0.0 0.0 0.0 1.0
0.0 0.0 0.0 0.0
-1.9190000295639038 1.7319999933242798 0.9660000205039978 0.0
-1.9859999418258667 1.61899995803833 0.9819999933242798 3.0
0.0 0.0 0.0 0.0
-1.9040000438690186 1.7949999570846558 0.9559999704360962 0.0
-1.9450000524520874 1.6759999990463257 0.9629999995231628 3.0
-1.9919999837875366 1.5499999523162842 0.9710000157356262 4.0
0.0 0.0 0.0 0.0
-1.9160000085830688 1.725000023841858 0.9430000185966492 2.0
-2.0 1.6449999809265137 0.9739999771118164 3.0
-2.127000093460083 1.5789999961853027 1.0240000486373901 7.0
-1.8969999551773071 1.7790000438690186 0.921999990940094 0.0
-1.940000057220459 1.6660000085830688 0.9359999895095825 3.0
-1.9889999628067017 1.5609999895095825 0.953000009059906 4.0
-2.187999963760376 1.5479999780654907 1.0410000085830688 26.0
-1.9129999876022339 1.7120000123977661 0.9100000262260437 2.0
-1.99399995803833 1.6339999437332153 0.9449999928474426 5.0
-2.1080000400543213 1.5779999494552612 0.9959999918937683 4.0
-2.8959999084472656 1.9529999494552612 1.3630000352859497 44.0
-1.944000005722046 1.659000039100647 0.9049999713897705 3.0
-1.9930000305175781 1.5579999685287476 0.9279999732971191 4.0
-2.2049999237060547 1.5729999542236328 1.0269999504089355 32.0
-2.9059998989105225 1.8650000095367432 1.3539999723434448 51.0
-1.9880000352859497 1.6180000305175781 0.9070000052452087 5.0
-2.117000102996826 1.5770000219345093 0.9710000157356262 5.0
-2.8889999389648438 1.9630000591278076 1.3289999961853027 40.0
-2.882999897003174 1.7599999904632568 1.3300000429153442 115.0
-1.9880000352859497 1.5410000085830688 0.8899999856948853 3.0
-2.243000030517578 1.590999960899353 1.0119999647140503 39.0
-2.8989999294281006 1.875 1.3170000314712524 50.0
-2.7039999961853027 1.569000005722046 1.2369999885559082 150.0
-2.1549999713897705 1.5920000076293945 0.9480000138282776 6.0
-2.313999891281128 1.562000036239624 1.0290000438690186 1.0
-2.874000072479248 1.7669999599456787 1.2910000085830688 136.0
-2.9200000762939453 1.6059999465942383 1.3240000009536743 45.0
-2.252000093460083 1.5829999446868896 0.9739999771118164 24.0
-2.88700008392334 1.8539999723434448 1.2660000324249268 150.0
-2.678999900817871 1.562999963760376 1.190000057220459 150.0
-2.928999900817871 1.5269999504089355 1.3179999589920044 53.0
-2.3459999561309814 1.5670000314712524 0.996999979019165 35.0
-2.7880001068115234 1.7000000476837158 1.2059999704360962 255.0
-2.9100000858306885 1.6100000143051147 1.2790000438690186 62.0
-2.934000015258789 1.4470000267028809 1.3109999895095825 53.0
-2.865999937057495 1.8200000524520874 1.2000000476837158 168.0
-2.6670000553131104 1.5429999828338623 1.1399999856948853 150.0
-2.924999952316284 1.5329999923706055 1.2740000486373901 57.0
-2.941999912261963 1.3700000047683716 1.305999994277954 53.0
-2.7219998836517334 1.6390000581741333 1.1230000257492065 150.0
-2.9130001068115234 1.5959999561309814 1.2309999465942383 71.0
-2.934999942779541 1.4539999961853027 1.2669999599456787 55.0
-2.5390000343322754 1.1139999628067017 1.121000051498413 160.0
-2.7339999675750732 1.559000015258789 1.1119999885559082 150.0
-2.933000087738037 1.5199999809265137 1.2259999513626099 54.0
-2.937999963760376 1.3730000257492065 1.2580000162124634 60.0
-2.2109999656677246 0.9110000133514404 0.9710000157356262 13.0
-2.9159998893737793 1.5729999542236328 1.1710000038146973 63.0
-2.928999900817871 1.4329999685287476 1.2109999656677246 62.0
-2.4149999618530273 1.062000036239624 1.0269999504089355 150.0
-2.2300000190734863 0.8610000014305115 0.9750000238418579 4.0
-2.937000036239624 1.496000051498413 1.1640000343322754 58.0
-2.938999891281128 1.3539999723434448 1.2039999961853027 78.0
-2.197000026702881 0.9070000052452087 0.9269999861717224 16.0
-2.2249999046325684 0.8029999732971191 0.9679999947547913 4.0
-2.937999963760376 1.409999966621399 1.1510000228881836 55.0
-2.3510000705718994 1.0180000066757202 0.9549999833106995 90.0
-2.2239999771118164 0.8600000143051147 0.9330000281333923 4.0
-2.2049999237060547 0.7409999966621399 0.9559999704360962 15.0
-2.3410000801086426 1.055999994277954 0.9070000052452087 150.0
-2.2119998931884766 0.8970000147819519 0.8899999856948853 11.0
-2.2219998836517334 0.8019999861717224 0.9259999990463257 6.0
-2.2300000190734863 0.6949999928474426 0.9639999866485596 3.0
-2.2039999961853027 0.9319999814033508 0.8460000157356262 12.0
-2.2230000495910645 0.8420000076293945 0.8880000114440918 4.0
-2.2079999446868896 0.7400000095367432 0.9160000085830688 15.0
-2.2309999465942383 0.640999972820282 0.9620000123977661 3.0
-2.2279999256134033 0.8799999952316284 0.8460000157356262 4.0
-2.2079999446868896 0.777999997138977 0.8759999871253967 14.0
-2.2330000400543213 0.6930000185966492 0.921999990940094 3.0
-2.2130000591278076 0.5830000042915344 0.9520000219345093 15.0
-2.234999895095825 0.8220000267028809 0.8410000205039978 4.0
-2.2109999656677246 0.722000002861023 0.871999979019165 13.0
-2.2279999256134033 0.6359999775886536 0.9160000085830688 3.0
0.0 0.0 0.0 0.0
-2.2039999961853027 0.7519999742507935 0.8230000138282776 19.0
-2.234999895095825 0.6729999780654907 0.8759999871253967 3.0
-2.2160000801086426 0.5789999961853027 0.9079999923706055 16.0
-2.9830000400543213 0.6470000147819519 1.2799999713897705 2.0
-2.2339999675750732 0.703000009059906 0.828000009059906 4.0
-2.2219998836517334 0.6129999756813049 0.8659999966621399 9.0
0.0 0.0 0.0 0.0
-2.5280001163482666 0.49000000953674316 1.0839999914169312 157.0
-2.2279999256134033 0.6430000066757202 0.8199999928474426 7.0
-2.2339999675750732 0.5609999895095825 0.8669999837875366 9.0
-3.002000093460083 0.6399999856948853 1.2239999771118164 255.0
-2.9260001182556152 0.5009999871253967 1.253999948501587 114.0
-2.2200000286102295 0.5839999914169312 0.8119999766349792 22.0
-2.996000051498413 0.6779999732971191 1.159000039100647 160.0
-2.5160000324249268 0.47699999809265137 1.0240000486373901 168.0
-3.005000114440918 0.44600000977516174 1.2890000343322754 71.0
-2.940000057220459 0.6990000009536743 1.069000005722046 7.0
-2.88100004196167 0.5830000042915344 1.1100000143051147 152.0
-2.934000015258789 0.4880000054836273 1.1920000314712524 94.0
-3.003000020980835 0.3790000081062317 1.2890000343322754 63.0
-2.9670000076293945 0.6309999823570251 1.0740000009536743 63.0
-2.5759999752044678 0.45899999141693115 0.9900000095367432 162.0
-3.002000093460083 0.4300000071525574 1.218000054359436 69.0
-3.010999917984009 0.31299999356269836 1.2940000295639038 73.0
-2.4509999752044678 0.46000000834465027 0.8830000162124634 74.0
-2.999000072479248 0.4620000123977661 1.149999976158142 80.0
-3.013000011444092 0.3619999885559082 1.222000002861023 76.0
-3.01200008392334 0.2460000067949295 1.2960000038146973 64.0
-2.933000087738037 0.4779999852180481 1.0540000200271606 92.0
-3.009000062942505 0.3930000066757202 1.1519999504089355 79.0
-3.0139999389648438 0.2930000126361847 1.2230000495910645 76.0
-3.015000104904175 0.18000000715255737 1.2999999523162842 66.0
-2.9719998836517334 0.41200000047683716 1.0640000104904175 83.0
-3.0139999389648438 0.32199999690055847 1.1519999504089355 74.0
-3.0190000534057617 0.22499999403953552 1.2259999513626099 77.0
-3.0320000648498535 0.11500000208616257 1.3109999895095825 10.0
-2.9779999256134033 0.3409999907016754 1.0640000104904175 82.0
-3.0190000534057617 0.25200000405311584 1.152999997138977 76.0
-3.0199999809265137 0.15700000524520874 1.2269999980926514 46.0
0.0 0.0 0.0 0.0
-2.9779999256134033 0.2680000066757202 1.062999963760376 84.0
-3.0250000953674316 0.18199999630451202 1.156000018119812 73.0
0.0 0.0 0.0 0.0
-0.10999999940395355 0.0 0.04699999839067459 1.0
-2.9839999675750732 0.19699999690055847 1.062999963760376 87.0
-3.0390000343322754 0.1120000034570694 1.1619999408721924 7.0
-0.1120000034570694 0.0 0.04500000178813934 1.0
-1.9500000476837158 -0.05299999937415123 0.8510000109672546 11.0
-2.98799991607666 0.125 1.0640000104904175 28.0
0.0 0.0 0.0 0.0
0.0 0.0 0.0 0.0
-1.9559999704360962 -0.0949999988079071 0.8569999933242798 80.0
0.0 0.0 0.0 0.0
-0.09799999743700027 0.0 0.03700000047683716 0.0
-1.9730000495910645 -0.07500000298023224 0.8090000152587891 12.0
-1.9529999494552612 -0.1379999965429306 0.859000027179718 83.0
-0.10199999809265137 0.0 0.035999998450279236 0.0
-1.9579999446868896 -0.06400000303983688 0.7519999742507935 35.0
-1.9359999895095825 -0.11699999868869781 0.796999990940094 73.0
-1.968999981880188 -0.18199999630451202 0.8709999918937683 84.0
-1.9839999675750732 -0.05900000035762787 0.7080000042915344 13.0
-1.9570000171661377 -0.10899999737739563 0.7540000081062317 67.0
-1.9730000495910645 -0.164000004529953 0.8159999847412109 81.0
-1.9700000286102295 -0.22499999403953552 0.8759999871253967 82.0
-1.9700000286102295 -0.10599999874830246 0.7049999833106995 81.0
-1.9900000095367432 -0.15800000727176666 0.7689999938011169 87.0
-1.968000054359436 -0.20800000429153442 0.8169999718666077 79.0
-1.9509999752044678 -0.26600000262260437 0.871999979019165 65.0
-1.9910000562667847 -0.1550000011920929 0.7139999866485596 72.0
-1.9700000286102295 -0.20200000703334808 0.7639999985694885 86.0
-1.968999981880188 -0.2540000081062317 0.8209999799728394 82.0
-1.9110000133514404 -0.30300000309944153 0.8600000143051147 78.0
-1.975000023841858 -0.20200000703334808 0.7110000252723694 81.0
-1.9700000286102295 -0.24899999797344208 0.7680000066757202 90.0
-1.9240000247955322 -0.2919999957084656 0.8069999814033508 73.0
-1.9789999723434448 -0.3580000102519989 0.8960000276565552 73.0
-1.9709999561309814 -0.24899999797344208 0.7120000123977661 74.0
-1.9459999799728394 -0.2919999957084656 0.7620000243186951 80.0
-1.968000054359436 -0.3440000116825104 0.8299999833106995 48.0
-1.7669999599456787 -0.35899999737739563 0.8059999942779541 1.0
-1.9550000429153442 -0.29499998688697815 0.7099999785423279 72.0
-1.7350000143051147 -0.3019999861717224 0.6830000281333923 2.0
-1.7359999418258667 -0.3440000116825104 0.7369999885559082 1.0
-1.656000018119812 -0.37400001287460327 0.7609999775886536 1.0
-1.722000002861023 -0.30300000309944153 0.6290000081062317 2.0
-1.7050000429153442 -0.33799999952316284 0.6759999990463257 1.0
-1.6820000410079956 -0.3720000088214874 0.718999981880188 1.0
-1.6230000257492065 -0.40299999713897705 0.7509999871253967 1.0
-1.5570000410079956 -0.31200000643730164 0.5720000267028809 1.0
-1.656000018119812 -0.36800000071525574 0.6610000133514404 2.0
-1.6239999532699585 -0.39800000190734863 0.699999988079071 1.0
-1.5570000410079956 -0.4230000078678131 0.7269999980926514 1.0
-1.7669999599456787 -0.39899998903274536 0.652999997138977 4.0
-1.5230000019073486 -0.37599998712539673 0.6119999885559082 2.0
-1.5149999856948853 -0.40799999237060547 0.6579999923706055 1.0
-1.4789999723434448 -0.4359999895095825 0.6970000267028809 1.0
-3.0799999237060547 -0.7749999761581421 1.1469999551773071 49.0
-1.4320000410079956 -0.3889999985694885 0.5799999833106995 1.0
-1.468999981880188 -0.4309999942779541 0.6430000066757202 1.0
-1.4459999799728394 -0.46000000834465027 0.6869999766349792 1.0
-3.0810000896453857 -0.8550000190734863 1.156999945640564 41.0
-1.3799999952316284 -0.4099999964237213 0.5640000104904175 2.0
-1.3869999647140503 -0.4410000145435333 0.6129999756813049 1.0
-1.3660000562667847 -0.46700000762939453 0.6549999713897705 1.0
-3.0880000591278076 -0.9369999766349792 1.1690000295639038 54.0
-1.3569999933242798 -0.43700000643730164 0.5590000152587891 1.0
-1.3519999980926514 -0.46299999952316284 0.6029999852180481 0.0
-2.940999984741211 -1.0770000219345093 1.4249999523162842 16.0
-3.0929999351501465 -1.0210000276565552 1.1820000410079956 53.0
-2.5369999408721924 -0.8840000033378601 1.055999994277954 63.0
-2.8559999465942383 -1.0509999990463257 1.2879999876022339 1.0
-2.742000102996826 -1.0720000267028809 1.343000054359436 0.0
-2.5309998989105225 -0.9039999842643738 0.9779999852180481 59.0
-2.8469998836517334 -1.065999984741211 1.1970000267028809 7.0
-2.7119998931884766 -1.0679999589920044 1.2359999418258667 6.0
-2.634999990463257 -1.0959999561309814 1.3040000200271606 3.0
-2.7669999599456787 -1.0640000104904175 1.0800000429153442 7.0
-2.680999994277954 -1.0759999752044678 1.1410000324249268 6.0
-2.5989999771118164 -1.090999960899353 1.1970000267028809 6.0
0.0 0.0 0.0 0.0
-2.8970000743865967 -1.1950000524520874 1.1440000534057617 11.0
-2.5369999408721924 -1.0870000123977661 1.0920000076293945 4.0
-2.440999984741211 -1.090000033378601 1.1380000114440918 3.0
0.0 0.0 0.0 0.0
-2.4700000286102295 -1.0889999866485596 0.9869999885559082 3.0
-2.4140000343322754 -1.1019999980926514 1.0509999990463257 7.0
-2.427999973297119 -1.1490000486373901 1.1460000276565552 5.0
-2.4189999103546143 -1.1929999589920044 1.2410000562667847 4.0
-2.430999994277954 -1.1430000066757202 0.984000027179718 5.0
-2.4240000247955322 -1.1749999523162842 1.0700000524520874 8.0
-2.430999994277954 -1.218000054359436 1.1619999408721924 10.0
-2.434999942779541 -1.2660000324249268 1.2649999856948853 4.0
-2.431999921798706 -1.215999960899353 0.9990000128746033 11.0
-2.446000099182129 -1.2569999694824219 1.093999981880188 14.0
-2.444000005722046 -1.2940000295639038 1.184000015258789 12.0
-2.0320000648498535 -1.1130000352859497 1.0700000524520874 21.0
-2.438999891281128 -1.2940000295639038 1.0160000324249268 13.0
-2.059999942779541 -1.1200000047683716 0.9350000023841858 11.0
-2.003000020980835 -1.1180000305175781 0.984000027179718 41.0
-2.009999990463257 -1.156999945640564 1.0729999542236328 36.0
-1.9930000305175781 -1.1200000047683716 0.8429999947547913 44.0
-2.000999927520752 -1.1490000486373901 0.9210000038146973 50.0
-2.4560000896453857 -1.444000005722046 1.225000023841858 4.0
-2.4700000286102295 -1.4930000305175781 1.3380000591278076 0.0
-2.453000068664551 -1.4579999446868896 1.0549999475479126 10.0
-2.4619998931884766 -1.4910000562667847 1.1519999504089355 17.0
0.0 0.0 0.0 0.0
-1.9529999494552612 -1.2380000352859497 1.0740000009536743 16.0
-2.4719998836517334 -1.5509999990463257 1.0809999704360962 9.0
-2.0889999866485596 -1.3320000171661377 0.9940000176429749 14.0
-1.9529999494552612 -1.2699999809265137 1.0049999952316284 62.0
-1.9140000343322754 -1.2719999551773071 1.069000005722046 83.0
-2.5139999389648438 -1.6640000343322754 1.1200000047683716 7.0
-2.061000108718872 -1.3830000162124634 0.9980000257492065 28.0
-1.9279999732971191 -1.315000057220459 1.0089999437332153 66.0
-1.8899999856948853 -1.315000057220459 1.0729999542236328 80.0
-2.382999897003174 -1.6610000133514404 1.0809999704360962 42.0
-2.0260000228881836 -1.4290000200271606 0.9990000128746033 22.0
-1.8940000534057617 -1.3550000190734863 1.0080000162124634 64.0
-1.8630000352859497 -1.3559999465942383 1.0750000476837158 98.0
-1.565000057220459 -1.1480000019073486 0.7239999771118164 10.0
-1.996999979019165 -1.4789999723434448 1.003000020980835 31.0
-1.8630000352859497 -1.3969999551773071 1.0099999904632568 64.0
-1.840999960899353 -1.4010000228881836 1.0809999704360962 104.0
-1.503000020980835 -1.159000039100647 0.7099999785423279 21.0
-1.9859999418258667 -1.5440000295639038 1.0169999599456787 37.0
-1.8380000591278076 -1.4429999589920044 1.0149999856948853 47.0
-1.819000005722046 -1.4459999799728394 1.0870000123977661 106.0
-1.4119999408721924 -1.1440000534057617 0.6809999942779541 2.0
-1.9570000171661377 -1.5950000286102295 1.0230000019073486 73.0
-1.8070000410079956 -1.4850000143051147 1.0180000066757202 53.0
-1.7869999408721924 -1.4839999675750732 1.0880000591278076 69.0
-1.3309999704360962 -1.1330000162124634 0.6570000052452087 0.0
-1.3550000190734863 -1.1579999923706055 0.7229999899864197 8.0
-1.805999994277954 -1.5529999732971191 1.0379999876022339 51.0
-1.9800000190734863 -1.715999960899353 1.2289999723434448 31.0
-1.8320000171661377 -1.6380000114440918 0.9259999990463257 0.0
-1.3020000457763672 -1.1660000085830688 0.7110000252723694 48.0
-1.8109999895095825 -1.628999948501587 1.062999963760376 66.0
-1.781999945640564 -1.6130000352859497 1.128999948501587 59.0
-1.7860000133514404 -1.6759999990463257 0.9259999990463257 0.0
-1.2480000257492065 -1.1710000038146973 0.6980000138282776 10.0
-1.809000015258789 -1.7020000219345093 1.0859999656677246 75.0
-1.8350000381469727 -1.7330000400543213 1.187000036239624 39.0
-1.2350000143051147 -1.215999960899353 0.6570000052452087 22.0
-1.1619999408721924 -1.1419999599456787 0.6660000085830688 2.0
-1.7400000095367432 -1.7109999656677246 1.069000005722046 150.0
-1.7610000371932983 -1.7359999418258667 1.1640000343322754 29.0
0.0 0.0 0.0 0.0
0.0 0.0 0.0 0.0
0.0 0.0 0.0 0.0
-1.718000054359436 -1.7680000066757202 1.1619999408721924 2.0
0.0 0.0 0.0 0.0
0.0 0.0 0.0 0.0
0.0 0.0 0.0 0.0
0.0 0.0 0.0 0.0
0.0 0.0 0.0 0.0
0.0 0.0 0.0 0.0
0.0 0.0 0.0 0.0
0.0 0.0 0.0 0.0
0.0 0.0 0.0 0.0
0.0 0.0 0.0 0.0
0.0 0.0 0.0 0.0
0.0 0.0 0.0 0.0
0.0 0.0 0.0 0.0
0.0 0.0 0.0 0.0
0.0 0.0 0.0 0.0
0.0 0.0 0.0 0.0
0.0 0.0 0.0 0.0
0.0 0.0 0.0 0.0
0.0 0.0 0.0 0.0
0.0 0.0 0.0 0.0
0.0 0.0 0.0 0.0
0.0 0.0 0.0 0.0
0.0 0.0 0.0 0.0
0.0 0.0 0.0 0.0
0.0 0.0 0.0 0.0
0.0 0.0 0.0 0.0
0.0 0.0 0.0 0.0
0.0 0.0 0.0 0.0
0.0 0.0 0.0 0.0
0.0 0.0 0.0 0.0
0.0 0.0 0.0 0.0
0.0 0.0 0.0 0.0
0.0 0.0 0.0 0.0
0.0 0.0 0.0 0.0
0.0 0.0 0.0 0.0
0.0 0.0 0.0 0.0
0.0 0.0 0.0 0.0
0.0 0.0 0.0 0.0
0.0 0.0 0.0 0.0
0.0 0.0 0.0 0.0
0.0 0.0 0.0 0.0
0.0 0.0 0.0 0.0
0.0 0.0 0.0 0.0
0.0 0.0 0.0 0.0
-0.9010000228881836 -1.7289999723434448 0.7680000066757202 10.0
0.0 0.0 0.0 0.0
0.0 0.0 0.0 0.0
0.0 0.0 0.0 0.0
0.0 0.0 0.0 0.0
-0.6819999814033508 -1.343000054359436 0.6340000033378601 0.0
0.0 0.0 0.0 0.0
0.0 0.0 0.0 0.0
-0.7940000295639038 -1.7209999561309814 0.7519999742507935 2.0
-0.6489999890327454 -1.3550000190734863 0.6340000033378601 2.0
-0.6359999775886536 -1.2860000133514404 0.640999972820282 1.0
0.0 0.0 0.0 0.0
-0.7630000114440918 -1.7640000581741333 0.7649999856948853 3.0
-0.6100000143051147 -1.3530000448226929 0.6269999742507935 2.0
-0.5960000157356262 -1.2760000228881836 0.6299999952316284 1.0
-0.6039999723434448 -1.246000051498413 0.6579999923706055 1.0
-0.652999997138977 -1.6139999628067017 0.6959999799728394 2.0
-0.574999988079071 -1.3580000400543213 0.625 2.0
-0.5659999847412109 -1.2860000133514404 0.6290000081062317 1.0
-0.5730000138282776 -1.25 0.652999997138977 1.0
-0.5929999947547913 -1.5740000009536743 0.6740000247955322 2.0
-0.5389999747276306 -1.3589999675750732 0.6209999918937683 2.0
-0.5509999990463257 -1.3300000429153442 0.6449999809265137 2.0
-0.5490000247955322 -1.2699999809265137 0.6570000052452087 1.0
-0.5419999957084656 -1.5490000247955322 0.6600000262260437 2.0
-0.5080000162124634 -1.3730000257492065 0.6230000257492065 2.0
-0.5149999856948853 -1.3279999494552612 0.6389999985694885 0.0
-0.5210000276565552 -1.277999997138977 0.6549999713897705 1.0
-0.492000013589859 -1.5219999551773071 0.6460000276565552 1.0
-0.4790000021457672 -1.3930000066757202 0.628000020980835 2.0
-0.4860000014305115 -1.340000033378601 0.6399999856948853 2.0
-0.49399998784065247 -1.2910000085830688 0.656000018119812 1.0
-0.5149999856948853 -1.7319999933242798 0.7319999933242798 2.0
-0.4399999976158142 -1.3819999694824219 0.6200000047683716 2.0
0.0 0.0 0.0 0.0
-0.460999995470047 -1.2879999876022339 0.6489999890327454 1.0
-0.4779999852180481 -1.7610000371932983 0.7419999837875366 3.0
-0.414000004529953 -1.4110000133514404 0.6299999952316284 2.0
-0.4230000078678131 -1.3509999513626099 0.6370000243186951 1.0
-0.4359999895095825 -1.3040000200271606 0.652999997138977 1.0
-0.4300000071525574 -1.7489999532699585 0.7350000143051147 3.0
-0.37700000405311584 -1.406000018119812 0.625 3.0
-0.39100000262260437 -1.3550000190734863 0.6359999775886536 1.0
-0.4059999883174896 -1.3070000410079956 0.6499999761581421 1.0
-0.35499998927116394 -1.6059999465942383 0.6729999780654907 2.0
-0.34599998593330383 -1.4179999828338623 0.628000020980835 0.0
-0.3610000014305115 -1.3630000352859497 0.6359999775886536 2.0
-0.37700000405311584 -1.312999963760376 0.6480000019073486 0.0
-0.328000009059906 -1.6740000247955322 0.7009999752044678 2.0
-0.3089999854564667 -1.406000018119812 0.6209999918937683 1.0
-0.33000001311302185 -1.3669999837875366 0.6349999904632568 0.0
-0.3479999899864197 -1.3200000524520874 0.6470000147819519 1.0
-0.3019999861717224 -1.7599999904632568 0.7360000014305115 3.0
-0.32600000500679016 -1.6660000085830688 0.734000027179718 8.0
-0.30799999833106995 -1.4119999408721924 0.652999997138977 2.0
-0.3179999887943268 -1.3209999799728394 0.6439999938011169 1.0
0.0 0.0 0.0 0.0
0.0 0.0 0.0 0.0
-0.2770000100135803 -1.4279999732971191 0.6579999923706055 6.0
-0.29100000858306885 -1.3359999656677246 0.6480000019073486 5.0
-0.1459999978542328 -1.184999942779541 0.4959999918937683 7.0
-0.15299999713897705 -1.034000039100647 0.45399999618530273 7.0
-0.1720000058412552 -1.003999948501587 0.460999995470047 5.0
-0.23399999737739563 -1.1959999799728394 0.5770000219345093 5.0
-0.10100000351667404 -1.0199999809265137 0.4269999861717224 2.0
-0.125 -1.003999948501587 0.4399999976158142 7.0
-0.14499999582767487 -0.9789999723434448 0.4480000138282776 7.0
-0.17100000381469727 -0.9890000224113464 0.4749999940395355 8.0
-0.07599999755620956 -1.0169999599456787 0.4269999861717224 8.0
-0.10000000149011612 -0.9900000095367432 0.4339999854564667 8.0
-0.12200000137090683 -0.9729999899864197 0.4440000057220459 8.0
-0.14499999582767487 -0.9580000042915344 0.4580000042915344 11.0
-0.050999999046325684 -0.9990000128746033 0.41999998688697815 12.0
-0.07500000298023224 -0.9620000123977661 0.421999990940094 10.0
-0.09799999743700027 -0.953000009059906 0.4350000023841858 11.0
-0.12200000137090683 -0.9509999752044678 0.453000009059906 13.0
-0.027000000700354576 -0.9710000157356262 0.4090000092983246 17.0
-0.05299999937415123 -0.9649999737739563 0.4230000078678131 10.0
-0.07599999755620956 -0.9480000138282776 0.4320000112056732 11.0
-0.10100000351667404 -0.9419999718666077 0.44699999690055847 15.0
-0.004000000189989805 -0.9559999704360962 0.4050000011920929 18.0
-0.03099999949336052 -0.9649999737739563 0.42399999499320984 13.0
-0.054999999701976776 -0.9449999928474426 0.4300000071525574 12.0
-0.07999999821186066 -0.9419999718666077 0.44600000977516174 16.0
0.017999999225139618 -0.9509999752044678 0.40400001406669617 21.0
-0.008999999612569809 -0.9570000171661377 0.42100000381469727 14.0
-0.03400000184774399 -0.9419999718666077 0.42899999022483826 11.0
-0.05900000035762787 -0.9380000233650208 0.4429999887943268 15.0
0.03999999910593033 -0.9470000267028809 0.40400001406669617 15.0
0.012000000104308128 -0.9459999799728394 0.4169999957084656 13.0
-0.013000000268220901 -0.9480000138282776 0.4309999942779541 12.0
-0.039000000804662704 -0.9309999942779541 0.4390000104904175 13.0
0.06300000101327896 -0.9649999737739563 0.414000004529953 9.0
0.032999999821186066 -0.9390000104904175 0.41499999165534973 12.0
0.007000000216066837 -0.9419999718666077 0.42899999022483826 12.0
-0.017999999225139618 -0.9269999861717224 0.43700000643730164 11.0
0.0860000029206276 -0.9610000252723694 0.414000004529953 11.0
0.05400000140070915 -0.9330000281333923 0.414000004529953 10.0
0.02800000086426735 -0.925000011920929 0.421999990940094 14.0
0.0010000000474974513 -0.9259999990463257 0.4359999895095825 9.0
0.10899999737739563 -0.9679999947547913 0.41999998688697815 9.0
0.07599999755620956 -0.9300000071525574 0.414000004529953 10.0
0.04800000041723251 -0.9160000085830688 0.4180000126361847 14.0
0.020999999716877937 -0.9200000166893005 0.43299999833106995 11.0
0.1340000033378601 -0.9769999980926514 0.4269999861717224 6.0
0.09700000286102295 -0.9319999814033508 0.41600000858306885 9.0
0.0689999982714653 -0.9210000038146973 0.42100000381469727 11.0
0.04100000113248825 -0.9150000214576721 0.4300000071525574 13.0
0.1589999943971634 -0.9860000014305115 0.4339999854564667 9.0
0.11999999731779099 -0.9409999847412109 0.421999990940094 10.0
0.09099999815225601 -0.9290000200271606 0.4259999990463257 11.0
0.061000000685453415 -0.9139999747276306 0.42899999022483826 15.0
0.18400000035762787 -0.9929999709129333 0.4399999976158142 2.0
0.14399999380111694 -0.9559999704360962 0.4320000112056732 6.0
0.1120000034570694 -0.9300000071525574 0.42800000309944153 11.0
0.08100000023841858 -0.9179999828338623 0.4320000112056732 13.0
0.3100000023841858 -1.4830000400543213 0.6629999876022339 3.0
0.1679999977350235 -0.9629999995231628 0.43700000643730164 5.0
0.13300000131130219 -0.9319999814033508 0.4300000071525574 10.0
0.10100000351667404 -0.9139999747276306 0.4300000071525574 14.0
0.328000009059906 -1.402999997138977 0.6330000162124634 9.0
0.19300000369548798 -0.9769999980926514 0.44600000977516174 5.0
0.15700000524520874 -0.9440000057220459 0.43799999356269836 7.0
0.12300000339746475 -0.921999990940094 0.4350000023841858 13.0
0.35899999737739563 -1.3880000114440918 0.6320000290870667 0.0
0.27300000190734863 -1.2309999465942383 0.5669999718666077 2.0
0.18000000715255737 -0.9539999961853027 0.4440000057220459 7.0
0.14399999380111694 -0.9290000200271606 0.4390000104904175 11.0
0.40299999713897705 -1.4240000247955322 0.6549999713897705 24.0
0.3409999907016754 -1.3880000114440918 0.6430000066757202 9.0
0.20399999618530273 -0.9629999995231628 0.45100000500679016 5.0
0.16599999368190765 -0.9340000152587891 0.4429999887943268 10.0
0.4440000057220459 -1.437000036239624 0.6690000295639038 4.0
0.3790000081062317 -1.4019999504089355 0.6549999713897705 6.0
0.3059999942779541 -1.2960000038146973 0.6100000143051147 2.0
0.19300000369548798 -0.9599999785423279 0.4560000002384186 8.0
0.6230000257492065 -1.8639999628067017 0.8769999742507935 11.0
0.41600000858306885 -1.4129999876022339 0.6660000085830688 7.0
0.3610000014305115 -1.3890000581741333 0.6579999923706055 1.0
0.21799999475479126 -0.972000002861023 0.46399998664855957 5.0
0.675000011920929 -1.8730000257492065 0.890999972820282 45.0
0.44699999690055847 -1.3980000019073486 0.6650000214576721 29.0
0.3919999897480011 -1.3830000162124634 0.6589999794960022 28.0
0.34299999475479126 -1.3849999904632568 0.6629999876022339 4.0
0.7279999852180481 -1.8839999437332153 0.9079999923706055 45.0
0.6480000019073486 -1.878999948501587 0.902999997138977 2.0
0.4259999990463257 -1.38100004196167 0.6629999876022339 4.0
0.3720000088214874 -1.3739999532699585 0.6610000133514404 24.0
0.7799999713897705 -1.8860000371932983 0.9210000038146973 39.0
0.6949999928474426 -1.875 0.9100000262260437 53.0
0.47600001096725464 -1.430999994277954 0.6919999718666077 0.0
0.4059999883174896 -1.3760000467300415 0.6650000214576721 4.0
0.8320000171661377 -1.8880000114440918 0.9340000152587891 45.0
0.746999979019165 -1.8830000162124634 0.9240000247955322 44.0
0.671999990940094 -1.8769999742507935 0.9160000085830688 43.0
0.4350000023841858 -1.3630000352859497 0.6629999876022339 28.0
0.7310000061988831 -1.5609999895095825 0.7829999923706055 8.0
0.7990000247955322 -1.8890000581741333 0.9369999766349792 41.0
0.718999981880188 -1.875 0.9229999780654907 58.0
0.6420000195503235 -1.86899995803833 0.9150000214576721 0.0
0.9190000295639038 -1.850000023841858 0.9419999718666077 62.0
0.8360000252723694 -1.8559999465942383 0.9319999814033508 93.0
0.7720000147819519 -1.8860000371932983 0.9369999766349792 39.0
0.6940000057220459 -1.8830000162124634 0.9279999732971191 51.0
0.9789999723434448 -1.8619999885559082 0.9629999995231628 11.0
0.7120000123977661 -1.4910000562667847 0.7580000162124634 8.0
0.8259999752044678 -1.8940000534057617 0.949999988079071 55.0
0.7429999709129333 -1.8839999437332153 0.9350000023841858 43.0
0.9869999885559082 -1.777999997138977 0.9350000023841858 150.0
0.9409999847412109 -1.8589999675750732 0.9580000042915344 21.0
0.8299999833106995 -1.7910000085830688 0.9079999923706055 77.0
0.7940000295639038 -1.8890000581741333 0.9449999928474426 48.0
0.7369999885559082 -1.2580000162124634 0.671999990940094 7.0
0.9950000047683716 -1.8609999418258667 0.972000002861023 36.0
0.8790000081062317 -1.7910000085830688 0.9179999828338623 49.0
0.8379999995231628 -1.8760000467300415 0.9459999799728394 57.0
0.9409999847412109 -1.524999976158142 0.8299999833106995 0.0
0.7210000157356262 -1.2769999504089355 0.6769999861717224 2.0
0.9660000205039978 -1.8619999885559082 0.9660000205039978 13.0
0.7089999914169312 -1.496000051498413 0.7609999775886536 7.0
1.1950000524520874 -1.8420000076293945 1.0199999809265137 115.0
0.7570000290870667 -1.2740000486373901 0.6850000023841858 0.0
1.0169999599456787 -1.8569999933242798 0.9750000238418579 52.0
0.9330000281333923 -1.8619999885559082 0.9559999704360962 29.0
1.2430000305175781 -1.8229999542236328 1.0290000438690186 31.0
0.9610000252723694 -1.534999966621399 0.8389999866485596 7.0
0.7269999980926514 -1.2599999904632568 0.6700000166893005 7.0
0.9900000095367432 -1.86899995803833 0.9700000286102295 13.0
1.2489999532699585 -1.746000051498413 1.0049999952316284 54.0
1.2330000400543213 -1.8760000467300415 1.0420000553131104 71.0
0.8410000205039978 -1.3839999437332153 0.7459999918937683 0.0
0.8169999718666077 -1.4630000591278076 0.7670000195503235 154.0
0.9850000143051147 -1.312000036239624 0.7699999809265137 7.0
1.2419999837875366 -1.7999999523162842 1.0169999599456787 45.0
1.184999942779541 -1.8539999723434448 1.0149999856948853 21.0
0.7409999966621399 -1.2589999437332153 0.6679999828338623 8.0
1.2120000123977661 -1.5399999618530273 0.9240000247955322 124.0
1.2510000467300415 -1.7269999980926514 0.9929999709129333 56.0
1.25 -1.8609999418258667 1.034000039100647 41.0
0.9599999785423279 -1.5499999523162842 0.8330000042915344 0.0
1.2630000114440918 -1.531999945640564 0.9390000104904175 56.0
0.9739999771118164 -1.281999945640564 0.7519999742507935 7.0
1.25 -1.774999976158142 1.0019999742507935 52.0
1.2170000076293945 -1.8700000047683716 1.0180000066757202 118.0
1.2710000276565552 -1.472000002861023 0.9240000247955322 55.0
1.2410000562667847 -1.559999942779541 0.9330000281333923 79.0
1.2480000257492065 -1.690000057220459 0.9700000286102295 74.0
1.24399995803833 -1.8209999799728394 1.003999948501587 38.0
1.2719999551773071 -1.409000039100647 0.9039999842643738 54.0
1.2640000581741333 -1.5169999599456787 0.9259999990463257 51.0
1.0140000581741333 -1.309000015258789 0.7649999856948853 11.0
1.2510000467300415 -1.7450000047683716 0.9760000109672546 56.0
1.2730000019073486 -1.347000002861023 0.8859999775886536 53.0
1.2699999809265137 -1.4559999704360962 0.9070000052452087 54.0
1.2640000581741333 -1.5579999685287476 0.9269999861717224 59.0
0.9750000238418579 -1.2970000505447388 0.7369999885559082 6.0
1.284000039100647 -1.2990000247955322 0.8759999871253967 24.0
1.2719999551773071 -1.3940000534057617 0.8880000114440918 54.0
1.2699999809265137 -1.496000051498413 0.906000018119812 51.0
1.2269999980926514 -1.5579999685287476 0.8999999761581421 115.0
1.274999976158142 -1.2330000400543213 0.8529999852180481 15.0
1.2760000228881836 -1.3370000123977661 0.8709999918937683 49.0
1.2710000276565552 -1.4299999475479126 0.8840000033378601 51.0
1.2660000324249268 -1.534000039100647 0.9010000228881836 56.0
1.2869999408721924 -1.190000057220459 0.847000002861023 51.0
1.284000039100647 -1.284999966621399 0.8579999804496765 11.0
1.277999997138977 -1.3739999532699585 0.8669999837875366 50.0
1.2669999599456787 -1.465999960899353 0.8769999742507935 58.0
1.2869999408721924 -1.1380000114440918 0.8330000042915344 48.0
1.2769999504089355 -1.2230000495910645 0.8370000123977661 31.0
1.281000018119812 -1.315999984741211 0.8489999771118164 43.0
1.2719999551773071 -1.406999945640564 0.8569999933242798 55.0
1.2860000133514404 -1.0859999656677246 0.8190000057220459 52.0
1.2869999408721924 -1.1779999732971191 0.8270000219345093 52.0
1.284000039100647 -1.2610000371932983 0.8330000042915344 9.0
1.274999976158142 -1.347000002861023 0.8370000123977661 53.0
1.2949999570846558 -1.0449999570846558 0.8119999766349792 53.0
1.2890000343322754 -1.1269999742507935 0.8130000233650208 49.0
1.2899999618530273 -1.2109999656677246 0.8190000057220459 47.0
1.284000039100647 -1.2949999570846558 0.8220000267028809 15.0
1.2990000247955322 -1.0019999742507935 0.8029999732971191 56.0
1.284999966621399 -1.0740000009536743 0.7960000038146973 53.0
1.2920000553131104 -1.159000039100647 0.8040000200271606 52.0
1.281999945640564 -1.2359999418258667 0.8009999990463257 21.0
1.305999994277954 -0.9610000252723694 0.7960000038146973 53.0
1.2949999570846558 -1.0329999923706055 0.7889999747276306 54.0
1.2929999828338623 -1.1080000400543213 0.7889999747276306 53.0
1.2890000343322754 -1.187000036239624 0.7870000004768372 55.0
1.3079999685287476 -0.9179999828338623 0.7870000004768372 61.0
1.2990000247955322 -0.9890000224113464 0.7789999842643738 59.0
1.2960000038146973 -1.0609999895095825 0.7760000228881836 51.0
1.2920000553131104 -1.1369999647140503 0.7720000147819519 54.0
1.312999963760376 -0.8790000081062317 0.781000018119812 62.0
1.305999994277954 -0.9490000009536743 0.7720000147819519 59.0
1.3020000457763672 -1.0169999599456787 0.765999972820282 57.0
1.2879999876022339 -1.0809999704360962 0.7540000081062317 58.0
1.3140000104904175 -0.8379999995231628 0.7720000147819519 60.0
1.3109999895095825 -0.9089999794960022 0.7639999985694885 64.0
1.309000015258789 -0.9750000238418579 0.7570000290870667 58.0
1.3020000457763672 -1.0429999828338623 0.746999979019165 59.0
1.3170000314712524 -0.800000011920929 0.765999972820282 62.0
1.312000036239624 -0.8669999837875366 0.7540000081062317 65.0
1.312000036239624 -0.9319999814033508 0.7459999918937683 61.0
1.3009999990463257 -0.9950000047683716 0.7319999933242798 62.0
1.3170000314712524 -0.7599999904632568 0.7580000162124634 14.0
1.315999984741211 -0.828000009059906 0.746999979019165 66.0
1.309999942779541 -0.8859999775886536 0.7329999804496765 61.0
1.305999994277954 -0.9520000219345093 0.722000002861023 54.0
1.3179999589920044 -0.722000002861023 0.7519999742507935 53.0
1.3179999589920044 -0.7879999876022339 0.7390000224113464 64.0
1.3140000104904175 -0.847000002861023 0.7250000238418579 13.0
1.312000036239624 -0.9100000262260437 0.7120000123977661 71.0
1.3320000171661377 -0.6919999718666077 0.753000020980835 1.0
1.319000005722046 -0.7490000128746033 0.7310000061988831 12.0
1.319000005722046 -0.8080000281333923 0.7179999947547913 70.0
1.309000015258789 -0.8640000224113464 0.6990000009536743 71.0
1.3660000562667847 -0.671999990940094 0.765999972820282 33.0
1.319000005722046 -0.7099999785423279 0.7239999771118164 36.0
1.315000057220459 -0.7649999856948853 0.7059999704360962 13.0
1.312999963760376 -0.8240000009536743 0.6899999976158142 12.0
1.4079999923706055 -0.6539999842643738 0.7839999794960022 46.0
1.347000002861023 -0.6869999766349792 0.7319999933242798 1.0
1.319000005722046 -0.7279999852180481 0.699999988079071 12.0
1.309999942779541 -0.7799999713897705 0.6779999732971191 13.0
1.4579999446868896 -0.6389999985694885 0.8059999942779541 52.0
1.3839999437332153 -0.6669999957084656 0.7440000176429749 52.0
1.3350000381469727 -0.6970000267028809 0.6990000009536743 1.0
1.315999984741211 -0.7440000176429749 0.6710000038146973 15.0
1.503999948501587 -0.6200000047683716 0.8259999752044678 47.0
1.430999994277954 -0.6510000228881836 0.7630000114440918 12.0
1.3600000143051147 -0.6710000038146973 0.7049999833106995 34.0
1.3329999446868896 -0.7120000123977661 0.6700000166893005 1.0
1.559000015258789 -0.6039999723434448 0.8510000109672546 40.0
1.4789999723434448 -0.6330000162124634 0.7820000052452087 48.0
1.406999945640564 -0.6549999713897705 0.722000002861023 11.0
1.343000054359436 -0.6779999732971191 0.6669999957084656 8.0
1.6130000352859497 -0.5839999914169312 0.875 29.0
1.524999976158142 -0.6129999756813049 0.800000011920929 49.0
1.4589999914169312 -0.6389999985694885 0.7409999966621399 51.0
1.4040000438690186 -0.6690000295639038 0.6890000104904175 54.0
1.6660000085830688 -0.5619999766349792 0.8999999761581421 38.0
1.5759999752044678 -0.5929999947547913 0.8209999799728394 33.0
1.5069999694824219 -0.6200000047683716 0.7580000162124634 53.0
1.4420000314712524 -0.6460000276565552 0.6990000009536743 12.0
1.7259999513626099 -0.5410000085830688 0.9279999732971191 20.0
1.6380000114440918 -0.574999988079071 0.8479999899864197 41.0
1.5570000410079956 -0.5989999771118164 0.7770000100135803 43.0
1.496000051498413 -0.6290000081062317 0.7170000076293945 55.0
1.8600000143051147 -0.5379999876022339 0.9959999918937683 40.0
1.6959999799728394 -0.5529999732971191 0.8730000257492065 41.0
1.6200000047683716 -0.5809999704360962 0.8009999990463257 45.0
1.5449999570846558 -0.6069999933242798 0.7329999804496765 52.0
2.2179999351501465 -0.5899999737739563 1.184000015258789 16.0
1.7799999713897705 -0.5370000004768372 0.9100000262260437 116.0
1.680999994277954 -0.5600000023841858 0.8259999752044678 44.0
1.6019999980926514 -0.5870000123977661 0.753000020980835 44.0
2.421999931335449 -0.5889999866485596 1.2890000343322754 16.0
2.1670000553131104 -0.6010000109672546 1.1030000448226929 22.0
1.7389999628067017 -0.5360000133514404 0.8479999899864197 43.0
1.6629999876022339 -0.5659999847412109 0.7749999761581421 49.0
2.6080000400543213 -0.5740000009536743 1.3839999437332153 23.0
2.3529999256134033 -0.5960000157356262 1.1920000314712524 16.0
2.1480000019073486 -0.6079999804496765 1.0410000085830688 36.0
1.7259999513626099 -0.5429999828338623 0.796999990940094 50.0
2.6419999599456787 -0.5220000147819519 1.399999976158142 29.0
2.5889999866485596 -0.5950000286102295 1.3070000410079956 15.0
2.3429999351501465 -0.6060000061988831 1.128999948501587 14.0
2.0920000076293945 -0.6039999723434448 0.9589999914169312 103.0
2.6500000953674316 -0.46399998664855957 1.4010000228881836 29.0
2.7720000743865967 -0.5720000267028809 1.3949999809265137 28.0
2.562000036239624 -0.6010000109672546 1.2280000448226929 15.0
2.375999927520752 -0.6259999871253967 1.0809999704360962 15.0
2.6489999294281006 -0.4050000011920929 1.3990000486373901 28.0
2.7850000858306885 -0.5099999904632568 1.3969999551773071 29.0
2.88100004196167 -0.6060000061988831 1.375 22.0
2.5859999656677246 -0.6169999837875366 1.1690000295639038 15.0
2.6530001163482666 -0.34700000286102295 1.399999976158142 29.0
2.7950000762939453 -0.4480000138282776 1.3990000486373901 29.0
2.941999912261963 -0.5490000247955322 1.3980000019073486 29.0
3.0209999084472656 -0.6460000276565552 1.3580000400543213 19.0
2.6540000438690186 -0.289000004529953 1.399999976158142 28.0
2.7950000762939453 -0.3840000033378601 1.3960000276565552 29.0
2.953000068664551 -0.48100000619888306 1.3980000019073486 28.0
3.115000009536743 -0.5899999737739563 1.3930000066757202 27.0
2.6549999713897705 -0.23100000619888306 1.4010000228881836 26.0
2.8010001182556152 -0.32199999690055847 1.3969999551773071 30.0
2.9600000381469727 -0.4129999876022339 1.3980000019073486 28.0
3.13100004196167 -0.5170000195503235 1.3930000066757202 27.0
2.6549999713897705 -0.17399999499320984 1.4010000228881836 29.0
2.802999973297119 -0.2590000033378601 1.3960000276565552 28.0
2.9690001010894775 -0.34599998593330383 1.3990000486373901 29.0
3.1419999599456787 -0.4429999887943268 1.3930000066757202 27.0
2.6510000228881836 -0.11599999666213989 1.4010000228881836 28.0
2.805999994277954 -0.19599999487400055 1.3969999551773071 30.0
2.9719998836517334 -0.2770000100135803 1.3969999551773071 28.0
3.1530001163482666 -0.36899998784065247 1.3930000066757202 27.0
2.6470000743865967 -0.05900000035762787 1.399999976158142 29.0
2.799999952316284 -0.13300000131130219 1.3949999809265137 31.0
2.9739999771118164 -0.20800000429153442 1.3960000276565552 28.0
3.1589999198913574 -0.2939999997615814 1.3910000324249268 27.0
2.6470000743865967 -0.0020000000949949026 1.402999997138977 28.0
2.799999952316284 -0.07100000232458115 1.3949999809265137 29.0
2.9769999980926514 -0.14000000059604645 1.3969999551773071 27.0
3.1689999103546143 -0.2199999988079071 1.3930000066757202 27.0
2.634000062942505 0.05400000140070915 1.3980000019073486 30.0
2.7990000247955322 -0.00800000037997961 1.3949999809265137 29.0
2.9800000190734863 -0.07199999690055847 1.3980000019073486 27.0
3.1760001182556152 -0.14499999582767487 1.3940000534057617 26.0
2.627000093460083 0.10999999940395355 1.3990000486373901 28.0
2.7920000553131104 0.05299999937415123 1.3940000534057617 30.0
2.9739999771118164 -0.003000000026077032 1.3949999809265137 28.0
3.1760001182556152 -0.0689999982714653 1.3919999599456787 27.0
2.622999906539917 0.16599999368190765 1.4010000228881836 28.0
2.7869999408721924 0.11500000208616257 1.3940000534057617 29.0
2.9709999561309814 0.06400000303983688 1.3949999809265137 29.0
3.1740000247955322 0.004999999888241291 1.3910000324249268 27.0
2.614000082015991 0.22200000286102295 1.4010000228881836 28.0
2.7769999504089355 0.17599999904632568 1.3930000066757202 29.0
2.9679999351501465 0.13300000131130219 1.3960000276565552 27.0
3.174999952316284 0.07999999821186066 1.3919999599456787 26.0
2.5999999046325684 0.2770000100135803 1.3980000019073486 29.0
2.7750000953674316 0.23899999260902405 1.3960000276565552 28.0
2.9700000286102295 0.20200000703334808 1.399999976158142 27.0
3.1689999103546143 0.15600000321865082 1.3910000324249268 27.0
2.5920000076293945 0.3330000042915344 1.399999976158142 31.0
2.765000104904175 0.30000001192092896 1.3949999809265137 31.0
2.9560000896453857 0.26899999380111694 1.3960000276565552 28.0
3.1730000972747803 0.23199999332427979 1.3940000534057617 27.0
2.5859999656677246 0.3880000114440918 1.402999997138977 31.0
2.753999948501587 0.3610000014305115 1.3949999809265137 29.0
2.950000047683716 0.3370000123977661 1.3980000019073486 29.0
3.1549999713897705 0.3059999942779541 1.3890000581741333 27.0
2.571000099182129 0.44200000166893005 1.4019999504089355 31.0
2.75 0.4230000078678131 1.3990000486373901 32.0
2.937000036239624 0.40400001406669617 1.3969999551773071 28.0
3.1459999084472656 0.38100001215934753 1.3890000581741333 27.0
2.556999921798706 0.4959999918937683 1.4019999504089355 29.0
2.7290000915527344 0.48100000619888306 1.3949999809265137 31.0
2.9149999618530273 0.4699999988079071 1.3919999599456787 29.0
3.140000104904175 0.4560000002384186 1.3910000324249268 28.0
2.5429999828338623 0.550000011920929 1.402999997138977 30.0
2.7149999141693115 0.5410000085830688 1.3949999809265137 31.0
2.9110000133514404 0.5379999876022339 1.3969999551773071 29.0
3.119999885559082 0.5299999713897705 1.3890000581741333 28.0
2.5280001163482666 0.6029999852180481 1.402999997138977 28.0
2.703000068664551 0.6019999980926514 1.3980000019073486 31.0
2.8959999084472656 0.6039999723434448 1.3969999551773071 30.0
3.1110000610351562 0.6050000190734863 1.3910000324249268 27.0
2.513000011444092 0.6570000052452087 1.4040000438690186 30.0
2.686000108718872 0.6610000133514404 1.3980000019073486 29.0
2.884000062942505 0.671999990940094 1.3990000486373901 29.0
3.0889999866485596 0.6779999732971191 1.3880000114440918 28.0
2.496000051498413 0.7099999785423279 1.4040000438690186 27.0
2.6640000343322754 0.718999981880188 1.3949999809265137 30.0
2.861999988555908 0.7369999885559082 1.3980000019073486 30.0
3.0769999027252197 0.753000020980835 1.3910000324249268 27.0
2.4739999771118164 0.7609999775886536 1.402999997138977 26.0
2.6489999294281006 0.7789999842643738 1.3980000019073486 29.0
2.8459999561309814 0.8029999732971191 1.399999976158142 29.0
3.061000108718872 0.8270000219345093 1.3930000066757202 26.0
2.4560000896453857 0.8119999766349792 1.4040000438690186 25.0
2.63100004196167 0.8370000123977661 1.3990000486373901 27.0
2.822000026702881 0.8669999837875366 1.3990000486373901 29.0
3.0380001068115234 0.8999999761581421 1.3930000066757202 27.0
2.440999984741211 0.8659999966621399 1.406999945640564 25.0
2.6110000610351562 0.8949999809265137 1.399999976158142 27.0
2.806999921798706 0.9340000152587891 1.402999997138977 28.0
3.013000011444092 0.972000002861023 1.3930000066757202 26.0
2.4159998893737793 0.9150000214576721 1.4049999713897705 25.0
2.5889999866485596 0.953000009059906 1.4010000228881836 27.0
2.7839999198913574 0.9980000257492065 1.4040000438690186 26.0
2.98799991607666 1.0429999828338623 1.3940000534057617 27.0
2.3980000019073486 0.9670000076293945 1.4079999923706055 24.0
2.568000078201294 1.0099999904632568 1.402999997138977 27.0
2.750999927520752 1.059000015258789 1.4010000228881836 25.0
2.9679999351501465 1.1160000562667847 1.3980000019073486 26.0
2.371000051498413 1.0160000324249268 1.406000018119812 21.0
2.5399999618530273 1.065000057220459 1.4019999504089355 25.0
2.7230000495910645 1.121000051498413 1.4010000228881836 25.0
2.937999963760376 1.187000036239624 1.3980000019073486 25.0
2.3499999046325684 1.065999984741211 1.4079999923706055 21.0
2.5199999809265137 1.1230000257492065 1.406000018119812 23.0
2.694999933242798 1.1829999685287476 1.4010000228881836 25.0
2.9010000228881836 1.253999948501587 1.3960000276565552 24.0
2.322999954223633 1.1139999628067017 1.406999945640564 23.0
2.490000009536743 1.1759999990463257 1.4040000438690186 23.0
2.6670000553131104 1.246000051498413 1.402999997138977 25.0
2.868000030517578 1.3220000267028809 1.3960000276565552 24.0
2.2939999103546143 1.1610000133514404 1.4049999713897705 20.0
2.4609999656677246 1.2309999465942383 1.4040000438690186 22.0
2.63700008392334 1.305999994277954 1.4040000438690186 24.0
2.8429999351501465 1.3949999809265137 1.4010000228881836 24.0
2.2660000324249268 1.2070000171661377 1.4040000438690186 20.0
2.428999900817871 1.2829999923706055 1.4040000438690186 24.0
2.5969998836517334 1.3630000352859497 1.4010000228881836 24.0
2.7990000247955322 1.4570000171661377 1.3980000019073486 24.0
2.24399995803833 1.2580000162124634 1.409000039100647 21.0
2.4010000228881836 1.3370000123977661 1.4049999713897705 22.0
2.572000026702881 1.4259999990463257 1.406000018119812 25.0
2.76200008392334 1.5240000486373901 1.3990000486373901 24.0
2.2119998931884766 1.3020000457763672 1.406000018119812 21.0
2.368000030517578 1.3890000581741333 1.4049999713897705 23.0
2.5369999408721924 1.4839999675750732 1.406000018119812 25.0
2.7219998836517334 1.5889999866485596 1.399999976158142 24.0
2.184999942779541 1.350000023841858 1.4079999923706055 22.0
2.3350000381469727 1.440000057220459 1.4049999713897705 23.0
2.492000102996826 1.5369999408721924 1.4019999504089355 24.0
2.680000066757202 1.6519999504089355 1.399999976158142 24.0
2.1540000438690186 1.3949999809265137 1.4079999923706055 21.0
2.2990000247955322 1.4889999628067017 1.4040000438690186 24.0
2.453000068664551 1.593000054359436 1.402999997138977 25.0
2.628000020980835 1.7079999446868896 1.3960000276565552 26.0
2.127000093460083 1.4420000314712524 1.4110000133514404 21.0
2.259999990463257 1.5369999408721924 1.402999997138977 24.0
2.4149999618530273 1.6490000486373901 1.4040000438690186 25.0
2.5850000381469727 1.7710000276565552 1.3980000019073486 26.0
2.0889999866485596 1.4819999933242798 1.406999945640564 21.0
2.2269999980926514 1.5880000591278076 1.4049999713897705 25.0
2.371999979019165 1.7009999752044678 1.4040000438690186 25.0
2.5380001068115234 1.8300000429153442 1.3980000019073486 25.0
2.059999942779541 1.527999997138977 1.409999966621399 25.0
2.191999912261963 1.6369999647140503 1.406999945640564 25.0
2.3299999237060547 1.753999948501587 1.4040000438690186 25.0
2.490999937057495 1.8890000581741333 1.3990000486373901 26.0
2.0260000228881836 1.5709999799728394 1.409999966621399 22.0
2.1470000743865967 1.6799999475479126 1.402999997138977 27.0
2.2880001068115234 1.8070000410079956 1.406000018119812 26.0
2.443000078201294 1.9479999542236328 1.399999976158142 25.0
1.9880000352859497 1.6100000143051147 1.406999945640564 23.0
2.11299991607666 1.7300000190734863 1.406999945640564 27.0
2.239000082015991 1.8539999723434448 1.402999997138977 25.0
2.384999990463257 1.9980000257492065 1.3969999551773071 23.0
1.9559999704360962 1.6540000438690186 1.409000039100647 24.0
2.066999912261963 1.7710000276565552 1.402999997138977 26.0
2.191999912261963 1.902999997138977 1.402999997138977 26.0
2.3350000381469727 2.052999973297119 1.3980000019073486 24.0
1.9199999570846558 1.6950000524520874 1.409999966621399 24.0
2.0269999504089355 1.815999984741211 1.4040000438690186 27.0
2.1489999294281006 1.9550000429153442 1.4049999713897705 25.0
2.2829999923706055 2.1080000400543213 1.399999976158142 25.0
1.8760000467300415 1.7289999723434448 1.4040000438690186 25.0
1.9839999675750732 1.8589999675750732 1.4040000438690186 26.0
2.0999999046325684 2.002000093460083 1.406000018119812 25.0
2.2260000705718994 2.1570000648498535 1.3990000486373901 26.0
1.8459999561309814 1.774999976158142 1.409999966621399 25.0
1.940999984741211 1.9010000228881836 1.4040000438690186 26.0
2.0480000972747803 2.0439999103546143 1.4040000438690186 26.0
2.1710000038146973 2.2090001106262207 1.4010000228881836 26.0
1.8079999685287476 1.8140000104904175 1.409999966621399 26.0
1.899999976158142 1.9470000267028809 1.406999945640564 28.0
2.003000020980835 2.0940001010894775 1.406999945640564 27.0
2.1089999675750732 2.253000020980835 1.3990000486373901 18.0
1.7669999599456787 1.850000023841858 1.409000039100647 23.0
1.8550000190734863 1.9869999885559082 1.406999945640564 27.0
1.9500000476837158 2.135999917984009 1.406999945640564 26.0
2.056999921798706 2.305999994277954 1.4040000438690186 20.0
1.7300000190734863 1.8910000324249268 1.4119999408721924 27.0
1.8079999685287476 2.0250000953674316 1.406000018119812 27.0
1.8969999551773071 2.177000045776367 1.406999945640564 26.0
2.003000020980835 2.3580000400543213 1.4079999923706055 23.0
1.687999963760376 1.9249999523162842 1.409999966621399 26.0
1.7619999647140503 2.065000057220459 1.406999945640564 27.0
1.8450000286102295 2.2190001010894775 1.4079999923706055 27.0
1.934999942779541 2.3929998874664307 1.4040000438690186 25.0
1.6469999551773071 1.9609999656677246 1.409999966621399 25.0
1.7170000076293945 2.1059999465942383 1.409000039100647 27.0
1.7890000343322754 2.257999897003174 1.4079999923706055 26.0
1.8769999742507935 2.440000057220459 1.4079999923706055 23.0
1.6109999418258667 2.003999948501587 1.4160000085830688 21.0
1.6679999828338623 2.1410000324249268 1.4079999923706055 28.0
1.7400000095367432 2.302999973297119 1.4119999408721924 21.0
1.809999942779541 2.4749999046325684 1.406000018119812 24.0
1.5609999895095825 2.0290000438690186 1.409999966621399 24.0
1.6239999532699585 2.184000015258789 1.4140000343322754 16.0
1.684000015258789 2.3399999141693115 1.4129999876022339 22.0
1.7489999532699585 2.5160000324249268 1.4079999923706055 24.0
1.5190000534057617 2.065000057220459 1.4119999408721924 27.0
1.5679999589920044 2.2090001106262207 1.4079999923706055 29.0
1.6239999532699585 2.371999979019165 1.4110000133514404 24.0
1.684999942779541 2.555000066757202 1.409999966621399 23.0
1.472000002861023 2.0920000076293945 1.4079999923706055 28.0
1.5199999809265137 2.246999979019165 1.4110000133514404 27.0
1.5670000314712524 2.4059998989105225 1.4119999408721924 24.0
1.6200000047683716 2.5899999141693115 1.4110000133514404 24.0
1.4299999475479126 2.128999948501587 1.4119999408721924 24.0
1.468999981880188 2.2790000438690186 1.4110000133514404 26.0
1.5119999647140503 2.443000078201294 1.4149999618530273 24.0
1.5549999475479126 2.625999927520752 1.4129999876022339 22.0
1.3860000371932983 2.1610000133514404 1.4129999876022339 25.0
1.4179999828338623 2.312000036239624 1.4129999876022339 26.0
1.4529999494552612 2.4749999046325684 1.4160000085830688 24.0
1.4830000400543213 2.6480000019073486 1.409000039100647 22.0
1.340999960899353 2.191999912261963 1.4140000343322754 26.0
1.3669999837875366 2.3440001010894775 1.4149999618530273 25.0
0.0 0.0 0.0 0.0
1.4199999570846558 2.684999942779541 1.4140000343322754 22.0
0.0 0.0 0.0 0.0
1.312999963760376 2.371999979019165 1.4140000343322754 26.0
1.3339999914169312 2.5360000133514404 1.4179999828338623 2.0
1.3420000076293945 2.694000005722046 1.4049999713897705 23.0
1.246000051498413 2.25 1.4140000343322754 23.0
1.2599999904632568 2.4010000228881836 1.4149999618530273 26.0
1.2730000019073486 2.562000036239624 1.4179999828338623 24.0
1.281000018119812 2.7339999675750732 1.4129999876022339 22.0
1.2009999752044678 2.2820000648498535 1.4179999828338623 25.0
1.2059999704360962 2.430000066757202 1.4170000553131104 27.0
1.2120000123977661 2.5889999866485596 1.4190000295639038 24.0
1.2130000591278076 2.763000011444092 1.4160000085830688 22.0
1.1519999504089355 2.306999921798706 1.4170000553131104 24.0
1.1490000486373901 2.4509999752044678 1.4149999618530273 26.0
1.149999976158142 2.61299991607666 1.4199999570846558 24.0
1.1430000066757202 2.7829999923706055 1.4160000085830688 22.0
1.1019999980926514 2.3320000171661377 1.4170000553131104 24.0
1.0950000286102295 2.4790000915527344 1.4170000553131104 26.0
1.0859999656677246 2.63100004196167 1.4179999828338623 24.0
1.0709999799728394 2.7980000972747803 1.4149999618530273 22.0
1.0540000200271606 2.3610000610351562 1.4190000295639038 26.0
1.0379999876022339 2.499000072479248 1.4160000085830688 26.0
1.0219999551773071 2.6480000019073486 1.4170000553131104 24.0
0.9990000128746033 2.811000108718872 1.4129999876022339 22.0
1.0010000467300415 2.378000020980835 1.4160000085830688 26.0
0.9810000061988831 2.5199999809265137 1.4160000085830688 25.0
0.9599999785423279 2.671999931335449 1.4199999570846558 24.0
0.9110000133514404 2.7750000953674316 1.3869999647140503 7.0
0.9520000219345093 2.4059998989105225 1.4190000295639038 25.0
0.9240000247955322 2.5420000553131104 1.4179999828338623 27.0
0.8930000066757202 2.680999994277954 1.4149999618530273 17.0
0.8579999804496765 2.8410000801086426 1.4140000343322754 23.0
0.9020000100135803 2.430999994277954 1.4210000038146973 27.0
0.8650000095367432 2.556999921798706 1.4160000085830688 16.0
0.8330000042915344 2.7060000896453857 1.4210000038146973 23.0
0.7870000004768372 2.8559999465942383 1.4170000553131104 21.0
0.8500000238418579 2.4509999752044678 1.4210000038146973 27.0
0.8109999895095825 2.5850000381469727 1.4210000038146973 17.0
0.7670000195503235 2.7170000076293945 1.4199999570846558 24.0
0.0 0.0 0.0 0.0
0.7900000214576721 2.450000047683716 1.409000039100647 0.0
0.7509999871253967 2.5980000495910645 1.4199999570846558 26.0
0.703000009059906 2.7290000915527344 1.4190000295639038 10.0
0.0 0.0 0.0 0.0
0.734000027179718 2.4560000896453857 1.402999997138977 4.0
0.6919999718666077 2.61299991607666 1.4199999570846558 24.0
0.0 0.0 0.0 0.0
0.0 0.0 0.0 0.0
0.6909999847412109 2.509999990463257 1.4229999780654907 23.0
0.6309999823570251 2.617000102996826 1.4149999618530273 3.0
0.5770000219345093 2.7669999599456787 1.4290000200271606 1.0
0.48899999260902405 2.802999973297119 1.378000020980835 0.0
0.6340000033378601 2.5160000324249268 1.4179999828338623 17.0
0.0 0.0 0.0 0.0
0.0 0.0 0.0 0.0
0.4309999942779541 2.880000114440918 1.4160000085830688 23.0
0.0 0.0 0.0 0.0
0.0 0.0 0.0 0.0
0.4440000057220459 2.7660000324249268 1.4220000505447388 1.0
0.3610000014305115 2.884999990463257 1.4179999828338623 23.0
0.0 0.0 0.0 0.0
0.4519999921321869 2.6459999084472656 1.4140000343322754 20.0
0.3790000081062317 2.7699999809265137 1.4220000505447388 25.0
0.28999999165534973 2.878999948501587 1.4160000085830688 23.0
0.47200000286102295 2.569999933242798 1.4249999523162842 6.0
0.39399999380111694 2.6689999103546143 1.4220000505447388 26.0
0.3140000104904175 2.7709999084472656 1.4210000038146973 24.0
0.2199999988079071 2.875 1.4160000085830688 24.0
0.41499999165534973 2.572999954223633 1.4199999570846558 17.0
0.33399999141693115 2.6710000038146973 1.4199999570846558 25.0
0.24799999594688416 2.7679998874664307 1.4190000295639038 26.0
0.1509999930858612 2.871999979019165 1.4170000553131104 24.0
0.35899999737739563 2.5859999656677246 1.4210000038146973 26.0
0.27300000190734863 2.671999931335449 1.4170000553131104 26.0
0.18400000035762787 2.7660000324249268 1.4190000295639038 24.0
0.08100000023841858 2.86299991607666 1.4170000553131104 24.0
0.30300000309944153 2.5940001010894775 1.4210000038146973 26.0
0.21299999952316284 2.684000015258789 1.4220000505447388 26.0
0.11900000274181366 2.7639999389648438 1.4190000295639038 25.0
0.012000000104308128 2.757999897003174 1.36899995803833 7.0
0.24500000476837158 2.5969998836517334 1.4179999828338623 25.0
0.15199999511241913 2.680999994277954 1.4190000295639038 27.0
0.054999999701976776 2.759000062942505 1.4179999828338623 24.0
-0.04399999976158142 2.308000087738037 1.149999976158142 7.0
0.1889999955892563 2.6089999675750732 1.4199999570846558 27.0
0.09200000017881393 2.684000015258789 1.4199999570846558 28.0
-0.007000000216066837 2.5859999656677246 1.3309999704360962 6.0
-0.12300000339746475 2.8320000171661377 1.4179999828338623 22.0
0.13199999928474426 2.609999895095825 1.4179999828338623 26.0
0.03099999949336052 2.674999952316284 1.4149999618530273 22.0
-0.061000000685453415 2.3320000171661377 1.2039999961853027 10.0
-0.09300000220537186 1.3860000371932983 0.6970000267028809 6.0
0.07400000095367432 2.61299991607666 1.4170000553131104 26.0
-0.026000000536441803 2.446000099182129 1.2949999570846558 6.0
-0.06700000166893005 1.36899995803833 0.7089999914169312 6.0
-0.2549999952316284 2.7929999828338623 1.4129999876022339 1.0
0.017000000923871994 2.621999979019165 1.4199999570846558 27.0
-0.08699999749660492 2.63100004196167 1.3949999809265137 17.0
-0.09700000286102295 1.343000054359436 0.6980000138282776 1.0
-0.17599999904632568 1.5219999551773071 0.7749999761581421 5.0
-0.035999998450279236 2.328000068664551 1.2599999904632568 5.0
-0.07400000095367432 1.3320000171661377 0.7070000171661377 23.0
-0.2619999945163727 2.7330000400543213 1.4259999990463257 1.0
-0.20900000631809235 1.5 0.7689999938011169 10.0
-0.09700000286102295 2.615000009536743 1.4149999618530273 22.0
-0.10599999874830246 1.3459999561309814 0.7160000205039978 6.0
-0.1770000010728836 1.4859999418258667 0.7789999842643738 6.0
-0.23800000548362732 1.4520000219345093 0.75 14.0
-0.07900000363588333 1.3339999914169312 0.722000002861023 28.0
0.0 0.0 0.0 0.0
-0.20900000631809235 1.4630000591278076 0.7710000276565552 10.0
-0.27799999713897705 1.475000023841858 0.7680000066757202 0.0
-0.1599999964237213 1.9609999656677246 1.062000036239624 0.0
-0.1809999942779541 1.4579999446868896 0.7799999713897705 0.0
-0.24400000274181366 1.468000054359436 0.777999997138977 1.0
-0.28299999237060547 1.3300000429153442 0.6980000138282776 5.0
-0.20399999618530273 1.9630000591278076 1.0640000104904175 19.0
-0.20999999344348907 1.4320000410079956 0.7689999938011169 11.0
-0.2669999897480011 1.4049999713897705 0.7490000128746033 1.0
-0.33399999141693115 1.4040000438690186 0.7440000176429749 0.0
-0.17900000512599945 1.4199999570846558 0.7710000276565552 4.0
-0.24500000476837158 1.440000057220459 0.7770000100135803 1.0
-0.2840000092983246 1.3229999542236328 0.7099999785423279 6.0
-0.375 1.4229999780654907 0.7609999775886536 2.0
-0.20100000500679016 1.3480000495910645 0.7329999804496765 28.0
-0.26499998569488525 1.3700000047683716 0.7419999837875366 1.0
-0.328000009059906 1.375 0.7440000176429749 0.0
-0.4009999930858612 1.3860000371932983 0.75 5.0
-0.23100000619888306 1.347000002861023 0.7350000143051147 1.0
-0.2849999964237213 1.312000036239624 0.7149999737739563 6.0
-0.35199999809265137 1.3370000123977661 0.7289999723434448 9.0
-0.4129999876022339 1.312000036239624 0.7170000076293945 7.0
-0.2540000081062317 1.305999994277954 0.7149999737739563 12.0
-0.3140000104904175 1.3029999732971191 0.7139999866485596 0.0
-0.37599998712539673 1.3040000200271606 0.7170000076293945 0.0
-0.4490000009536743 1.315999984741211 0.7279999852180481 1.0
-0.2840000092983246 1.3020000457763672 0.7149999737739563 1.0
-0.34599998593330383 1.3040000200271606 0.7200000286102295 9.0
-0.4090000092983246 1.3049999475479126 0.7239999771118164 8.0
-0.4790000021457672 1.3029999732971191 0.7289999723434448 8.0
-0.3149999976158142 1.3029999732971191 0.718999981880188 6.0
-0.375 1.2949999570846558 0.7200000286102295 0.0
-0.4429999887943268 1.3079999685287476 0.7329999804496765 1.0
-0.515999972820282 1.3079999685287476 0.7419999837875366 0.0
-0.3449999988079071 1.3020000457763672 0.722000002861023 1.0
-0.40799999237060547 1.2990000247955322 0.7269999980926514 7.0
-0.4729999899864197 1.2960000038146973 0.734000027179718 8.0
-0.5580000281333923 1.3220000267028809 0.7599999904632568 8.0
-0.37299999594688416 1.2899999618530273 0.718999981880188 5.0
-0.4440000057220459 1.3070000410079956 0.7379999756813049 1.0
-0.5109999775886536 1.305999994277954 0.7480000257492065 0.0
0.0 0.0 0.0 0.0
-0.40799999237060547 1.3020000457763672 0.7300000190734863 1.0
-0.4749999940395355 1.3009999990463257 0.7409999966621399 7.0
-0.5529999732971191 1.3220000267028809 0.765999972820282 11.0
0.0 0.0 0.0 0.0
-0.4399999976158142 1.3009999990463257 0.734000027179718 8.0
-0.5099999904632568 1.3049999475479126 0.75 1.0
0.0 0.0 0.0 0.0
0.0 0.0 0.0 0.0
-0.4740000069141388 1.3029999732971191 0.7409999966621399 1.0
-0.5529999732971191 1.3250000476837158 0.7689999938011169 10.0
0.0 0.0 0.0 0.0
0.0 0.0 0.0 0.0
-0.5059999823570251 1.2990000247955322 0.7440000176429749 7.0
0.0 0.0 0.0 0.0
0.0 0.0 0.0 0.0
0.0 0.0 0.0 0.0
-0.5550000071525574 1.3350000381469727 0.7710000276565552 1.0
0.0 0.0 0.0 0.0
0.0 0.0 0.0 0.0
0.0 0.0 0.0 0.0
-0.5820000171661377 1.315999984741211 0.765999972820282 10.0
0.0 0.0 0.0 0.0
0.0 0.0 0.0 0.0
0.0 0.0 0.0 0.0
0.0 0.0 0.0 0.0
0.0 0.0 0.0 0.0
0.0 0.0 0.0 0.0
0.0 0.0 0.0 1.0
0.0 0.0 0.0 0.0
0.0 0.0 0.0 0.0
0.0 0.0 0.0 0.0
0.0 0.0 0.0 0.0
0.0 0.0 0.0 0.0
0.0 0.0 0.0 0.0
0.0 0.0 0.0 0.0
0.0 0.0 0.0 1.0
0.0 0.0 0.0 0.0
0.0 0.0 0.0 0.0
0.0 0.0 0.0 0.0
0.0 0.0 0.0 0.0
0.0 0.0 0.0 0.0
0.0 0.0 0.0 0.0
0.0 0.0 0.0 0.0
0.0 0.0 0.0 1.0
0.0 0.0 0.0 0.0
0.0 0.0 0.0 0.0
0.0 0.0 0.0 0.0
0.0 0.0 0.0 0.0
0.0 0.0 0.0 0.0
0.0 0.0 0.0 0.0
0.0 0.0 0.0 0.0
0.0 0.0 0.0 1.0
0.0 0.0 0.0 1.0
0.0 0.0 0.0 0.0
0.0 0.0 0.0 0.0
0.0 0.0 0.0 0.0
0.0 0.0 0.0 0.0
0.0 0.0 0.0 0.0
0.0 0.0 0.0 0.0
0.0 0.0 0.0 0.0
0.0 0.0 0.0 1.0
0.0 0.0 0.0 0.0
0.0 0.0 0.0 0.0
-1.7869999408721924 1.7510000467300415 1.4170000553131104 23.0
0.0 0.0 0.0 0.0
0.0 0.0 0.0 0.0
0.0 0.0 0.0 0.0
-1.8209999799728394 1.7029999494552612 1.4179999828338623 26.0
0.0 0.0 0.0 1.0
0.0 0.0 0.0 0.0
-1.8079999685287476 1.8049999475479126 1.4199999570846558 20.0
-1.8539999723434448 1.656000018119812 1.4199999570846558 26.0
0.0 0.0 0.0 0.0
0.0 0.0 0.0 0.0
-1.8359999656677246 1.7489999532699585 1.4129999876022339 26.0
-1.8830000162124634 1.6059999465942383 1.4179999828338623 27.0
0.0 0.0 0.0 1.0
-1.843000054359436 1.850000023841858 1.4190000295639038 17.0
-1.8799999952316284 1.7120000123977661 1.4199999570846558 17.0
-1.9229999780654907 1.565000057220459 1.4259999990463257 25.0
0.0 0.0 0.0 0.0
-1.8860000371932983 1.8079999685287476 1.4210000038146973 26.0
-1.9119999408721924 1.6619999408721924 1.4190000295639038 19.0
-1.944000005722046 1.5099999904632568 1.4220000505447388 19.0
-1.8919999599456787 1.906000018119812 1.4140000343322754 16.0
-1.9259999990463257 1.7649999856948853 1.4220000505447388 19.0
-1.9450000524520874 1.6150000095367432 1.4190000295639038 27.0
-1.968999981880188 1.4579999446868896 1.4210000038146973 27.0
-1.9429999589920044 1.8700000047683716 1.4199999570846558 25.0
-1.9420000314712524 1.6979999542236328 1.4049999713897705 9.0
-1.9769999980926514 1.565999984741211 1.4179999828338623 26.0
-1.9980000257492065 1.4110000133514404 1.4229999780654907 27.0
-1.9880000352859497 1.8270000219345093 1.4210000038146973 25.0
-2.00600004196167 1.6749999523162842 1.4249999523162842 28.0
-2.009000062942505 1.5180000066757202 1.4199999570846558 27.0
-2.0209999084472656 1.3589999675750732 1.4220000505447388 27.0
-2.0169999599456787 1.7690000534057617 1.4110000133514404 6.0
-2.0380001068115234 1.6239999532699585 1.4220000505447388 27.0
-2.0399999618530273 1.4700000286102295 1.4210000038146973 27.0
-2.0480000972747803 1.3109999895095825 1.4259999990463257 31.0
-2.072000026702881 1.7339999675750732 1.4210000038146973 28.0
-2.072999954223633 1.5750000476837158 1.4220000505447388 29.0
-2.069999933242798 1.4210000038146973 1.4220000505447388 28.0
-2.062999963760376 1.25600004196167 1.4210000038146973 29.0
-2.109999895095825 1.684000015258789 1.4190000295639038 29.0
-2.1089999675750732 1.527999997138977 1.4240000247955322 27.0
-2.0950000286102295 1.36899995803833 1.4199999570846558 28.0
-2.0869998931884766 1.2070000171661377 1.4240000247955322 29.0
-2.1519999504089355 1.6369999647140503 1.4210000038146973 28.0
-2.1429998874664307 1.4780000448226929 1.4249999523162842 28.0
-2.121000051498413 1.3179999589920044 1.4210000038146973 29.0
-2.1050000190734863 1.1540000438690186 1.4229999780654907 27.0
-2.190999984741211 1.5880000591278076 1.4210000038146973 29.0
-2.1610000133514404 1.4190000295639038 1.4170000553131104 33.0
-2.1470000743865967 1.2669999599456787 1.4220000505447388 28.0
-2.117000102996826 1.0989999771118164 1.4190000295639038 29.0
-2.197000026702881 1.5160000324249268 1.4019999504089355 4.0
-2.203000068664551 1.375 1.4240000247955322 30.0
-2.1710000038146973 1.215999960899353 1.4220000505447388 30.0
-2.1029999256134033 1.0329999923706055 1.3990000486373901 51.0
-2.236999988555908 1.468000054359436 1.4049999713897705 57.0
-2.2320001125335693 1.3220000267028809 1.4240000247955322 29.0
-2.188999891281128 1.1619999408721924 1.4190000295639038 35.0
-2.131999969482422 0.9879999756813049 1.4079999923706055 54.0
-2.2960000038146973 1.430999994277954 1.4199999570846558 29.0
-2.26200008392334 1.2710000276565552 1.4259999990463257 29.0
-2.1619999408721924 1.0850000381469727 1.3890000581741333 92.0
-2.171999931335449 0.9480000138282776 1.4240000247955322 37.0
-2.322000026702881 1.3730000257492065 1.4160000085830688 32.0
-2.2860000133514404 1.215999960899353 1.4249999523162842 29.0
-2.1470000743865967 1.0169999599456787 1.3669999837875366 36.0
-2.180999994277954 0.8939999938011169 1.4220000505447388 31.0
-2.361999988555908 1.3229999542236328 1.4210000038146973 32.0
-2.252000093460083 1.1319999694824219 1.3890000581741333 113.0
-2.2060000896453857 0.9850000143051147 1.3930000066757202 52.0
-2.190000057220459 0.8410000205039978 1.4199999570846558 35.0
-2.3910000324249268 1.2669999599456787 1.4199999570846558 29.0
-2.2820000648498535 1.0820000171661377 1.3930000066757202 52.0
-2.259999990463257 0.9480000138282776 1.4160000085830688 16.0
-2.2019999027252197 0.7900000214576721 1.4210000038146973 37.0
-2.4240000247955322 1.2130000591278076 1.4220000505447388 26.0
-2.3580000400543213 1.0529999732971191 1.4259999990463257 31.0
-2.263000011444092 0.8889999985694885 1.4079999923706055 24.0
-2.2109999656677246 0.7379999756813049 1.4199999570846558 41.0
-2.450000047683716 1.1540000438690186 1.4210000038146973 27.0
-2.2179999351501465 0.9300000071525574 1.3289999961853027 7.0
-2.252000093460083 0.8270000219345093 1.3930000066757202 22.0
-2.2239999771118164 0.6880000233650208 1.4229999780654907 40.0
-2.3469998836517334 1.0390000343322754 1.347000002861023 88.0
-2.2160000801086426 0.8690000176429749 1.3170000314712524 3.0
-2.246000051498413 0.7670000195503235 1.38100004196167 16.0
-2.2339999675750732 0.6370000243186951 1.4249999523162842 18.0
-2.2160000801086426 0.9200000166893005 1.2589999437332153 5.0
-2.2260000705718994 0.8140000104904175 1.312999963760376 3.0
-2.234999895095825 0.7080000042915344 1.3669999837875366 13.0
0.0 0.0 0.0 0.0
-2.2149999141693115 0.859000027179718 1.246999979019165 3.0
-2.2179999351501465 0.7540000081062317 1.2990000247955322 6.0
-2.2300000190734863 0.6510000228881836 1.3569999933242798 7.0
0.0 0.0 0.0 0.0
-2.2239999771118164 0.8019999861717224 1.2410000562667847 3.0
-2.2260000705718994 0.699999988079071 1.2960000038146973 0.0
0.0 0.0 0.0 0.0
0.0 0.0 0.0 0.0
-2.2149999141693115 0.7409999966621399 1.2259999513626099 7.0
-2.2300000190734863 0.6449999809265137 1.2910000085830688 3.0
0.0 0.0 0.0 0.0
0.0 0.0 0.0 0.0
-2.2230000495910645 0.6850000023841858 1.222000002861023 7.0
-2.2320001125335693 0.5899999737739563 1.284999966621399 3.0
0.0 0.0 0.0 0.0
0.0 0.0 0.0 0.0
-2.2260000705718994 0.6290000081062317 1.215000033378601 9.0
0.0 0.0 0.0 0.0
0.0 0.0 0.0 0.0
0.0 0.0 0.0 0.0
-2.2170000076293945 0.5709999799728394 1.2029999494552612 6.0
-0.0860000029206276 0.017999999225139618 0.04899999871850014 0.0
0.0 0.0 0.0 0.0
0.0 0.0 0.0 0.0
0.0 0.0 0.0 0.0
0.0 0.0 0.0 0.0
0.0 0.0 0.0 0.0
0.0 0.0 0.0 0.0
0.0 0.0 0.0 0.0
-0.08799999952316284 0.014000000432133675 0.05000000074505806 0.0
0.0 0.0 0.0 0.0
0.0 0.0 0.0 0.0
-2.4539999961853027 0.4490000009536743 1.312999963760376 4.0
0.0 0.0 0.0 0.0
0.0 0.0 0.0 0.0
0.0 0.0 0.0 0.0
-2.6740000247955322 0.42399999499320984 1.4259999990463257 0.0
-0.0860000029206276 0.009999999776482582 0.04800000041723251 0.0
0.0 0.0 0.0 0.0
0.0 0.0 0.0 0.0
-2.697999954223633 0.3630000054836273 1.434000015258789 0.0
0.0 0.0 0.0 0.0
0.0 0.0 0.0 0.0
0.0 0.0 0.0 0.0
-2.7070000171661377 0.2980000078678131 1.4359999895095825 2.0
-0.0860000029206276 0.006000000052154064 0.04899999871850014 0.0
0.0 0.0 0.0 0.0
0.0 0.0 0.0 0.0
-2.691999912261963 0.23199999332427979 1.4259999990463257 3.0
-2.5390000343322754 0.1289999932050705 1.430999994277954 0.0
-0.10100000351667404 0.0010000000474974513 0.05999999865889549 0.0
0.0 0.0 0.0 0.0
-2.7039999961853027 0.1679999977350235 1.430999994277954 5.0
0.0 0.0 0.0 0.0
0.0 0.0 0.0 0.0
0.0 0.0 0.0 0.0
-2.697999954223633 0.10400000214576721 1.4270000457763672 0.0
-0.10400000214576721 0.0 0.05900000035762787 0.0
0.0 0.0 0.0 0.0
0.0 0.0 0.0 0.0
0.0 0.0 0.0 0.0
-1.9170000553131104 -0.03500000014901161 1.0839999914169312 0.0
-2.072000026702881 -0.10999999940395355 1.25 5.0
0.0 0.0 0.0 0.0
-0.08799999952316284 0.0 0.04600000008940697 0.0
-1.9490000009536743 -0.07999999821186066 1.1039999723434448 15.0
0.0 0.0 0.0 0.0
0.0 0.0 0.0 0.0
-1.934000015258789 -0.06300000101327896 1.024999976158142 15.0
0.0 0.0 0.0 0.0
0.0 0.0 0.0 0.0
0.0 0.0 0.0 0.0
-1.9329999685287476 -0.10899999737739563 1.0269999504089355 11.0
-0.08900000154972076 -0.007000000216066837 0.05000000074505806 0.0
0.0 0.0 0.0 0.0
0.0 0.0 0.0 0.0
-1.9459999799728394 -0.15700000524520874 1.0360000133514404 1.0
0.0 0.0 0.0 0.0
0.0 0.0 0.0 0.0
0.0 0.0 0.0 0.0
0.0 0.0 0.0 0.0
0.0 0.0 0.0 0.0
0.0 0.0 0.0 0.0
0.0 0.0 0.0 0.0
0.0 0.0 0.0 0.0
0.0 0.0 0.0 0.0
0.0 0.0 0.0 0.0
0.0 0.0 0.0 0.0
-0.08699999749660492 -0.013000000268220901 0.04699999839067459 0.0
0.0 0.0 0.0 0.0
0.0 0.0 0.0 0.0
0.0 0.0 0.0 0.0
0.0 0.0 0.0 0.0
0.0 0.0 0.0 0.0
0.0 0.0 0.0 0.0
0.0 0.0 0.0 0.0
0.0 0.0 0.0 0.0
-0.08699999749660492 -0.019999999552965164 0.050999999046325684 0.0
0.0 0.0 0.0 0.0
-1.4989999532699585 -0.44200000166893005 1.0260000228881836 33.0
0.0 0.0 0.0 0.0
0.0 0.0 0.0 0.0
0.0 0.0 0.0 0.0
-1.475000023841858 -0.4699999988079071 1.0180000066757202 17.0
0.0 0.0 0.0 0.0
0.0 0.0 0.0 0.0
-1.4880000352859497 -0.4580000042915344 0.9559999704360962 3.0
-1.4259999990463257 -0.4880000054836273 0.9929999709129333 3.0
-1.628000020980835 -0.45399999618530273 0.9070000052452087 3.0
-1.6050000190734863 -0.48899999260902405 0.9649999737739563 4.0
-1.4950000047683716 -0.4970000088214874 0.968999981880188 5.0
-1.3890000581741333 -0.5080000162124634 0.9769999980926514 2.0
-1.5870000123977661 -0.48399999737739563 0.890999972820282 3.0
-1.562000036239624 -0.515999972820282 0.9480000138282776 5.0
-1.430999994277954 -0.5120000243186951 0.9359999895095825 2.0
-1.3700000047683716 -0.5350000262260437 0.9729999899864197 2.0
-1.565999984741211 -0.5189999938011169 0.8880000114440918 3.0
-1.5240000486373901 -0.5419999957084656 0.9340000152587891 4.0
-1.3890000581741333 -0.5320000052452087 0.9179999828338623 2.0
-1.3799999952316284 -0.5720000267028809 0.9900000095367432 1.0
-1.4800000190734863 -0.5299999713897705 0.847000002861023 2.0
-1.4019999504089355 -0.5360000133514404 0.8679999709129333 2.0
-1.3799999952316284 -0.5640000104904175 0.9210000038146973 1.0
-1.4229999780654907 -0.6259999871253967 1.031000018119812 43.0
-1.4010000228881836 -0.5400000214576721 0.8100000023841858 2.0
-1.3830000162124634 -0.5659999847412109 0.8650000095367432 2.0
-1.4859999418258667 -0.6460000276565552 1.003000020980835 12.0
-1.437000036239624 -0.6690000295639038 1.0529999732971191 55.0
-1.7280000448226929 -0.7139999866485596 1.0110000371932983 35.0
-1.3839999437332153 -0.6039999723434448 0.8759999871253967 2.0
-1.4930000305175781 -0.6890000104904175 1.0190000534057617 41.0
-1.4550000429153442 -0.7149999737739563 1.0800000429153442 22.0
-1.7050000429153442 -0.753000020980835 1.0089999437332153 37.0
-1.565000057220459 -0.7260000109672546 1.0019999742507935 34.0
-1.4780000448226929 -0.722000002861023 1.0210000276565552 44.0
-1.878999948501587 -0.9739999771118164 1.409999966621399 20.0
-1.5759999752044678 -0.7419999837875366 0.9449999928474426 3.0
-1.559000015258789 -0.7680000066757202 1.0110000371932983 42.0
-1.4869999885559082 -0.7680000066757202 1.0410000085830688 2.0
-1.878000020980835 -1.0240000486373901 1.4279999732971191 40.0
-1.4709999561309814 -0.7360000014305115 0.8939999938011169 2.0
-1.4900000095367432 -0.7770000100135803 0.9789999723434448 2.0
-1.5859999656677246 -0.8640000224113464 1.125 161.0
-1.8580000400543213 -1.065000057220459 1.4320000410079956 43.0
-1.496000051498413 -0.7950000166893005 0.9229999780654907 2.0
-1.534999966621399 -0.847000002861023 1.0230000019073486 36.0
-1.9789999723434448 -1.1360000371932983 1.4229999780654907 29.0
-1.8329999446868896 -1.1019999980926514 1.430999994277954 41.0
-2.002000093460083 -1.1260000467300415 1.253000020980835 47.0
-2.1070001125335693 -1.2259999513626099 1.4259999990463257 35.0
-1.9529999494552612 -1.1790000200271606 1.4249999523162842 37.0
-1.8079999685287476 -1.1399999856948853 1.4320000410079956 40.0
-2.00600004196167 -1.1929999589920044 1.2760000228881836 25.0
-2.0759999752044678 -1.2730000019073486 1.4259999990463257 35.0
-1.9259999990463257 -1.222000002861023 1.4259999990463257 36.0
-1.777999997138977 -1.1740000247955322 1.4290000200271606 41.0
-2.0390000343322754 -1.2799999713897705 1.319000005722046 95.0
-2.0450000762939453 -1.3200000524520874 1.4279999732971191 36.0
-1.8969999551773071 -1.2630000114440918 1.4270000457763672 36.0
-1.7510000467300415 -1.2100000381469727 1.4290000200271606 40.0
-2.0 -1.3229999542236328 1.315999984741211 150.0
-2.013000011444092 -1.3669999837875366 1.4299999475479126 36.0
-1.8660000562667847 -1.3029999732971191 1.4270000457763672 38.0
-1.725000023841858 -1.246000051498413 1.4299999475479126 32.0
-1.9759999513626099 -1.3760000467300415 1.3250000476837158 150.0
-1.9769999980926514 -1.409999966621399 1.4290000200271606 38.0
-1.8339999914169312 -1.343000054359436 1.4270000457763672 36.0
-1.6950000524520874 -1.2790000438690186 1.4279999732971191 24.0
-1.8669999837875366 -1.36899995803833 1.2769999504089355 44.0
-1.937000036239624 -1.4500000476837158 1.4270000457763672 34.0
-1.7999999523162842 -1.3799999952316284 1.4259999990463257 34.0
-1.6710000038146973 -1.3179999589920044 1.4329999685287476 22.0
-1.819000005722046 -1.4019999504089355 1.2680000066757202 39.0
-1.8890000581741333 -1.4830000400543213 1.4190000295639038 51.0
-1.7690000534057617 -1.4190000295639038 1.4279999732971191 34.0
-1.6369999647140503 -1.347000002861023 1.4279999732971191 13.0
-1.9329999685287476 -1.565999984741211 1.378000020980835 49.0
-1.7059999704360962 -1.4049999713897705 1.3079999685287476 69.0
-1.7350000143051147 -1.4559999704360962 1.4279999732971191 30.0
-1.621999979019165 -1.3930000066757202 1.4420000314712524 2.0
-1.9579999446868896 -1.6649999618530273 1.4259999990463257 28.0
-1.6139999628067017 -1.3930000066757202 1.2640000581741333 27.0
-1.6959999799728394 -1.4889999628067017 1.4240000247955322 22.0
0.0 0.0 0.0 0.0
-1.9170000553131104 -1.7120000123977661 1.4299999475479126 32.0
-1.6519999504089355 -1.49399995803833 1.3220000267028809 150.0
-1.5750000476837158 -1.4459999799728394 1.3509999513626099 22.0
0.0 0.0 0.0 0.0
-1.8530000448226929 -1.7359999418258667 1.4160000085830688 25.0
-1.7369999885559082 -1.6449999809265137 1.4229999780654907 38.0
-1.4589999914169312 -1.399999976158142 1.2790000438690186 8.0
0.0 0.0 0.0 0.0
-1.7699999809265137 -1.7410000562667847 1.3880000114440918 26.0
-1.7050000429153442 -1.690999984741211 1.430999994277954 16.0
0.0 0.0 0.0 0.0
0.0 0.0 0.0 0.0
-1.7039999961853027 -1.7580000162124634 1.371999979019165 2.0
0.0 0.0 0.0 0.0
0.0 0.0 0.0 1.0
0.0 0.0 0.0 0.0
0.0 0.0 0.0 0.0
0.0 0.0 0.0 0.0
0.0 0.0 0.0 0.0
0.0 0.0 0.0 1.0
0.0 0.0 0.0 0.0
0.0 0.0 0.0 0.0
0.0 0.0 0.0 1.0
0.0 0.0 0.0 0.0
0.0 0.0 0.0 0.0
0.0 0.0 0.0 0.0
0.0 0.0 0.0 0.0
0.0 0.0 0.0 1.0
0.0 0.0 0.0 0.0
0.0 0.0 0.0 0.0
0.0 0.0 0.0 0.0
0.0 0.0 0.0 0.0
0.0 0.0 0.0 0.0
0.0 0.0 0.0 0.0
0.0 0.0 0.0 0.0
0.0 0.0 0.0 1.0
0.0 0.0 0.0 0.0
0.0 0.0 0.0 0.0
0.0 0.0 0.0 0.0
0.0 0.0 0.0 0.0
0.0 0.0 0.0 0.0
0.0 0.0 0.0 0.0
0.0 0.0 0.0 0.0
0.0 0.0 0.0 1.0
0.0 0.0 0.0 0.0
0.0 0.0 0.0 0.0
0.0 0.0 0.0 0.0
0.0 0.0 0.0 0.0
0.0 0.0 0.0 0.0
0.0 0.0 0.0 0.0
0.0 0.0 0.0 0.0
0.0 0.0 0.0 0.0
0.0 0.0 0.0 0.0
0.0 0.0 0.0 0.0
0.0 0.0 0.0 0.0
0.0 0.0 0.0 0.0
0.0 0.0 0.0 0.0
0.0 0.0 0.0 0.0
0.0 0.0 0.0 0.0
0.0 0.0 0.0 0.0
0.0 0.0 0.0 0.0
0.0 0.0 0.0 0.0
0.0 0.0 0.0 0.0
0.0 0.0 0.0 0.0
0.0 0.0 0.0 0.0
0.0 0.0 0.0 0.0
0.0 0.0 0.0 0.0
0.0 0.0 0.0 0.0
0.0 0.0 0.0 0.0
0.0 0.0 0.0 0.0
0.0 0.0 0.0 0.0
0.0 0.0 0.0 0.0
0.0 0.0 0.0 0.0
0.0 0.0 0.0 0.0
0.0 0.0 0.0 0.0
0.0 0.0 0.0 0.0
-0.6970000267028809 -1.7170000076293945 1.0850000381469727 1.0
0.0 0.0 0.0 0.0
0.0 0.0 0.0 0.0
0.0 0.0 0.0 0.0
-0.6779999732971191 -1.7899999618530273 1.125 38.0
-0.6729999780654907 -1.7100000381469727 1.13100004196167 27.0
0.0 0.0 0.0 0.0
0.0 0.0 0.0 0.0
-0.6330000162124634 -1.8029999732971191 1.1260000467300415 47.0
-0.6600000262260437 -1.7960000038146973 1.1799999475479126 38.0
0.0 0.0 0.0 0.0
0.0 0.0 0.0 0.0
-0.5849999785423279 -1.8009999990463257 1.11899995803833 46.0
-0.6150000095367432 -1.8009999990463257 1.1759999990463257 48.0
-0.6430000066757202 -1.8009999990463257 1.2330000400543213 29.0
0.0 0.0 0.0 0.0
-0.5379999876022339 -1.8009999990463257 1.1139999628067017 48.0
-0.5699999928474426 -1.8029999732971191 1.1699999570846558 51.0
-0.6000000238418579 -1.8070000410079956 1.2289999723434448 45.0
-0.6290000081062317 -1.7999999523162842 1.2869999408721924 24.0
-0.49399998784065247 -1.809000015258789 1.1150000095367432 49.0
-0.5260000228881836 -1.8079999685287476 1.1679999828338623 47.0
-0.5590000152587891 -1.815000057220459 1.2259999513626099 44.0
-0.5870000123977661 -1.8040000200271606 1.2799999713897705 33.0
-0.4490000009536743 -1.812999963760376 1.1139999628067017 49.0
-0.4819999933242798 -1.8079999685287476 1.1629999876022339 51.0
-0.515999972820282 -1.815999984741211 1.218999981880188 45.0
-0.5450000166893005 -1.8020000457763672 1.2699999809265137 43.0
-0.40400001406669617 -1.8170000314712524 1.1139999628067017 46.0
-0.43799999356269836 -1.8070000410079956 1.156999945640564 51.0
-0.47200000286102295 -1.812999963760376 1.2109999656677246 48.0
-0.5070000290870667 -1.8109999895095825 1.2680000066757202 45.0
0.0 0.0 0.0 0.0
-0.39500001072883606 -1.812000036239624 1.156000018119812 49.0
-0.4309999942779541 -1.819000005722046 1.2089999914169312 48.0
-0.4659999907016754 -1.812999963760376 1.2599999904632568 44.0
-0.15800000727176666 -0.9169999957084656 0.5600000023841858 10.0
-0.35199999809265137 -1.8140000104904175 1.1540000438690186 46.0
-0.3889999985694885 -1.8200000524520874 1.2039999961853027 51.0
-0.4259999990463257 -1.8179999589920044 1.25600004196167 49.0
-0.13199999928474426 -0.8899999856948853 0.5440000295639038 20.0
0.0 0.0 0.0 0.0
-0.34599998593330383 -1.815000057220459 1.1959999799728394 51.0
-0.38499999046325684 -1.815000057220459 1.246999979019165 47.0
-0.10999999940395355 -0.8849999904632568 0.5400000214576721 21.0
-0.12999999523162842 -0.8840000033378601 0.5600000023841858 10.0
0.0 0.0 0.0 0.0
-0.34599998593330383 -1.8200000524520874 1.2450000047683716 47.0
-0.08699999749660492 -0.871999979019165 0.5329999923706055 22.0
-0.10899999737739563 -0.8820000290870667 0.5580000281333923 11.0
-0.12800000607967377 -0.8809999823570251 0.5770000219345093 10.0
0.0 0.0 0.0 0.0
-0.06599999964237213 -0.8690000176429749 0.5320000052452087 22.0
-0.08799999952316284 -0.875 0.5529999732971191 12.0
-0.10700000077486038 -0.871999979019165 0.5699999928474426 10.0
-0.12800000607967377 -0.8769999742507935 0.593999981880188 10.0
-0.04500000178813934 -0.8650000095367432 0.5299999713897705 21.0
-0.06700000166893005 -0.8659999966621399 0.546999990940094 12.0
-0.0860000029206276 -0.859000027179718 0.5600000023841858 10.0
-0.1080000028014183 -0.8679999709129333 0.5860000252723694 11.0
-0.02500000037252903 -0.8579999804496765 0.5270000100135803 21.0
-0.04699999839067459 -0.8560000061988831 0.5410000085830688 13.0
-0.06700000166893005 -0.8579999804496765 0.5590000152587891 11.0
-0.08799999952316284 -0.8560000061988831 0.5759999752044678 15.0
-0.004000000189989805 -0.8489999771118164 0.5230000019073486 21.0
-0.027000000700354576 -0.8489999771118164 0.5370000004768372 13.0
-0.04699999839067459 -0.8460000157356262 0.550000011920929 12.0
-0.0689999982714653 -0.8500000238418579 0.5699999928474426 16.0
0.014999999664723873 -0.8450000286102295 0.5220000147819519 21.0
-0.007000000216066837 -0.8420000076293945 0.5329999923706055 14.0
-0.028999999165534973 -0.843999981880188 0.5490000247955322 13.0
-0.050999999046325684 -0.8500000238418579 0.5680000185966492 18.0
0.03500000014901161 -0.8450000286102295 0.5249999761581421 21.0
0.010999999940395355 -0.8389999866485596 0.5320000052452087 14.0
-0.009999999776482582 -0.8349999785423279 0.5419999957084656 13.0
-0.032999999821186066 -0.8370000123977661 0.5590000152587891 19.0
0.054999999701976776 -0.8429999947547913 0.5260000228881836 21.0
0.029999999329447746 -0.8370000123977661 0.5320000052452087 14.0
0.00800000037997961 -0.8270000219345093 0.5379999876022339 14.0
-0.014999999664723873 -0.8320000171661377 0.5540000200271606 20.0
0.07400000095367432 -0.8410000205039978 0.5270000100135803 21.0
0.04899999871850014 -0.8330000042915344 0.531000018119812 14.0
0.026000000536441803 -0.828000009059906 0.5389999747276306 15.0
0.0020000000949949026 -0.8320000171661377 0.5540000200271606 21.0
0.09399999678134918 -0.8379999995231628 0.527999997138977 21.0
0.06700000166893005 -0.8259999752044678 0.5289999842643738 15.0
0.04399999976158142 -0.8259999752044678 0.5379999876022339 15.0
0.019999999552965164 -0.8230000138282776 0.546999990940094 21.0
0.11400000005960464 -0.8370000123977661 0.531000018119812 21.0
0.08699999749660492 -0.8309999704360962 0.5339999794960022 15.0
0.06199999898672104 -0.8259999752044678 0.5389999747276306 15.0
0.03799999877810478 -0.8259999752044678 0.5490000247955322 21.0
0.1340000033378601 -0.8399999737739563 0.5370000004768372 17.0
0.10599999874830246 -0.8320000171661377 0.5370000004768372 14.0
0.08100000023841858 -0.8259999752044678 0.5400000214576721 16.0
0.054999999701976776 -0.8230000138282776 0.546999990940094 21.0
0.15700000524520874 -0.8550000190734863 0.550000011920929 12.0
0.12600000202655792 -0.8349999785423279 0.5419999957084656 11.0
0.0989999994635582 -0.8230000138282776 0.5400000214576721 15.0
0.0729999989271164 -0.8199999928474426 0.5450000166893005 21.0
0.1850000023841858 -0.8859999775886536 0.574999988079071 9.0
0.1459999978542328 -0.8420000076293945 0.5490000247955322 10.0
0.11800000071525574 -0.8299999833106995 0.5460000038146973 11.0
0.09099999815225601 -0.8230000138282776 0.546999990940094 21.0
0.2160000056028366 -0.9300000071525574 0.6079999804496765 5.0
0.17100000381469727 -0.8690000176429749 0.5699999928474426 7.0
0.13899999856948853 -0.8399999737739563 0.5550000071525574 10.0
0.10899999737739563 -0.8270000219345093 0.5509999990463257 20.0
0.24699999392032623 -0.9610000252723694 0.6340000033378601 6.0
0.2150000035762787 -0.9710000157356262 0.640999972820282 3.0
0.16200000047683716 -0.8600000143051147 0.5699999928474426 7.0
0.12800000607967377 -0.8309999704360962 0.5540000200271606 12.0
0.28200000524520874 -0.996999979019165 0.6650000214576721 5.0
0.23899999260902405 -0.9779999852180481 0.6499999761581421 4.0
0.1889999955892563 -0.8939999938011169 0.5950000286102295 2.0
0.14900000393390656 -0.843999981880188 0.5640000104904175 12.0
0.578000009059906 -1.878000020980835 1.2649999856948853 5.0
0.2669999897480011 -0.9919999837875366 0.6650000214576721 5.0
0.23499999940395355 -1.0010000467300415 0.6700000166893005 1.0
0.17499999701976776 -0.8790000081062317 0.5899999737739563 7.0
0.4230000078678131 -1.2680000066757202 0.8629999756813049 31.0
0.5519999861717224 -1.88100004196167 1.2710000276565552 7.0
0.25999999046325684 -1.0069999694824219 0.6779999732971191 4.0
0.4020000100135803 -1.809999942779541 1.218000054359436 3.0
0.4819999933242798 -1.340000033378601 0.9229999780654907 6.0
0.41100001335144043 -1.2910000085830688 0.8799999952316284 3.0
0.28200000524520874 -1.0019999742507935 0.6790000200271606 1.0
0.0 0.0 0.0 0.0
0.593999981880188 -1.5390000343322754 1.0729999542236328 59.0
0.43700000643730164 -1.2719999551773071 0.8759999871253967 9.0
0.574999988079071 -1.8799999952316284 1.281999945640564 4.0
0.27000001072883606 -1.0089999437332153 0.6840000152587891 4.0
0.6100000143051147 -1.4789999723434448 1.0440000295639038 25.0
0.550000011920929 -1.4919999837875366 1.0369999408721924 11.0
0.42100000381469727 -1.2760000228881836 0.8769999742507935 79.0
0.5479999780654907 -1.8819999694824219 1.281999945640564 8.0
0.6389999985694885 -1.4529999494552612 1.0390000343322754 7.0
0.6000000238418579 -1.5199999809265137 1.0670000314712524 30.0
0.460999995470047 -1.2999999523162842 0.8999999761581421 8.0
0.414000004529953 -1.312999963760376 0.8989999890327454 2.0
0.6710000038146973 -1.434999942779541 1.0399999618530273 7.0
0.6169999837875366 -1.465999960899353 1.0399999618530273 23.0
0.5920000076293945 -1.5570000410079956 1.0870000123977661 9.0
0.4300000071525574 -1.2669999599456787 0.871999979019165 36.0
0.7039999961853027 -1.4199999570846558 1.0440000295639038 2.0
0.6480000019073486 -1.4470000267028809 1.0390000343322754 6.0
0.6079999804496765 -1.4980000257492065 1.0549999475479126 21.0
0.5189999938011169 -1.4279999732971191 0.9890000224113464 8.0
0.6690000295639038 -1.2740000486373901 0.9509999752044678 2.0
0.6790000200271606 -1.4290000200271606 1.0390000343322754 6.0
0.6290000081062317 -1.4570000171661377 1.0360000133514404 11.0
0.597000002861023 -1.5360000133514404 1.0720000267028809 43.0
0.7049999833106995 -1.2699999809265137 0.9629999995231628 6.0
0.703000009059906 -1.3969999551773071 1.027999997138977 1.0
0.6639999747276306 -1.4479999542236328 1.0399999618530273 7.0
0.6150000095367432 -1.4859999418258667 1.0440000295639038 24.0
0.7160000205039978 -1.2230000495910645 0.9430000185966492 14.0
0.6679999828338623 -1.2549999952316284 0.9359999895095825 5.0
0.703000009059906 -1.4470000267028809 1.0499999523162842 4.0
0.6470000147819519 -1.4700000286102295 1.0410000085830688 7.0
0.7409999966621399 -1.2029999494552612 0.9430000185966492 8.0
0.7039999961853027 -1.2549999952316284 0.9490000009536743 8.0
0.6700000166893005 -1.3040000200271606 0.9580000042915344 2.0
0.6790000200271606 -1.4559999704360962 1.0399999618530273 7.0
0.7720000147819519 -1.190999984741211 0.949999988079071 3.0
0.722000002861023 -1.2209999561309814 0.9369999766349792 18.0
0.6759999990463257 -1.246999979019165 0.9269999861717224 9.0
0.0 0.0 0.0 0.0
0.7820000052452087 -1.1480000019073486 0.9330000281333923 3.0
0.753000020980835 -1.2109999656677246 0.9440000057220459 4.0
0.7129999995231628 -1.2489999532699585 0.9399999976158142 23.0
0.6679999828338623 -1.281000018119812 0.9319999814033508 1.0
0.7889999747276306 -1.1030000448226929 0.9139999747276306 4.0
0.7789999842643738 -1.1929999589920044 0.9440000057220459 3.0
0.7429999709129333 -1.2359999418258667 0.9419999718666077 1.0
0.6859999895095825 -1.2489999532699585 0.9179999828338623 8.0
0.8149999976158142 -1.0870000123977661 0.9190000295639038 13.0
0.7799999713897705 -1.1360000371932983 0.9150000214576721 13.0
0.7870000004768372 -1.246000051498413 0.9629999995231628 4.0
0.7210000157356262 -1.2450000047683716 0.9259999990463257 14.0
0.8460000157356262 -1.0759999752044678 0.9279999732971191 10.0
0.796999990940094 -1.1080000400543213 0.9079999923706055 0.0
0.7749999761581421 -1.1690000295639038 0.9160000085830688 16.0
0.7670000195503235 -1.2599999904632568 0.9480000138282776 10.0
0.8840000033378601 -1.0729999542236328 0.9459999799728394 1.0
0.8299999833106995 -1.1009999513626099 0.9179999828338623 7.0
0.7950000166893005 -1.1419999599456787 0.9089999794960022 1.0
0.7689999938011169 -1.2029999494552612 0.9160000085830688 16.0
0.9169999957084656 -1.0640000104904175 0.9580000042915344 2.0
0.8539999723434448 -1.0820000171661377 0.9200000166893005 41.0
0.8040000200271606 -1.1019999980926514 0.890999972820282 5.0
0.7789999842643738 -1.159999966621399 0.8949999809265137 26.0
1.0130000114440918 -1.1230000257492065 1.034999966621399 4.0
0.8889999985694885 -1.0750000476837158 0.9319999814033508 8.0
0.8460000157356262 -1.1069999933242798 0.9110000133514404 0.0
0.7879999876022339 -1.11899995803833 0.875 0.0
1.034999966621399 -1.0959999561309814 1.034999966621399 6.0
0.9300000071525574 -1.0750000476837158 0.9509999752044678 11.0
0.859000027179718 -1.0740000009536743 0.8989999890327454 37.0
0.8100000023841858 -1.0989999771118164 0.871999979019165 4.0
1.062000036239624 -1.0750000476837158 1.0410000085830688 20.0
1.0260000228881836 -1.1339999437332153 1.024999976158142 12.0
0.9079999923706055 -1.0839999914169312 0.9240000247955322 9.0
0.8479999899864197 -1.097000002861023 0.8840000033378601 18.0
1.1670000553131104 -1.1299999952316284 1.121999979019165 95.0
1.0509999990463257 -1.1100000143051147 1.0260000228881836 26.0
0.9419999718666077 -1.0750000476837158 0.9350000023841858 30.0
0.8769999742507935 -1.0829999446868896 0.8870000243186951 10.0
1.2890000343322754 -1.1929999589920044 1.215999960899353 46.0
1.0820000171661377 -1.093000054359436 1.034000039100647 17.0
1.00600004196167 -1.0980000495910645 0.9739999771118164 0.0
0.9369999766349792 -1.1069999933242798 0.921999990940094 6.0
1.2929999828338623 -1.1430000066757202 1.1990000009536743 52.0
1.274999976158142 -1.2319999933242798 1.1929999589920044 15.0
1.0299999713897705 -1.0750000476837158 0.9729999899864197 8.0
1.0049999952316284 -1.1339999437332153 0.9620000123977661 6.0
1.2949999570846558 -1.0950000286102295 1.180999994277954 52.0
1.2899999618530273 -1.190999984741211 1.184000015258789 50.0
1.25600004196167 -1.253999948501587 1.1610000133514404 11.0
1.00600004196167 -1.0859999656677246 0.9380000233650208 4.0
1.2970000505447388 -1.0479999780654907 1.1649999618530273 51.0
1.2910000085830688 -1.1399999856948853 1.1629999876022339 53.0
1.284999966621399 -1.2269999980926514 1.1619999408721924 19.0
1.2389999628067017 -1.2790000438690186 1.1269999742507935 27.0
1.3029999732971191 -1.00600004196167 1.1540000438690186 59.0
1.2949999570846558 -1.093000054359436 1.1460000276565552 50.0
1.2899999618530273 -1.1770000457763672 1.1419999599456787 50.0
1.2899999618530273 -1.2730000019073486 1.1460000276565552 8.0
1.3040000200271606 -0.9610000252723694 1.1380000114440918 55.0
1.2990000247955322 -1.0470000505447388 1.1299999952316284 53.0
1.2970000505447388 -1.13100004196167 1.1260000467300415 47.0
1.2829999923706055 -1.2089999914169312 1.1130000352859497 42.0
1.3070000410079956 -0.9190000295639038 1.1260000467300415 50.0
1.305999994277954 -1.00600004196167 1.1180000305175781 56.0
1.3020000457763672 -1.0850000381469727 1.1089999675750732 59.0
1.2890000343322754 -1.1619999408721924 1.093999981880188 48.0
1.309000015258789 -0.878000020980835 1.1139999628067017 57.0
1.305999994277954 -0.9610000252723694 1.1009999513626099 55.0
1.3029999732971191 -1.0379999876022339 1.090000033378601 54.0
1.2920000553131104 -1.1119999885559082 1.0729999542236328 56.0
1.312000036239624 -0.8379999995231628 1.1030000448226929 50.0
1.3079999685287476 -0.9179999828338623 1.0859999656677246 60.0
1.309000015258789 -0.9950000047683716 1.0759999752044678 60.0
1.3009999990463257 -1.0700000524520874 1.059000015258789 57.0
1.3170000314712524 -0.8009999990463257 1.0950000286102295 55.0
1.312000036239624 -0.878000020980835 1.0740000009536743 52.0
1.3109999895095825 -0.9509999752044678 1.059999942779541 57.0
1.305999994277954 -1.0260000228881836 1.0429999828338623 56.0
1.3179999589920044 -0.7620000243186951 1.0839999914169312 51.0
1.3140000104904175 -0.8370000123977661 1.062000036239624 52.0
1.312000036239624 -0.9079999923706055 1.0440000295639038 58.0
1.3040000200271606 -0.9769999980926514 1.0219999551773071 59.0
1.3200000524520874 -0.7250000238418579 1.0759999752044678 53.0
1.3179999589920044 -0.800000011920929 1.0529999732971191 59.0
1.3170000314712524 -0.8679999709129333 1.0329999923706055 57.0
1.309999942779541 -0.9350000023841858 1.0080000162124634 56.0
1.3229999542236328 -0.6890000104904175 1.0679999589920044 11.0
1.3200000524520874 -0.7609999775886536 1.0410000085830688 58.0
1.3200000524520874 -0.828000009059906 1.0199999809265137 63.0
1.312999963760376 -0.8939999938011169 0.9940000176429749 61.0
1.3650000095367432 -0.6729999780654907 1.0920000076293945 26.0
1.3209999799728394 -0.7229999899864197 1.031000018119812 54.0
1.3229999542236328 -0.7889999747276306 1.0089999437332153 60.0
1.315000057220459 -0.8519999980926514 0.9789999723434448 64.0
1.4049999713897705 -0.6549999713897705 1.1160000562667847 42.0
1.3250000476837158 -0.6869999766349792 1.0230000019073486 10.0
1.3229999542236328 -0.7490000128746033 0.9950000047683716 67.0
1.315999984741211 -0.8100000023841858 0.9649999737739563 63.0
1.4539999961853027 -0.6389999985694885 1.1460000276565552 44.0
1.3700000047683716 -0.671999990940094 1.0479999780654907 33.0
1.3250000476837158 -0.7120000123977661 0.9850000143051147 43.0
1.319000005722046 -0.7720000147819519 0.953000009059906 63.0
1.5010000467300415 -0.6209999918937683 1.1740000247955322 41.0
1.4110000133514404 -0.6539999842643738 1.069000005722046 45.0
1.3300000429153442 -0.6759999990463257 0.9769999980926514 8.0
1.3229999542236328 -0.734000027179718 0.9419999718666077 68.0
1.5520000457763672 -0.6029999852180481 1.2070000171661377 39.0
1.4609999656677246 -0.6380000114440918 1.097000002861023 45.0
1.3860000371932983 -0.6660000085830688 1.0069999694824219 47.0
1.3250000476837158 -0.6959999799728394 0.9319999814033508 16.0
1.6119999885559082 -0.5860000252723694 1.246000051498413 38.0
1.50600004196167 -0.6190000176429749 1.121999979019165 43.0
1.4290000200271606 -0.6470000147819519 1.027999997138977 46.0
1.3669999837875366 -0.6779999732971191 0.9490000009536743 33.0
1.753000020980835 -0.5950000286102295 1.3480000495910645 20.0
1.559000015258789 -0.6000000238418579 1.1519999504089355 40.0
1.4759999513626099 -0.6290000081062317 1.0509999990463257 44.0
1.409999966621399 -0.6589999794960022 0.9670000076293945 51.0
1.809999942779541 -0.5709999799728394 1.3849999904632568 11.0
1.6109999418258667 -0.5799999833106995 1.1829999685287476 29.0
1.531999945640564 -0.6119999885559082 1.0809999704360962 44.0
1.4620000123977661 -0.6430000066757202 0.9909999966621399 47.0
1.8389999866485596 -0.5360000133514404 1.4010000228881836 33.0
1.6790000200271606 -0.5619999766349792 1.2239999771118164 38.0
1.5789999961853027 -0.5899999737739563 1.1059999465942383 39.0
1.5049999952316284 -0.6209999918937683 1.0089999437332153 42.0
1.843999981880188 -0.4950000047683716 1.399999976158142 34.0
1.8380000591278076 -0.5709999799728394 1.3320000171661377 150.0
1.6410000324249268 -0.5709999799728394 1.1399999856948853 39.0
1.562999963760376 -0.6039999723434448 1.0379999876022339 45.0
1.8509999513626099 -0.45399999618530273 1.399999976158142 35.0
1.9429999589920044 -0.5569999814033508 1.4010000228881836 35.0
1.7029999494552612 -0.550000011920929 1.1740000247955322 43.0
1.6200000047683716 -0.5830000042915344 1.065000057220459 28.0
1.8550000190734863 -0.4129999876022339 1.3980000019073486 35.0
1.9520000219345093 -0.5130000114440918 1.399999976158142 35.0
1.8289999961853027 -0.5450000166893005 1.2519999742507935 150.0
1.6759999990463257 -0.5600000023841858 1.093000054359436 42.0
1.8580000400543213 -0.3709999918937683 1.3969999551773071 37.0
1.9600000381469727 -0.4690000116825104 1.399999976158142 38.0
2.065000057220459 -0.5649999976158142 1.4049999713897705 41.0
1.746999979019165 -0.5389999747276306 1.1299999952316284 44.0
1.8619999885559082 -0.3310000002384186 1.3969999551773071 37.0
1.965999960899353 -0.42500001192092896 1.3980000019073486 39.0
2.0759999752044678 -0.5180000066757202 1.4040000438690186 42.0
2.181999921798706 -0.6179999709129333 1.399999976158142 49.0
1.8639999628067017 -0.28999999165534973 1.3969999551773071 37.0
1.9709999561309814 -0.3799999952316284 1.3969999551773071 36.0
2.0869998931884766 -0.47099998593330383 1.4049999713897705 42.0
2.2039999961853027 -0.5699999928474426 1.4049999713897705 39.0
1.86899995803833 -0.25 1.3980000019073486 37.0
1.9759999513626099 -0.335999995470047 1.3969999551773071 35.0
2.0969998836517334 -0.4230000078678131 1.4049999713897705 42.0
2.2079999446868896 -0.515999972820282 1.3990000486373901 34.0
1.8700000047683716 -0.20900000631809235 1.3980000019073486 38.0
1.9809999465942383 -0.2919999957084656 1.3969999551773071 34.0
2.1019999980926514 -0.375 1.402999997138977 36.0
2.2200000286102295 -0.4650000035762787 1.3980000019073486 35.0
1.8700000047683716 -0.16899999976158142 1.3980000019073486 37.0
1.9830000400543213 -0.24799999594688416 1.3949999809265137 35.0
2.1080000400543213 -0.3269999921321869 1.4019999504089355 38.0
2.2360000610351562 -0.414000004529953 1.4010000228881836 35.0
1.8700000047683716 -0.1289999932050705 1.3980000019073486 39.0
1.9850000143051147 -0.20399999618530273 1.3949999809265137 35.0
2.118000030517578 -0.2800000011920929 1.4040000438690186 41.0
2.242000102996826 -0.3610000014305115 1.3990000486373901 30.0
1.8700000047683716 -0.08900000154972076 1.3980000019073486 40.0
1.9869999885559082 -0.1599999964237213 1.3940000534057617 37.0
2.122999906539917 -0.23100000619888306 1.4040000438690186 41.0
2.253999948501587 -0.3100000023841858 1.399999976158142 34.0
1.8700000047683716 -0.04800000041723251 1.399999976158142 39.0
1.9889999628067017 -0.11599999666213989 1.3949999809265137 36.0
2.122999906539917 -0.18299999833106995 1.4019999504089355 39.0
2.263000011444092 -0.25699999928474426 1.4019999504089355 36.0
1.8639999628067017 -0.008999999612569809 1.3969999551773071 40.0
1.9900000095367432 -0.07199999690055847 1.3960000276565552 35.0
2.130000114440918 -0.13500000536441803 1.4049999713897705 43.0
2.2660000324249268 -0.20399999618530273 1.399999976158142 35.0
1.8630000352859497 0.029999999329447746 1.3980000019073486 40.0
1.9889999628067017 -0.02800000086426735 1.3960000276565552 37.0
2.128000020980835 -0.0860000029206276 1.4019999504089355 37.0
2.2699999809265137 -0.1509999930858612 1.3990000486373901 34.0
1.8609999418258667 0.07000000029802322 1.3990000486373901 40.0
1.9889999628067017 0.014999999664723873 1.3969999551773071 37.0
2.128000020980835 -0.03799999877810478 1.4010000228881836 40.0
2.2760000228881836 -0.09799999743700027 1.4010000228881836 36.0
1.8530000448226929 0.10899999737739563 1.3969999551773071 38.0
1.9859999418258667 0.057999998331069946 1.3969999551773071 36.0
2.128000020980835 0.009999999776482582 1.4019999504089355 40.0
2.2750000953674316 -0.04399999976158142 1.3990000486373901 32.0
1.8489999771118164 0.14800000190734863 1.3980000019073486 37.0
1.9839999675750732 0.10199999809265137 1.3980000019073486 36.0
2.127000093460083 0.057999998331069946 1.4019999504089355 40.0
2.2760000228881836 0.00800000037997961 1.3990000486373901 34.0
1.843999981880188 0.18700000643730164 1.3990000486373901 40.0
1.9819999933242798 0.1459999978542328 1.3990000486373901 37.0
2.125 0.10599999874830246 1.402999997138977 40.0
2.2790000438690186 0.06199999898672104 1.4019999504089355 38.0
1.8370000123977661 0.22599999606609344 1.3990000486373901 36.0
1.9739999771118164 0.1889999955892563 1.3980000019073486 38.0
2.121000051498413 0.1550000011920929 1.402999997138977 38.0
2.2760000228881836 0.11500000208616257 1.4010000228881836 37.0
1.8300000429153442 0.2639999985694885 1.3990000486373901 36.0
1.968999981880188 0.23199999332427979 1.3990000486373901 38.0
2.118000030517578 0.2029999941587448 1.4040000438690186 37.0
2.2690000534057617 0.16899999976158142 1.3990000486373901 34.0
1.8209999799728394 0.3019999861717224 1.3980000019073486 31.0
1.9630000591278076 0.2759999930858612 1.3990000486373901 38.0
2.1070001125335693 0.25099998712539673 1.4010000228881836 40.0
2.2679998874664307 0.22300000488758087 1.4010000228881836 38.0
1.812999963760376 0.3400000035762787 1.3990000486373901 38.0
1.9500000476837158 0.3179999887943268 1.3960000276565552 41.0
2.1010000705718994 0.29899999499320984 1.4019999504089355 43.0
2.257999897003174 0.2750000059604645 1.3990000486373901 27.0
1.8029999732971191 0.3779999911785126 1.3990000486373901 37.0
1.9420000314712524 0.36000001430511475 1.3969999551773071 42.0
2.0929999351501465 0.34599998593330383 1.402999997138977 42.0
2.255000114440918 0.32899999618530273 1.4019999504089355 40.0
1.7940000295639038 0.41600000858306885 1.3990000486373901 38.0
1.9329999685287476 0.40299999713897705 1.3980000019073486 40.0
2.0840001106262207 0.39399999380111694 1.402999997138977 43.0
2.24399995803833 0.38199999928474426 1.4010000228881836 40.0
1.784999966621399 0.453000009059906 1.399999976158142 37.0
1.9220000505447388 0.4449999928474426 1.3969999551773071 39.0
2.0739998817443848 0.44200000166893005 1.4040000438690186 43.0
2.2360000610351562 0.4359999895095825 1.402999997138977 37.0
1.7710000276565552 0.48899999260902405 1.3990000486373901 34.0
1.9129999876022339 0.4869999885559082 1.3990000486373901 41.0
2.062999963760376 0.48899999260902405 1.4040000438690186 44.0
2.2260000705718994 0.4880000054836273 1.402999997138977 39.0
1.7599999904632568 0.5260000228881836 1.3990000486373901 34.0
1.8990000486373901 0.5289999842643738 1.3990000486373901 39.0
2.049999952316284 0.5350000262260437 1.4040000438690186 40.0
2.2130000591278076 0.5410000085830688 1.402999997138977 38.0
1.7510000467300415 0.5640000104904175 1.4019999504089355 32.0
1.8830000162124634 0.5690000057220459 1.3960000276565552 35.0
2.0369999408721924 0.5820000171661377 1.4049999713897705 41.0
2.191999912261963 0.5910000205039978 1.399999976158142 32.0
1.7330000400543213 0.5989999771118164 1.3990000486373901 31.0
1.86899995803833 0.6100000143051147 1.3969999551773071 35.0
2.0220000743865967 0.628000020980835 1.4049999713897705 37.0
2.178999900817871 0.6430000066757202 1.4010000228881836 32.0
1.7230000495910645 0.6359999775886536 1.4019999504089355 32.0
1.8550000190734863 0.6510000228881836 1.3980000019073486 34.0
2.003000020980835 0.6729999780654907 1.4040000438690186 35.0
2.1600000858306885 0.6940000057220459 1.399999976158142 31.0
1.7059999704360962 0.6710000038146973 1.4010000228881836 31.0
1.8389999866485596 0.6909999847412109 1.3980000019073486 27.0
1.9800000190734863 0.7160000205039978 1.3990000486373901 26.0
2.1429998874664307 0.7450000047683716 1.4019999504089355 29.0
1.690999984741211 0.7059999704360962 1.4010000228881836 31.0
1.8289999961853027 0.734000027179718 1.402999997138977 29.0
1.9630000591278076 0.7609999775886536 1.399999976158142 25.0
2.11899995803833 0.7940000295639038 1.3990000486373901 25.0
1.6770000457763672 0.7419999837875366 1.4019999504089355 28.0
1.8079999685287476 0.7710000276565552 1.399999976158142 24.0
1.944000005722046 0.8050000071525574 1.4010000228881836 24.0
2.0989999771118164 0.843999981880188 1.399999976158142 25.0
1.6610000133514404 0.7760000228881836 1.402999997138977 28.0
1.7899999618530273 0.8109999895095825 1.4010000228881836 24.0
1.9259999990463257 0.8500000238418579 1.402999997138977 25.0
2.078000068664551 0.8930000066757202 1.4010000228881836 25.0
1.6430000066757202 0.8109999895095825 1.4019999504089355 25.0
1.7690000534057617 0.8489999771118164 1.399999976158142 26.0
1.9049999713897705 0.8930000066757202 1.4019999504089355 23.0
2.052999973297119 0.9409999847412109 1.399999976158142 22.0
1.6239999532699585 0.843999981880188 1.4019999504089355 25.0
1.75 0.8880000114440918 1.4010000228881836 22.0
1.8830000162124634 0.9359999895095825 1.402999997138977 21.0
2.0309998989105225 0.9900000095367432 1.4019999504089355 23.0
1.6069999933242798 0.878000020980835 1.4019999504089355 24.0
1.7280000448226929 0.9240000247955322 1.399999976158142 22.0
1.8580000400543213 0.9769999980926514 1.4019999504089355 22.0
2.005000114440918 1.0369999408721924 1.4019999504089355 21.0
1.5859999656677246 0.9100000262260437 1.4010000228881836 25.0
1.7079999446868896 0.9620000123977661 1.4010000228881836 21.0
1.8339999914169312 1.0190000534057617 1.402999997138977 22.0
1.9780000448226929 1.0839999914169312 1.402999997138977 21.0
1.5670000314712524 0.9440000057220459 1.4019999504089355 22.0
1.6859999895095825 1.0 1.4019999504089355 21.0
1.809000015258789 1.059999942779541 1.402999997138977 22.0
1.9509999752044678 1.13100004196167 1.4049999713897705 21.0
1.5509999990463257 0.9779999852180481 1.406000018119812 18.0
1.659000039100647 1.034000039100647 1.3990000486373901 22.0
1.784000039100647 1.1019999980926514 1.4040000438690186 20.0
1.9220000505447388 1.1759999990463257 1.4049999713897705 21.0
1.527999997138977 1.0099999904632568 1.4040000438690186 17.0
1.6349999904632568 1.0700000524520874 1.3990000486373901 21.0
1.75600004196167 1.1410000324249268 1.4040000438690186 20.0
1.8910000324249268 1.2209999561309814 1.4049999713897705 22.0
1.5049999952316284 1.0399999618530273 1.402999997138977 26.0
1.6150000095367432 1.1080000400543213 1.402999997138977 21.0
1.7269999980926514 1.1790000200271606 1.402999997138977 20.0
1.8580000400543213 1.2630000114440918 1.4049999713897705 20.0
1.4830000400543213 1.0709999799728394 1.402999997138977 26.0
1.5889999866485596 1.1419999599456787 1.4019999504089355 21.0
1.6959999799728394 1.215999960899353 1.4019999504089355 20.0
1.8250000476837158 1.305999994277954 1.4049999713897705 21.0
1.4600000381469727 1.1019999980926514 1.402999997138977 25.0
1.5640000104904175 1.1770000457763672 1.4040000438690186 18.0
1.6699999570846558 1.25600004196167 1.4049999713897705 21.0
1.7920000553131104 1.3480000495910645 1.406000018119812 22.0
1.437000036239624 1.1319999694824219 1.402999997138977 26.0
1.5329999923706055 1.2070000171661377 1.399999976158142 18.0
1.6419999599456787 1.2960000038146973 1.4079999923706055 21.0
1.7599999904632568 1.3919999599456787 1.409999966621399 22.0
1.4149999618530273 1.1640000343322754 1.4049999713897705 27.0
1.50600004196167 1.2410000562667847 1.4010000228881836 22.0
1.6080000400543213 1.3300000429153442 1.406000018119812 23.0
1.722000002861023 1.4299999475479126 1.409000039100647 22.0
1.3880000114440918 1.190999984741211 1.4019999504089355 25.0
1.4759999513626099 1.2719999551773071 1.399999976158142 26.0
1.5750000476837158 1.3650000095367432 1.406000018119812 20.0
1.6859999895095825 1.468999981880188 1.409000039100647 22.0
1.3609999418258667 1.218999981880188 1.399999976158142 27.0
1.4529999494552612 1.3079999685287476 1.4040000438690186 24.0
1.5369999408721924 1.3949999809265137 1.4019999504089355 19.0
1.6469999551773071 1.50600004196167 1.409000039100647 23.0
1.340000033378601 1.2510000467300415 1.4040000438690186 29.0
1.4179999828338623 1.3350000381469727 1.399999976158142 25.0
1.5069999694824219 1.4329999685287476 1.406000018119812 24.0
1.6089999675750732 1.5440000295639038 1.409999966621399 23.0
1.312999963760376 1.2769999504089355 1.402999997138977 30.0
1.3880000114440918 1.3650000095367432 1.399999976158142 25.0
1.4739999771118164 1.465999960899353 1.406999945640564 24.0
1.5670000314712524 1.5779999494552612 1.409000039100647 18.0
1.2860000133514404 1.3049999475479126 1.402999997138977 30.0
1.3589999675750732 1.3969999551773071 1.4019999504089355 26.0
1.440000057220459 1.5010000467300415 1.409000039100647 25.0
1.5290000438690186 1.6160000562667847 1.4119999408721924 17.0
1.2589999437332153 1.3329999446868896 1.4040000438690186 30.0
1.3289999961853027 1.4279999732971191 1.4040000438690186 27.0
1.402999997138977 1.531000018119812 1.409000039100647 24.0
1.4880000352859497 1.649999976158142 1.4140000343322754 26.0
1.2330000400543213 1.3609999418258667 1.4049999713897705 31.0
1.2970000505447388 1.4559999704360962 1.4040000438690186 28.0
1.3639999628067017 1.559000015258789 1.406999945640564 27.0
1.4420000314712524 1.6779999732971191 1.4110000133514404 25.0
1.2029999494552612 1.3849999904632568 1.402999997138977 32.0
1.2669999599456787 1.4880000352859497 1.4079999923706055 26.0
1.3279999494552612 1.590999960899353 1.409000039100647 26.0
1.3980000019073486 1.7089999914169312 1.4110000133514404 28.0
1.1759999990463257 1.4129999876022339 1.4049999713897705 31.0
1.2319999933242798 1.5119999647140503 1.406000018119812 28.0
1.2879999876022339 1.6169999837875366 1.4079999923706055 22.0
1.3580000400543213 1.7430000305175781 1.4140000343322754 32.0
1.1480000019073486 1.4390000104904175 1.406999945640564 31.0
1.1979999542236328 1.5390000343322754 1.406000018119812 30.0
1.253999948501587 1.649999976158142 1.4129999876022339 20.0
1.312000036239624 1.7699999809265137 1.4140000343322754 33.0
1.1169999837875366 1.4630000591278076 1.406000018119812 33.0
1.1629999876022339 1.565000057220459 1.406000018119812 29.0
1.2139999866485596 1.6770000457763672 1.4140000343322754 29.0
1.2669999599456787 1.7979999780654907 1.4149999618530273 31.0
1.0880000591278076 1.4880000352859497 1.406000018119812 34.0
1.1299999952316284 1.5920000076293945 1.409000039100647 33.0
1.1740000247955322 1.7029999494552612 1.4140000343322754 29.0
1.222000002861023 1.8259999752044678 1.4160000085830688 32.0
1.0579999685287476 1.5130000114440918 1.406999945640564 35.0
1.093000054359436 1.6139999628067017 1.406999945640564 22.0
1.1319999694824219 1.725000023841858 1.4119999408721924 31.0
1.1749999523162842 1.8509999513626099 1.4170000553131104 29.0
1.0260000228881836 1.534000039100647 1.406000018119812 33.0
1.062000036239624 1.6449999809265137 1.4140000343322754 23.0
1.090999960899353 1.7489999532699585 1.4129999876022339 31.0
1.128000020980835 1.8760000467300415 1.4179999828338623 36.0
0.9940000176429749 1.5570000410079956 1.406000018119812 35.0
1.0219999551773071 1.6640000343322754 1.4110000133514404 33.0
1.0499999523162842 1.7740000486373901 1.4160000085830688 29.0
1.0800000429153442 1.8980000019073486 1.4190000295639038 33.0
0.9639999866485596 1.5820000171661377 1.409999966621399 22.0
0.9860000014305115 1.6859999895095825 1.4119999408721924 35.0
1.0089999437332153 1.7979999780654907 1.4179999828338623 31.0
1.031999945640564 1.9190000295639038 1.4190000295639038 30.0
0.9309999942779541 1.6039999723434448 1.409999966621399 36.0
0.9470000267028809 1.7059999704360962 1.409999966621399 24.0
0.9649999737739563 1.815000057220459 1.4149999618530273 32.0
0.9850000143051147 1.940999984741211 1.4210000038146973 33.0
0.8989999890327454 1.6269999742507935 1.4119999408721924 37.0
0.9070000052452087 1.722000002861023 1.406999945640564 18.0
0.9210000038146973 1.8350000381469727 1.4160000085830688 33.0
0.9350000023841858 1.9570000171661377 1.4199999570846558 33.0
0.8669999837875366 1.6490000486373901 1.4140000343322754 35.0
0.8709999918937683 1.746999979019165 1.4129999876022339 16.0
0.8799999952316284 1.8569999933242798 1.4190000295639038 32.0
0.8849999904632568 1.9739999771118164 1.4199999570846558 31.0
0.8320000171661377 1.6679999828338623 1.4140000343322754 35.0
0.8320000171661377 1.7649999856948853 1.4129999876022339 13.0
0.8360000252723694 1.875 1.4199999570846558 31.0
0.8360000252723694 1.9930000305175781 1.4229999780654907 31.0
0.796999990940094 1.6859999895095825 1.4129999876022339 34.0
0.7940000295639038 1.7869999408721924 1.4160000085830688 11.0
0.7900000214576721 1.8880000114440918 1.4170000553131104 30.0
0.7850000262260437 2.003999948501587 1.4210000038146973 34.0
0.7609999775886536 1.7029999494552612 1.4119999408721924 34.0
0.7559999823570251 1.805999994277954 1.4179999828338623 11.0
0.7450000047683716 1.9019999504089355 1.4170000553131104 30.0
0.734000027179718 2.0160000324249268 1.4199999570846558 33.0
0.7260000109672546 1.722000002861023 1.4129999876022339 37.0
0.7170000076293945 1.8270000219345093 1.4220000505447388 12.0
0.699999988079071 1.9160000085830688 1.4179999828338623 30.0
0.6850000023841858 2.0309998989105225 1.4229999780654907 34.0
0.6899999976158142 1.7389999628067017 1.4140000343322754 34.0
0.675000011920929 1.8380000591278076 1.4190000295639038 19.0
0.6549999713897705 1.930999994277954 1.4190000295639038 31.0
0.6330000162124634 2.0380001068115234 1.4210000038146973 32.0
0.5849999785423279 1.569000005722046 1.2640000581741333 16.0
0.6349999904632568 1.8550000190734863 1.4220000505447388 16.0
0.609000027179718 1.9420000314712524 1.4190000295639038 29.0
0.5830000042915344 2.046999931335449 1.4220000505447388 30.0
0.5479999780654907 1.5729999542236328 1.25600004196167 8.0
0.5910000205039978 1.8589999675750732 1.4149999618530273 22.0
0.5640000104904175 1.9539999961853027 1.4210000038146973 29.0
0.5320000052452087 2.053999900817871 1.4220000505447388 33.0
0.5120000243186951 1.5759999752044678 1.2489999532699585 28.0
0.5249999761581421 1.7899999618530273 1.3530000448226929 150.0
0.5180000066757202 1.9630000591278076 1.4199999570846558 30.0
0.4819999933242798 2.062999963760376 1.4240000247955322 21.0
0.4790000021457672 1.5889999866485596 1.2489999532699585 30.0
0.47999998927116394 1.781999945640564 1.3389999866485596 150.0
0.47200000286102295 1.9730000495910645 1.4220000505447388 28.0
0.0 0.0 0.0 0.0
0.44600000977516174 1.6009999513626099 1.2489999532699585 29.0
0.4650000035762787 1.8890000581741333 1.4119999408721924 29.0
0.4269999861717224 1.9850000143051147 1.4249999523162842 5.0
0.0 0.0 0.0 0.0
0.4429999887943268 1.7359999418258667 1.3450000286102295 150.0
0.4230000078678131 1.902999997138977 1.4160000085830688 17.0
0.0 0.0 0.0 0.0
0.32899999618530273 2.071000099182129 1.4229999780654907 35.0
0.4269999861717224 1.8339999914169312 1.4119999408721924 31.0
0.0 0.0 0.0 0.0
0.33399999141693115 1.9950000047683716 1.4249999523162842 2.0
0.27799999713897705 2.069999933242798 1.4220000505447388 33.0
0.3880000114440918 1.8450000286102295 1.4119999408721924 3.0
0.33899998664855957 1.9270000457763672 1.4220000505447388 1.0
0.28600001335144043 1.9919999837875366 1.4199999570846558 28.0
0.22699999809265137 2.065000057220459 1.4190000295639038 38.0
0.0 0.0 0.0 0.0
0.29499998688697815 1.9220000505447388 1.4140000343322754 29.0
0.23999999463558197 1.9950000047683716 1.4199999570846558 29.0
0.1770000010728836 2.063999891281128 1.4199999570846558 36.0
0.31200000643730164 1.878999948501587 1.4240000247955322 3.0
0.25200000405311584 1.9279999732971191 1.4140000343322754 30.0
0.1940000057220459 1.996000051498413 1.4199999570846558 29.0
0.12700000405311584 2.062999963760376 1.4210000038146973 35.0
0.27000001072883606 1.875 1.4140000343322754 32.0
0.20900000631809235 1.9359999895095825 1.4170000553131104 32.0
0.1469999998807907 1.99399995803833 1.4179999828338623 29.0
0.07699999958276749 2.0439999103546143 1.4110000133514404 27.0
0.23000000417232513 1.8830000162124634 1.4140000343322754 31.0
0.16599999368190765 1.940000057220459 1.4170000553131104 32.0
0.10100000351667404 1.99399995803833 1.4190000295639038 30.0
0.02800000086426735 2.0420000553131104 1.4129999876022339 28.0
0.1889999955892563 1.8899999856948853 1.4140000343322754 33.0
0.12300000339746475 1.937999963760376 1.4129999876022339 31.0
0.054999999701976776 1.9950000047683716 1.4210000038146973 30.0
-0.01899999938905239 2.0369999408721924 1.4149999618530273 26.0
0.14900000393390656 1.8949999809265137 1.4129999876022339 33.0
0.07900000363588333 1.937999963760376 1.4119999408721924 33.0
0.008999999612569809 1.9880000352859497 1.4179999828338623 31.0
-0.06700000166893005 2.0299999713897705 1.4149999618530273 31.0
0.1080000028014183 1.899999976158142 1.4129999876022339 33.0
0.035999998450279236 1.9390000104904175 1.4129999876022339 32.0
-0.03500000014901161 1.9839999675750732 1.4179999828338623 31.0
-0.10499999672174454 1.8380000591278076 1.2879999876022339 23.0
0.06700000166893005 1.906999945640564 1.4149999618530273 32.0
-0.006000000052154064 1.9390000104904175 1.4129999876022339 33.0
-0.08100000023841858 1.9800000190734863 1.4190000295639038 29.0
-0.1379999965429306 1.7000000476837158 1.1979999542236328 7.0
0.02500000037252903 1.906999945640564 1.4129999876022339 33.0
-0.04899999871850014 1.937999963760376 1.4129999876022339 33.0
-0.11299999803304672 1.774999976158142 1.274999976158142 31.0
0.0 0.0 0.0 0.0
-0.014999999664723873 1.909000039100647 1.4129999876022339 32.0
-0.09300000220537186 1.937999963760376 1.4149999618530273 31.0
0.0 0.0 0.0 0.0
-0.17399999499320984 1.3459999561309814 0.9599999785423279 0.0
-0.05700000002980232 1.909000039100647 1.4119999408721924 31.0
-0.12200000137090683 1.7359999418258667 1.2690000534057617 30.0
0.0 0.0 0.0 0.0
-0.20399999618530273 1.3270000219345093 0.953000009059906 9.0
-0.09799999743700027 1.909000039100647 1.4110000133514404 39.0
0.0 0.0 0.0 0.0
-0.17499999701976776 1.312000036239624 0.9549999833106995 7.0
-0.2370000034570694 1.3320000171661377 0.9639999866485596 1.0
-0.12600000202655792 1.718999981880188 1.2710000276565552 16.0
0.0 0.0 0.0 0.0
-0.20600000023841858 1.315999984741211 0.9629999995231628 1.0
-0.2639999985694885 1.3040000200271606 0.9509999752044678 11.0
0.0 0.0 0.0 0.0
-0.17900000512599945 1.2979999780654907 0.9570000171661377 7.0
-0.23399999737739563 1.2960000038146973 0.9539999961853027 12.0
-0.29600000381469727 1.3049999475479126 0.9599999785423279 1.0
0.0 0.0 0.0 0.0
-0.20999999344348907 1.305999994277954 0.9660000205039978 1.0
-0.26600000262260437 1.3009999990463257 0.9629999995231628 1.0
-0.3230000138282776 1.2799999713897705 0.949999988079071 10.0
-0.17900000512599945 1.284000039100647 0.9520000219345093 7.0
-0.23600000143051147 1.2829999923706055 0.9539999961853027 12.0
-0.29100000858306885 1.2760000228881836 0.9520000219345093 12.0
-0.35600000619888306 1.2829999923706055 0.9629999995231628 1.0
-0.20999999344348907 1.2970000505447388 0.9639999866485596 1.0
-0.2680000066757202 1.2929999828338623 0.9660000205039978 1.0
-0.32199999690055847 1.2740000486373901 0.9580000042915344 1.0
-0.3799999952316284 1.253000020980835 0.949999988079071 9.0
-0.23600000143051147 1.2769999504089355 0.9520000219345093 13.0
-0.2930000126361847 1.2680000066757202 0.9520000219345093 11.0
-0.3490000069141388 1.2569999694824219 0.9520000219345093 9.0
0.0 0.0 0.0 0.0
-0.2680000066757202 1.2929999828338623 0.9660000205039978 1.0
-0.3240000009536743 1.2740000486373901 0.9620000123977661 1.0
-0.3790000081062317 1.2549999952316284 0.9589999914169312 1.0
0.0 0.0 0.0 0.0
-0.2919999957084656 1.2669999599456787 0.949999988079071 12.0
-0.3490000069141388 1.253999948501587 0.953000009059906 9.0
0.0 0.0 0.0 0.0
0.0 0.0 0.0 0.0
-0.3240000009536743 1.274999976158142 0.9599999785423279 1.0
-0.38199999928474426 1.2610000371932983 0.9649999737739563 1.0
0.0 0.0 0.0 0.0
0.0 0.0 0.0 0.0
-0.3479999899864197 1.253999948501587 0.9480000138282776 8.0
0.0 0.0 0.0 0.0
0.0 0.0 0.0 0.0
0.0 0.0 0.0 0.0
-0.3790000081062317 1.2599999904632568 0.9580000042915344 1.0
0.0 0.0 0.0 0.0
0.0 0.0 0.0 0.0
0.0 0.0 0.0 0.0
0.0 0.0 0.0 0.0
0.0 0.0 0.0 0.0
0.0 0.0 0.0 0.0
0.0 0.0 0.0 0.0
0.0 0.0 0.0 0.0
0.0 0.0 0.0 0.0
0.0 0.0 0.0 0.0
0.0 0.0 0.0 0.0
0.0 0.0 0.0 0.0
0.0 0.0 0.0 0.0
0.0 0.0 0.0 0.0
0.0 0.0 0.0 0.0
0.0 0.0 0.0 0.0
0.0 0.0 0.0 0.0
0.0 0.0 0.0 0.0
0.0 0.0 0.0 0.0
0.0 0.0 0.0 0.0
0.0 0.0 0.0 0.0
0.0 0.0 0.0 0.0
0.0 0.0 0.0 0.0
0.0 0.0 0.0 0.0
0.0 0.0 0.0 0.0
0.0 0.0 0.0 0.0
0.0 0.0 0.0 0.0
0.0 0.0 0.0 0.0
0.0 0.0 0.0 0.0
0.0 0.0 0.0 0.0
0.0 0.0 0.0 0.0
0.0 0.0 0.0 0.0
0.0 0.0 0.0 0.0
0.0 0.0 0.0 0.0
0.0 0.0 0.0 1.0
0.0 0.0 0.0 0.0
0.0 0.0 0.0 0.0
0.0 0.0 0.0 0.0
0.0 0.0 0.0 0.0
0.0 0.0 0.0 0.0
0.0 0.0 0.0 0.0
0.0 0.0 0.0 0.0
0.0 0.0 0.0 1.0
0.0 0.0 0.0 0.0
0.0 0.0 0.0 0.0
0.0 0.0 0.0 0.0
0.0 0.0 0.0 0.0
0.0 0.0 0.0 0.0
0.0 0.0 0.0 0.0
0.0 0.0 0.0 0.0
0.0 0.0 0.0 0.0
0.0 0.0 0.0 1.0
0.0 0.0 0.0 0.0
0.0 0.0 0.0 0.0
0.0 0.0 0.0 0.0
0.0 0.0 0.0 0.0
0.0 0.0 0.0 0.0
0.0 0.0 0.0 0.0
0.0 0.0 0.0 1.0
0.0 0.0 0.0 1.0
0.0 0.0 0.0 0.0
0.0 0.0 0.0 0.0
0.0 0.0 0.0 0.0
0.0 0.0 0.0 0.0
0.0 0.0 0.0 0.0
0.0 0.0 0.0 0.0
0.0 0.0 0.0 0.0
0.0 0.0 0.0 1.0
0.0 0.0 0.0 0.0
0.0 0.0 0.0 0.0
0.0 0.0 0.0 0.0
0.0 0.0 0.0 0.0
0.0 0.0 0.0 0.0
0.0 0.0 0.0 0.0
0.0 0.0 0.0 0.0
0.0 0.0 0.0 1.0
0.0 0.0 0.0 0.0
0.0 0.0 0.0 0.0
0.0 0.0 0.0 0.0
0.0 0.0 0.0 0.0
0.0 0.0 0.0 0.0
0.0 0.0 0.0 0.0
0.0 0.0 0.0 0.0
0.0 0.0 0.0 0.0
0.0 0.0 0.0 0.0
0.0 0.0 0.0 0.0
0.0 0.0 0.0 0.0
0.0 0.0 0.0 0.0
0.0 0.0 0.0 0.0
0.0 0.0 0.0 0.0
0.0 0.0 0.0 0.0
0.0 0.0 0.0 0.0
0.0 0.0 0.0 0.0
0.0 0.0 0.0 0.0
0.0 0.0 0.0 0.0
0.0 0.0 0.0 0.0
0.0 0.0 0.0 0.0
0.0 0.0 0.0 0.0
0.0 0.0 0.0 0.0
0.0 0.0 0.0 0.0
0.0 0.0 0.0 0.0
0.0 0.0 0.0 0.0
0.0 0.0 0.0 0.0
0.0 0.0 0.0 0.0
0.0 0.0 0.0 0.0
0.0 0.0 0.0 0.0
0.0 0.0 0.0 1.0
0.0 0.0 0.0 0.0
0.0 0.0 0.0 0.0
0.0 0.0 0.0 0.0
0.0 0.0 0.0 0.0
0.0 0.0 0.0 0.0
0.0 0.0 0.0 0.0
0.0 0.0 0.0 0.0
0.0 0.0 0.0 0.0
-1.6230000257492065 1.1660000085830688 1.4170000553131104 17.0
0.0 0.0 0.0 0.0
0.0 0.0 0.0 0.0
0.0 0.0 0.0 0.0
-1.6540000438690186 1.13100004196167 1.4199999570846558 21.0
0.0 0.0 0.0 0.0
0.0 0.0 0.0 0.0
0.0 0.0 0.0 0.0
-1.6820000410079956 1.093999981880188 1.4220000505447388 26.0
-1.6410000324249268 0.9610000252723694 1.4210000038146973 19.0
0.0 0.0 0.0 0.0
0.0 0.0 0.0 0.0
-1.7070000171661377 1.0549999475479126 1.4210000038146973 30.0
-1.6440000534057617 0.9129999876022339 1.406000018119812 40.0
0.0 0.0 0.0 0.0
0.0 0.0 0.0 0.0
-1.7300000190734863 1.0149999856948853 1.4199999570846558 34.0
-1.649999976158142 0.8679999709129333 1.3949999809265137 45.0
0.0 0.0 0.0 0.0
0.0 0.0 0.0 0.0
-1.75600004196167 0.9760000109672546 1.4220000505447388 33.0
-1.6979999542236328 0.843999981880188 1.4199999570846558 35.0
-1.6469999551773071 0.722000002861023 1.4220000505447388 27.0
0.0 0.0 0.0 0.0
-1.781999945640564 0.9369999766349792 1.4249999523162842 37.0
-1.718999981880188 0.8059999942779541 1.4229999780654907 36.0
-1.6610000133514404 0.6840000152587891 1.4240000247955322 23.0
0.0 0.0 0.0 0.0
-1.7960000038146973 0.8920000195503235 1.4190000295639038 33.0
-1.7339999675750732 0.765999972820282 1.4220000505447388 38.0
-1.6770000457763672 0.6470000147819519 1.4270000457763672 14.0
0.0 0.0 0.0 0.0
-1.8179999589920044 0.8510000109672546 1.4199999570846558 35.0
-1.7519999742507935 0.7260000109672546 1.4240000247955322 33.0
-1.6959999799728394 0.6110000014305115 1.434000015258789 2.0
0.0 0.0 0.0 0.0
-1.840999960899353 0.8100000023841858 1.4229999780654907 32.0
-1.7669999599456787 0.6859999895095825 1.4240000247955322 33.0
0.0 0.0 0.0 0.0
0.0 0.0 0.0 0.0
-1.8519999980926514 0.7639999985694885 1.4170000553131104 33.0
-1.7829999923706055 0.6449999809265137 1.4259999990463257 17.0
0.0 0.0 0.0 0.0
0.0 0.0 0.0 0.0
-1.871999979019165 0.722000002861023 1.4199999570846558 35.0
-1.8109999895095825 0.609000027179718 1.437999963760376 2.0
0.0 0.0 0.0 0.0
0.0 0.0 0.0 0.0
-1.8949999809265137 0.6800000071525574 1.4240000247955322 31.0
0.0 0.0 0.0 0.0
0.0 0.0 0.0 0.0
0.0 0.0 0.0 0.0
-1.909000039100647 0.6349999904632568 1.4229999780654907 19.0
0.0 0.0 0.0 0.0
0.0 0.0 0.0 0.0
0.0 0.0 0.0 0.0
-1.937000036239624 0.5950000286102295 1.434000015258789 6.0
0.0 0.0 0.0 0.0
0.0 0.0 0.0 0.0
0.0 0.0 0.0 0.0
0.0 0.0 0.0 0.0
0.0 0.0 0.0 0.0
0.0 0.0 0.0 0.0
0.0 0.0 0.0 0.0
0.0 0.0 0.0 0.0
0.0 0.0 0.0 0.0
0.0 0.0 0.0 0.0
0.0 0.0 0.0 0.0
0.0 0.0 0.0 0.0
0.0 0.0 0.0 0.0
0.0 0.0 0.0 0.0
0.0 0.0 0.0 0.0
0.0 0.0 0.0 0.0
0.0 0.0 0.0 0.0
0.0 0.0 0.0 0.0
0.0 0.0 0.0 0.0
0.0 0.0 0.0 0.0
0.0 0.0 0.0 0.0
0.0 0.0 0.0 0.0
0.0 0.0 0.0 0.0
0.0 0.0 0.0 0.0
0.0 0.0 0.0 0.0
0.0 0.0 0.0 0.0
0.0 0.0 0.0 0.0
0.0 0.0 0.0 0.0
0.0 0.0 0.0 0.0
0.0 0.0 0.0 0.0
0.0 0.0 0.0 0.0
0.0 0.0 0.0 0.0
0.0 0.0 0.0 0.0
0.0 0.0 0.0 0.0
0.0 0.0 0.0 0.0
0.0 0.0 0.0 0.0
0.0 0.0 0.0 0.0
0.0 0.0 0.0 0.0
0.0 0.0 0.0 0.0
0.0 0.0 0.0 0.0
0.0 0.0 0.0 0.0
0.0 0.0 0.0 0.0
0.0 0.0 0.0 0.0
0.0 0.0 0.0 0.0
0.0 0.0 0.0 0.0
0.0 0.0 0.0 0.0
0.0 0.0 0.0 0.0
0.0 0.0 0.0 0.0
0.0 0.0 0.0 0.0
0.0 0.0 0.0 0.0
0.0 0.0 0.0 0.0
0.0 0.0 0.0 0.0
0.0 0.0 0.0 0.0
0.0 0.0 0.0 0.0
0.0 0.0 0.0 0.0
0.0 0.0 0.0 0.0
0.0 0.0 0.0 0.0
0.0 0.0 0.0 0.0
0.0 0.0 0.0 0.0
0.0 0.0 0.0 0.0
0.0 0.0 0.0 0.0
0.0 0.0 0.0 0.0
0.0 0.0 0.0 0.0
0.0 0.0 0.0 0.0
0.0 0.0 0.0 0.0
0.0 0.0 0.0 0.0
0.0 0.0 0.0 0.0
0.0 0.0 0.0 0.0
0.0 0.0 0.0 0.0
0.0 0.0 0.0 0.0
0.0 0.0 0.0 0.0
0.0 0.0 0.0 0.0
0.0 0.0 0.0 0.0
0.0 0.0 0.0 0.0
0.0 0.0 0.0 0.0
0.0 0.0 0.0 0.0
0.0 0.0 0.0 0.0
0.0 0.0 0.0 0.0
0.0 0.0 0.0 0.0
0.0 0.0 0.0 0.0
0.0 0.0 0.0 0.0
0.0 0.0 0.0 0.0
0.0 0.0 0.0 0.0
0.0 0.0 0.0 0.0
0.0 0.0 0.0 0.0
0.0 0.0 0.0 0.0
0.0 0.0 0.0 0.0
0.0 0.0 0.0 0.0
0.0 0.0 0.0 0.0
0.0 0.0 0.0 0.0
0.0 0.0 0.0 1.0
0.0 0.0 0.0 0.0
0.0 0.0 0.0 0.0
0.0 0.0 0.0 0.0
0.0 0.0 0.0 0.0
0.0 0.0 0.0 0.0
0.0 0.0 0.0 0.0
0.0 0.0 0.0 0.0
0.0 0.0 0.0 1.0
0.0 0.0 0.0 0.0
0.0 0.0 0.0 0.0
0.0 0.0 0.0 0.0
0.0 0.0 0.0 0.0
0.0 0.0 0.0 0.0
0.0 0.0 0.0 0.0
0.0 0.0 0.0 0.0
0.0 0.0 0.0 0.0
-1.3949999809265137 -0.49300000071525574 1.0709999799728394 13.0
0.0 0.0 0.0 0.0
0.0 0.0 0.0 0.0
0.0 0.0 0.0 0.0
-1.3860000371932983 -0.5270000100135803 1.0750000476837158 31.0
0.0 0.0 0.0 0.0
0.0 0.0 0.0 0.0
0.0 0.0 0.0 0.0
-1.5499999523162842 -0.6320000290870667 1.215000033378601 3.0
0.0 0.0 0.0 0.0
0.0 0.0 0.0 0.0
0.0 0.0 0.0 0.0
-1.5989999771118164 -0.6970000267028809 1.2690000534057617 4.0
0.0 0.0 0.0 0.0
0.0 0.0 0.0 0.0
0.0 0.0 0.0 1.0
-1.7569999694824219 -0.8169999718666077 1.4119999408721924 26.0
0.0 0.0 0.0 0.0
0.0 0.0 0.0 0.0
0.0 0.0 0.0 0.0
0.0 0.0 0.0 0.0
0.0 0.0 0.0 0.0
0.0 0.0 0.0 0.0
0.0 0.0 0.0 0.0
0.0 0.0 0.0 0.0
0.0 0.0 0.0 0.0
0.0 0.0 0.0 0.0
0.0 0.0 0.0 0.0
-1.7000000476837158 -0.9430000185966492 1.4240000247955322 25.0
0.0 0.0 0.0 0.0
0.0 0.0 0.0 0.0
0.0 0.0 0.0 0.0
-1.6699999570846558 -0.9800000190734863 1.4210000038146973 25.0
0.0 0.0 0.0 0.0
0.0 0.0 0.0 0.0
0.0 0.0 0.0 0.0
-1.6449999809265137 -1.0180000066757202 1.4229999780654907 20.0
0.0 0.0 0.0 0.0
0.0 0.0 0.0 0.0
0.0 0.0 0.0 0.0
0.0 0.0 0.0 0.0
0.0 0.0 0.0 0.0
0.0 0.0 0.0 0.0
0.0 0.0 0.0 0.0
0.0 0.0 0.0 0.0
0.0 0.0 0.0 0.0
0.0 0.0 0.0 0.0
0.0 0.0 0.0 0.0
0.0 0.0 0.0 0.0
0.0 0.0 0.0 0.0
0.0 0.0 0.0 0.0
0.0 0.0 0.0 0.0
0.0 0.0 0.0 0.0
0.0 0.0 0.0 0.0
0.0 0.0 0.0 0.0
0.0 0.0 0.0 0.0
0.0 0.0 0.0 0.0
0.0 0.0 0.0 0.0
0.0 0.0 0.0 0.0
0.0 0.0 0.0 0.0
0.0 0.0 0.0 0.0
0.0 0.0 0.0 0.0
0.0 0.0 0.0 0.0
0.0 0.0 0.0 0.0
0.0 0.0 0.0 0.0
0.0 0.0 0.0 0.0
0.0 0.0 0.0 0.0
0.0 0.0 0.0 0.0
0.0 0.0 0.0 0.0
0.0 0.0 0.0 0.0
0.0 0.0 0.0 0.0
0.0 0.0 0.0 0.0
0.0 0.0 0.0 0.0
0.0 0.0 0.0 0.0
0.0 0.0 0.0 0.0
0.0 0.0 0.0 0.0
0.0 0.0 0.0 0.0
0.0 0.0 0.0 0.0
0.0 0.0 0.0 0.0
0.0 0.0 0.0 0.0
0.0 0.0 0.0 0.0
0.0 0.0 0.0 0.0
0.0 0.0 0.0 0.0
0.0 0.0 0.0 0.0
0.0 0.0 0.0 0.0
0.0 0.0 0.0 0.0
0.0 0.0 0.0 0.0
0.0 0.0 0.0 0.0
0.0 0.0 0.0 0.0
0.0 0.0 0.0 0.0
0.0 0.0 0.0 0.0
0.0 0.0 0.0 0.0
0.0 0.0 0.0 0.0
0.0 0.0 0.0 0.0
0.0 0.0 0.0 0.0
0.0 0.0 0.0 0.0
0.0 0.0 0.0 0.0
0.0 0.0 0.0 0.0
0.0 0.0 0.0 0.0
0.0 0.0 0.0 0.0
0.0 0.0 0.0 0.0
0.0 0.0 0.0 0.0
0.0 0.0 0.0 0.0
0.0 0.0 0.0 0.0
0.0 0.0 0.0 0.0
0.0 0.0 0.0 0.0
0.0 0.0 0.0 0.0
0.0 0.0 0.0 0.0
0.0 0.0 0.0 0.0
0.0 0.0 0.0 0.0
0.0 0.0 0.0 0.0
0.0 0.0 0.0 0.0
0.0 0.0 0.0 0.0
0.0 0.0 0.0 0.0
0.0 0.0 0.0 0.0
0.0 0.0 0.0 0.0
0.0 0.0 0.0 0.0
0.0 0.0 0.0 0.0
0.0 0.0 0.0 0.0
0.0 0.0 0.0 0.0
0.0 0.0 0.0 0.0
0.0 0.0 0.0 0.0
0.0 0.0 0.0 0.0
0.0 0.0 0.0 0.0
0.0 0.0 0.0 0.0
0.0 0.0 0.0 0.0
0.0 0.0 0.0 0.0
0.0 0.0 0.0 0.0
0.0 0.0 0.0 0.0
0.0 0.0 0.0 0.0
0.0 0.0 0.0 0.0
-0.6489999890327454 -1.2170000076293945 1.25600004196167 13.0
0.0 0.0 0.0 0.0
0.0 0.0 0.0 0.0
0.0 0.0 0.0 0.0
-0.699999988079071 -1.3799999952316284 1.4079999923706055 24.0
0.0 0.0 0.0 0.0
0.0 0.0 0.0 0.0
0.0 0.0 0.0 0.0
0.0 0.0 0.0 0.0
0.0 0.0 0.0 0.0
0.0 0.0 0.0 0.0
0.0 0.0 0.0 0.0
0.0 0.0 0.0 0.0
0.0 0.0 0.0 0.0
0.0 0.0 0.0 0.0
0.0 0.0 0.0 0.0
0.0 0.0 0.0 0.0
0.0 0.0 0.0 0.0
0.0 0.0 0.0 0.0
0.0 0.0 0.0 0.0
0.0 0.0 0.0 0.0
0.0 0.0 0.0 0.0
0.0 0.0 0.0 0.0
0.0 0.0 0.0 0.0
0.0 0.0 0.0 0.0
0.0 0.0 0.0 0.0
0.0 0.0 0.0 0.0
0.0 0.0 0.0 0.0
0.0 0.0 0.0 0.0
0.0 0.0 0.0 0.0
0.0 0.0 0.0 0.0
0.0 0.0 0.0 0.0
0.0 0.0 0.0 0.0
-0.4339999854564667 -1.6690000295639038 1.378999948501587 49.0
0.0 0.0 0.0 0.0
0.0 0.0 0.0 0.0
0.0 0.0 0.0 0.0
-0.3930000066757202 -1.6710000038146973 1.3769999742507935 74.0
0.0 0.0 0.0 0.0
0.0 0.0 0.0 0.0
0.0 0.0 0.0 0.0
-0.3529999852180481 -1.6770000457763672 1.378999948501587 89.0
-0.3400000035762787 -1.4759999513626099 1.2630000114440918 41.0
0.0 0.0 0.0 0.0
0.0 0.0 0.0 0.0
-0.31200000643730164 -1.6799999475479126 1.3799999952316284 87.0
-0.3059999942779541 -1.4839999675750732 1.2660000324249268 43.0
0.0 0.0 0.0 0.0
0.0 0.0 0.0 0.0
0.0 0.0 0.0 0.0
-0.2720000147819519 -1.4910000562667847 1.2680000066757202 58.0
-0.32199999690055847 -1.5920000076293945 1.4040000438690186 21.0
0.0 0.0 0.0 0.0
-0.11599999666213989 -0.843999981880188 0.6930000185966492 9.0
0.0 0.0 0.0 0.0
-0.2879999876022339 -1.600000023841858 1.4049999713897705 25.0
0.0 0.0 0.0 0.0
-0.09399999678134918 -0.8299999833106995 0.6809999942779541 9.0
-0.11400000005960464 -0.8399999737739563 0.7110000252723694 5.0
0.0 0.0 0.0 0.0
-0.27900001406669617 -1.5499999523162842 1.406999945640564 23.0
-0.07199999690055847 -0.8069999814033508 0.6620000004768372 15.0
-0.09300000220537186 -0.8209999799728394 0.6940000057220459 8.0
-0.11100000143051147 -0.8209999799728394 0.7160000205039978 3.0
-0.24799999594688416 -1.559999942779541 1.409999966621399 28.0
-0.052000001072883606 -0.7929999828338623 0.6520000100135803 16.0
-0.0729999989271164 -0.8050000071525574 0.6809999942779541 7.0
-0.09200000017881393 -0.8169999718666077 0.7099999785423279 6.0
0.0 0.0 0.0 0.0
-0.03400000184774399 -0.7910000085830688 0.6520000100135803 17.0
-0.05299999937415123 -0.7900000214576721 0.6669999957084656 10.0
-0.0729999989271164 -0.8059999942779541 0.6990000009536743 8.0
-0.09399999678134918 -0.8109999895095825 0.7260000109672546 6.0
-0.014999999664723873 -0.7870000004768372 0.6499999761581421 14.0
-0.035999998450279236 -0.8009999990463257 0.6779999732971191 7.0
-0.054999999701976776 -0.8019999861717224 0.6949999928474426 7.0
-0.07599999755620956 -0.8040000200271606 0.7170000076293945 8.0
0.0020000000949949026 -0.7799999713897705 0.6470000147819519 15.0
-0.017000000923871994 -0.7829999923706055 0.6629999876022339 10.0
-0.03700000047683716 -0.7910000085830688 0.6840000152587891 10.0
-0.05900000035762787 -0.7979999780654907 0.7089999914169312 11.0
0.020999999716877937 -0.7760000228881836 0.6449999809265137 17.0
0.0 -0.7799999713897705 0.6610000133514404 10.0
-0.019999999552965164 -0.7820000052452087 0.6759999990463257 10.0
-0.04100000113248825 -0.7879999876022339 0.6980000138282776 12.0
0.039000000804662704 -0.7720000147819519 0.6449999809265137 15.0
0.017000000923871994 -0.7720000147819519 0.656000018119812 9.0
-0.0020000000949949026 -0.7820000052452087 0.6759999990463257 7.0
-0.02500000037252903 -0.7910000085830688 0.6990000009536743 9.0
0.05700000002980232 -0.7720000147819519 0.6480000019073486 16.0
0.03400000184774399 -0.7730000019073486 0.6579999923706055 11.0
0.014000000432133675 -0.7760000228881836 0.6710000038146973 10.0
-0.00800000037997961 -0.7860000133514404 0.6930000185966492 7.0
0.07400000095367432 -0.7680000066757202 0.6480000019073486 15.0
0.050999999046325684 -0.7670000195503235 0.6539999842643738 10.0
0.029999999329447746 -0.7670000195503235 0.6639999747276306 10.0
0.00800000037997961 -0.7739999890327454 0.6809999942779541 15.0
0.09300000220537186 -0.7749999761581421 0.6579999923706055 13.0
0.0689999982714653 -0.7699999809265137 0.6600000262260437 10.0
0.04699999839067459 -0.7670000195503235 0.6650000214576721 9.0
0.024000000208616257 -0.7689999938011169 0.6759999990463257 16.0
0.11400000005960464 -0.7900000214576721 0.675000011920929 9.0
0.08699999749660492 -0.7699999809265137 0.6620000004768372 10.0
0.06400000303983688 -0.7680000066757202 0.6669999957084656 10.0
0.03999999910593033 -0.7710000276565552 0.6769999861717224 8.0
0.13300000131130219 -0.7940000295639038 0.6830000281333923 9.0
0.10599999874830246 -0.7820000052452087 0.6759999990463257 9.0
0.08100000023841858 -0.7699999809265137 0.6690000295639038 10.0
0.05700000002980232 -0.7699999809265137 0.675000011920929 14.0
0.16099999845027924 -0.8399999737739563 0.7279999852180481 10.0
0.12600000202655792 -0.7950000166893005 0.6899999976158142 7.0
0.10000000149011612 -0.7820000052452087 0.6809999942779541 7.0
0.0729999989271164 -0.7689999938011169 0.6740000247955322 13.0
0.1889999955892563 -0.8740000128746033 0.7630000114440918 9.0
0.14800000190734863 -0.8149999976158142 0.7110000252723694 6.0
0.11800000071525574 -0.7870000004768372 0.6880000233650208 7.0
0.09000000357627869 -0.7699999809265137 0.6759999990463257 12.0
0.20900000631809235 -0.8709999918937683 0.7680000066757202 9.0
0.17499999701976776 -0.8560000061988831 0.7509999871253967 8.0
0.13699999451637268 -0.796999990940094 0.6990000009536743 5.0
0.10899999737739563 -0.7889999747276306 0.6930000185966492 9.0
0.23199999332427979 -0.8769999742507935 0.7799999713897705 10.0
0.19699999690055847 -0.8650000095367432 0.7639999985694885 9.0
0.16300000250339508 -0.8389999866485596 0.7379999756813049 8.0
0.12600000202655792 -0.7889999747276306 0.6940000057220459 7.0
0.2720000147819519 -0.9390000104904175 0.8429999947547913 6.0
0.2199999988079071 -0.8730000257492065 0.7770000100135803 9.0
0.1889999955892563 -0.8690000176429749 0.7680000066757202 9.0
0.15000000596046448 -0.8230000138282776 0.7250000238418579 8.0
0.43299999833106995 -1.371999979019165 1.246000051498413 1.0
0.2409999966621399 -0.8730000257492065 0.7820000052452087 7.0
0.20900000631809235 -0.8679999709129333 0.7710000276565552 8.0
0.17499999701976776 -0.8579999804496765 0.7570000290870667 9.0
0.4320000112056732 -1.2669999599456787 1.1629999876022339 33.0
0.3070000112056732 -1.0219999551773071 0.9229999780654907 4.0
0.23100000619888306 -0.8740000128746033 0.7799999713897705 9.0
0.1979999989271164 -0.8730000257492065 0.7720000147819519 9.0
0.4959999918937683 -1.3539999723434448 1.25600004196167 151.0
0.42800000309944153 -1.3179999589920044 1.2000000476837158 2.0
0.2619999945163727 -0.9100000262260437 0.8169999718666077 5.0
0.21799999475479126 -0.8740000128746033 0.7749999761581421 9.0
0.5889999866485596 -1.4989999532699585 1.4079999923706055 33.0
0.45100000500679016 -1.2879999876022339 1.184999942779541 65.0
0.3930000066757202 -1.2630000114440918 1.1419999599456787 3.0
0.23899999260902405 -0.8769999742507935 0.7820000052452087 9.0
0.6209999918937683 -1.4789999723434448 1.406999945640564 33.0
0.5659999847412109 -1.5099999904632568 1.4019999504089355 38.0
0.4300000071525574 -1.281000018119812 1.1660000085830688 4.0
0.29600000381469727 -1.0 0.8949999809265137 5.0
0.6520000100135803 -1.4589999914169312 1.406000018119812 24.0
0.6000000238418579 -1.4980000257492065 1.4049999713897705 34.0
0.4790000021457672 -1.3289999961853027 1.218000054359436 151.0
0.4350000023841858 -1.3609999418258667 1.2230000495910645 2.0
0.6340000033378601 -1.3359999656677246 1.305999994277954 48.0
0.6330000162124634 -1.4819999933242798 1.4040000438690186 32.0
0.5870000123977661 -1.5240000486373901 1.409000039100647 36.0
0.43799999356269836 -1.2740000486373901 1.1510000228881836 39.0
0.6380000114440918 -1.2690000534057617 1.2580000162124634 39.0
0.6510000228881836 -1.434999942779541 1.375 38.0
0.6200000047683716 -1.5080000162124634 1.406000018119812 35.0
0.5410000085830688 -1.4700000286102295 1.3350000381469727 150.0
0.6700000166893005 -1.2599999904632568 1.2680000066757202 4.0
0.6190000176429749 -1.2869999408721924 1.2480000257492065 37.0
0.652999997138977 -1.4950000047683716 1.406000018119812 35.0
0.6039999723434448 -1.5390000343322754 1.406000018119812 34.0
0.6159999966621399 -1.0980000495910645 1.121999979019165 6.0
0.6439999938011169 -1.2660000324249268 1.2430000305175781 26.0
0.625 -1.350000023841858 1.281999945640564 33.0
0.6380000114440918 -1.527999997138977 1.406000018119812 35.0
0.6259999871253967 -1.0579999685287476 1.0989999771118164 36.0
0.6349999904632568 -1.1820000410079956 1.1759999990463257 0.0
0.6200000047683716 -1.2660000324249268 1.215000033378601 26.0
0.6240000128746033 -1.406999945640564 1.3049999475479126 38.0
0.6449999809265137 -1.0360000133514404 1.0950000286102295 13.0
0.6190000176429749 -1.093999981880188 1.1030000448226929 33.0
0.6549999713897705 -1.2660000324249268 1.2280000448226929 2.0
0.6110000014305115 -1.3009999990463257 1.215000033378601 37.0
0.6700000166893005 -1.0240000486373901 1.1009999513626099 11.0
0.6320000290870667 -1.0609999895095825 1.0859999656677246 11.0
0.6169999837875366 -1.1299999952316284 1.1089999675750732 33.0
0.6230000257492065 -1.253999948501587 1.1820000410079956 14.0
0.703000009059906 -1.0230000019073486 1.121000051498413 5.0
0.6499999761581421 -1.0379999876022339 1.0779999494552612 12.0
0.6290000081062317 -1.093999981880188 1.0859999656677246 10.0
0.6119999885559082 -1.1670000553131104 1.1100000143051147 36.0
0.722000002861023 -1.003000020980835 1.11899995803833 17.0
0.6759999990463257 -1.0290000438690186 1.0850000381469727 14.0
0.6420000195503235 -1.062999963760376 1.069000005722046 11.0
0.6259999871253967 -1.1330000162124634 1.0880000591278076 60.0
0.0 0.0 0.0 0.0
0.6990000009536743 -1.0130000114440918 1.0870000123977661 12.0
0.6600000262260437 -1.0399999618530273 1.059999942779541 12.0
0.6359999775886536 -1.093999981880188 1.062000036239624 11.0
0.0 0.0 0.0 0.0
0.7269999980926514 -1.0049999952316284 1.097000002861023 10.0
0.6850000023841858 -1.027999997138977 1.062000036239624 12.0
0.6499999761581421 -1.062999963760376 1.0429999828338623 63.0
0.8410000205039978 -1.0160000324249268 1.2059999704360962 0.0
0.7549999952316284 -0.996999979019165 1.1069999933242798 30.0
0.7120000123977661 -1.0190000534057617 1.069000005722046 13.0
0.6740000247955322 -1.0499999523162842 1.0429999828338623 14.0
0.8849999904632568 -1.0210000276565552 1.2389999628067017 2.0
0.8019999861717224 -1.0110000371932983 1.1440000534057617 0.0
0.7379999756813049 -1.0089999437332153 1.0750000476837158 11.0
0.6990000009536743 -1.0379999876022339 1.0429999828338623 15.0
0.9929999709129333 -1.0950000286102295 1.3600000143051147 7.0
0.8730000257492065 -1.0520000457763672 1.2139999866485596 1.0
0.7730000019073486 -1.0080000162124634 1.0920000076293945 12.0
0.7229999899864197 -1.024999976158142 1.0440000295639038 14.0
1.0149999856948853 -1.0700000524520874 1.3609999418258667 7.0
0.890999972820282 -1.0260000228881836 1.2079999446868896 0.0
0.8140000104904175 -1.0160000324249268 1.1180000305175781 8.0
0.7549999952316284 -1.0210000276565552 1.0549999475479126 12.0
1.024999976158142 -1.034000039100647 1.3480000495910645 2.0
0.9350000023841858 -1.0299999713897705 1.2380000352859497 1.0
0.8379999995231628 -0.9980000257492065 1.1200000047683716 9.0
0.7900000214576721 -1.0199999809265137 1.0700000524520874 12.0
1.0399999618530273 -1.003000020980835 1.340999960899353 5.0
0.9850000143051147 -1.0390000343322754 1.274999976158142 2.0
0.9240000247955322 -1.0529999732971191 1.2029999494552612 1.0
0.824999988079071 -1.0180000066757202 1.0839999914169312 63.0
1.0709999799728394 -0.9879999756813049 1.3559999465942383 3.0
1.0479999780654907 -1.0570000410079956 1.3270000219345093 4.0
0.9549999833106995 -1.0410000085830688 1.2130000591278076 1.0
0.8610000014305115 -1.0149999856948853 1.0989999771118164 11.0
1.1230000257492065 -0.9909999966621399 1.3980000019073486 25.0
1.090999960899353 -1.0520000457763672 1.3539999723434448 4.0
0.9950000047683716 -1.0379999876022339 1.2339999675750732 1.0
0.8970000147819519 -1.0119999647140503 1.1150000095367432 24.0
1.1460000276565552 -0.9670000076293945 1.402999997138977 35.0
1.1349999904632568 -1.0479999780654907 1.38100004196167 15.0
1.0549999475479126 -1.0529999732971191 1.277999997138977 2.0
0.9649999737739563 -1.0399999618530273 1.1670000553131104 5.0
1.1649999618530273 -0.9399999976158142 1.4049999713897705 36.0
1.1729999780654907 -1.0360000133514404 1.4019999504089355 36.0
1.1759999990463257 -1.1230000257492065 1.3949999809265137 15.0
0.0 0.0 0.0 0.0
1.1829999685287476 -0.9120000004768372 1.406000018119812 37.0
1.1950000524520874 -1.0089999437332153 1.4019999504089355 38.0
1.2109999656677246 -1.1059999465942383 1.406999945640564 26.0
0.0 0.0 0.0 0.0
1.2009999752044678 -0.8840000033378601 1.406999945640564 35.0
1.2170000076293945 -0.9829999804496765 1.4040000438690186 39.0
1.2330000400543213 -1.0770000219345093 1.4040000438690186 33.0
1.2380000352859497 -1.1679999828338623 1.3930000066757202 11.0
1.2170000076293945 -0.8560000061988831 1.4079999923706055 36.0
1.2359999418258667 -0.9539999961853027 1.402999997138977 36.0
1.2589999437332153 -1.0520000457763672 1.406000018119812 37.0
1.2760000228881836 -1.1510000228881836 1.4040000438690186 21.0
1.2300000190734863 -0.824999988079071 1.4049999713897705 36.0
1.253000020980835 -0.9240000247955322 1.399999976158142 38.0
1.284999966621399 -1.0260000228881836 1.409000039100647 40.0
1.309000015258789 -1.128999948501587 1.409999966621399 33.0
1.2480000257492065 -0.7979999780654907 1.409000039100647 40.0
1.2740000486373901 -0.8970000147819519 1.402999997138977 37.0
1.3040000200271606 -0.9940000176429749 1.4049999713897705 40.0
1.3350000381469727 -1.100000023841858 1.4079999923706055 40.0
1.2599999904632568 -0.7680000066757202 1.406999945640564 39.0
1.2879999876022339 -0.8650000095367432 1.3990000486373901 35.0
1.3279999494552612 -0.9660000205039978 1.406000018119812 40.0
1.3600000143051147 -1.0700000524520874 1.406999945640564 40.0
1.2730000019073486 -0.7379999756813049 1.406000018119812 39.0
1.309000015258789 -0.8379999995231628 1.4019999504089355 38.0
1.350000023841858 -0.9369999766349792 1.406999945640564 41.0
1.3849999904632568 -1.0399999618530273 1.4049999713897705 40.0
1.284999966621399 -0.7080000042915344 1.406000018119812 38.0
1.3259999752044678 -0.8080000281333923 1.402999997138977 37.0
1.371000051498413 -0.9079999923706055 1.4079999923706055 40.0
1.4119999408721924 -1.0110000371932983 1.406999945640564 37.0
1.2990000247955322 -0.6790000200271606 1.4079999923706055 36.0
1.3389999866485596 -0.7770000100135803 1.399999976158142 36.0
1.3899999856948853 -0.8769999742507935 1.406999945640564 40.0
1.340999960899353 -0.9160000085830688 1.312999963760376 11.0
1.3079999685287476 -0.6480000019073486 1.406000018119812 41.0
1.3539999723434448 -0.7459999918937683 1.3990000486373901 31.0
1.399999976158142 -0.8399999737739563 1.3960000276565552 36.0
1.315999984741211 -0.8550000190734863 1.2680000066757202 11.0
1.319000005722046 -0.6179999709129333 1.406000018119812 40.0
1.36899995803833 -0.7149999737739563 1.3990000486373901 38.0
1.340000033378601 -0.7639999985694885 1.3200000524520874 7.0
1.315999984741211 -0.8130000233650208 1.2480000257492065 39.0
1.3300000429153442 -0.5889999866485596 1.406999945640564 40.0
1.3880000114440918 -0.6869999766349792 1.4040000438690186 17.0
1.3289999961853027 -0.718999981880188 1.2920000553131104 11.0
1.3220000267028809 -0.7760000228881836 1.2350000143051147 57.0
1.3359999656677246 -0.5569999814033508 1.402999997138977 39.0
1.3980000019073486 -0.6539999842643738 1.4010000228881836 39.0
1.3329999446868896 -0.6830000281333923 1.281000018119812 9.0
1.3220000267028809 -0.7369999885559082 1.2170000076293945 56.0
1.3459999561309814 -0.527999997138977 1.4049999713897705 38.0
1.3880000114440918 -0.6129999756813049 1.378999948501587 44.0
1.4600000381469727 -0.7080000042915344 1.3869999647140503 26.0
1.3250000476837158 -0.699999988079071 1.2039999961853027 17.0
1.3530000448226929 -0.4970000088214874 1.4040000438690186 46.0
1.3960000276565552 -0.5799999833106995 1.375 51.0
1.4950000047683716 -0.6840000152587891 1.4049999713897705 39.0
1.3660000562667847 -0.6819999814033508 1.225000023841858 17.0
1.3619999885559082 -0.46799999475479126 1.4040000438690186 43.0
1.4290000200271606 -0.5569999814033508 1.3960000276565552 30.0
1.5099999904632568 -0.6499999761581421 1.4049999713897705 42.0
1.4329999685287476 -0.675000011920929 1.2690000534057617 103.0
1.36899995803833 -0.43799999356269836 1.4040000438690186 43.0
1.4429999589920044 -0.5270000100135803 1.399999976158142 28.0
1.524999976158142 -0.6169999837875366 1.4049999713897705 42.0
1.5499999523162842 -0.6869999766349792 1.3559999465942383 124.0
1.3739999532699585 -0.40700000524520874 1.402999997138977 40.0
1.4570000171661377 -0.4959999918937683 1.4040000438690186 19.0
1.5379999876022339 -0.5820000171661377 1.4049999713897705 43.0
1.6230000257492065 -0.6759999990463257 1.4049999713897705 33.0
1.3799999952316284 -0.37700000405311584 1.4040000438690186 40.0
1.465999960899353 -0.46299999952316284 1.402999997138977 18.0
1.5529999732971191 -0.5490000247955322 1.406999945640564 44.0
1.6360000371932983 -0.6380000114440918 1.4019999504089355 31.0
1.3869999647140503 -0.34700000286102295 1.406000018119812 40.0
1.4739999771118164 -0.4309999942779541 1.402999997138977 34.0
1.5609999895095825 -0.5120000243186951 1.4040000438690186 42.0
1.6519999504089355 -0.6010000109672546 1.4019999504089355 39.0
1.3919999599456787 -0.31700000166893005 1.406000018119812 41.0
1.4830000400543213 -0.39899998903274536 1.4040000438690186 36.0
1.5729999542236328 -0.4779999852180481 1.4040000438690186 26.0
1.6670000553131104 -0.5630000233650208 1.4010000228881836 38.0
1.3960000276565552 -0.28700000047683716 1.406000018119812 42.0
1.4869999885559082 -0.36500000953674316 1.4010000228881836 38.0
1.5859999656677246 -0.4429999887943268 1.406999945640564 45.0
1.6820000410079956 -0.5260000228881836 1.4019999504089355 42.0
1.4010000228881836 -0.25699999928474426 1.406999945640564 43.0
1.4930000305175781 -0.3319999873638153 1.4010000228881836 39.0
1.5959999561309814 -0.40799999237060547 1.406999945640564 46.0
1.694000005722046 -0.4869999885559082 1.4019999504089355 42.0
1.4010000228881836 -0.22699999809265137 1.4040000438690186 39.0
1.4980000257492065 -0.29899999499320984 1.399999976158142 41.0
1.6009999513626099 -0.3709999918937683 1.4040000438690186 43.0
1.7070000171661377 -0.4490000009536743 1.4019999504089355 42.0
1.4019999504089355 -0.19599999487400055 1.402999997138977 42.0
1.5019999742507935 -0.26600000262260437 1.3990000486373901 43.0
1.6100000143051147 -0.33500000834465027 1.4049999713897705 42.0
1.715999960899353 -0.4090000092983246 1.399999976158142 42.0
1.406000018119812 -0.16699999570846558 1.4049999713897705 38.0
1.5069999694824219 -0.2329999953508377 1.3990000486373901 42.0
1.6139999628067017 -0.2980000078678131 1.4019999504089355 43.0
1.7309999465942383 -0.3709999918937683 1.4040000438690186 41.0
1.406000018119812 -0.13699999451637268 1.4049999713897705 39.0
1.5089999437332153 -0.20000000298023224 1.3980000019073486 38.0
1.6239999532699585 -0.2630000114440918 1.4049999713897705 41.0
1.7389999628067017 -0.3310000002384186 1.402999997138977 41.0
1.4079999923706055 -0.10700000077486038 1.4049999713897705 41.0
1.5169999599456787 -0.1679999977350235 1.4019999504089355 41.0
1.6260000467300415 -0.22599999606609344 1.4019999504089355 44.0
1.746999979019165 -0.28999999165534973 1.402999997138977 42.0
1.4079999923706055 -0.07699999958276749 1.4049999713897705 45.0
1.5169999599456787 -0.1340000033378601 1.4010000228881836 43.0
1.6330000162124634 -0.1899999976158142 1.4040000438690186 43.0
1.7569999694824219 -0.25099998712539673 1.4049999713897705 46.0
1.406999945640564 -0.04800000041723251 1.4049999713897705 40.0
1.5199999809265137 -0.10100000351667404 1.4019999504089355 41.0
1.6380000114440918 -0.15299999713897705 1.4049999713897705 47.0
1.7599999904632568 -0.20999999344348907 1.4019999504089355 42.0
1.406999945640564 -0.017999999225139618 1.4049999713897705 41.0
1.5210000276565552 -0.06800000369548798 1.4010000228881836 43.0
1.6380000114440918 -0.11599999666213989 1.4019999504089355 44.0
1.7599999904632568 -0.1679999977350235 1.3980000019073486 44.0
1.406000018119812 0.009999999776482582 1.406999945640564 37.0
1.5190000534057617 -0.03500000014901161 1.3990000486373901 39.0
1.6399999856948853 -0.07900000363588333 1.4019999504089355 44.0
1.7680000066757202 -0.12800000607967377 1.4010000228881836 42.0
1.406000018119812 0.03999999910593033 1.4079999923706055 44.0
1.5190000534057617 -0.0020000000949949026 1.399999976158142 39.0
1.6399999856948853 -0.041999999433755875 1.4019999504089355 42.0
1.7710000276565552 -0.08699999749660492 1.4010000228881836 43.0
1.402999997138977 0.0689999982714653 1.406999945640564 38.0
1.5169999599456787 0.029999999329447746 1.3990000486373901 39.0
1.6410000324249268 -0.004999999888241291 1.4019999504089355 43.0
1.7719999551773071 -0.04500000178813934 1.399999976158142 42.0
1.3990000486373901 0.09799999743700027 1.406999945640564 37.0
1.5169999599456787 0.06300000101327896 1.399999976158142 38.0
1.6410000324249268 0.03099999949336052 1.402999997138977 45.0
1.7740000486373901 -0.004000000189989805 1.4010000228881836 43.0
1.3969999551773071 0.12700000405311584 1.409000039100647 38.0
1.5169999599456787 0.09600000083446503 1.402999997138977 37.0
1.6380000114440918 0.06800000369548798 1.4010000228881836 45.0
1.7740000486373901 0.035999998450279236 1.399999976158142 43.0
1.3940000534057617 0.15600000321865082 1.409000039100647 38.0
1.5140000581741333 0.1289999932050705 1.402999997138977 35.0
1.6390000581741333 0.10499999672174454 1.4040000438690186 43.0
1.7719999551773071 0.07800000160932541 1.399999976158142 43.0
1.3849999904632568 0.1850000023841858 1.4049999713897705 35.0
1.5099999904632568 0.16200000047683716 1.4040000438690186 35.0
1.6380000114440918 0.1420000046491623 1.406000018119812 49.0
1.7699999809265137 0.11900000274181366 1.399999976158142 43.0
1.3839999437332153 0.21400000154972076 1.409000039100647 39.0
1.5049999952316284 0.19499999284744263 1.402999997138977 32.0
1.6330000162124634 0.17900000512599945 1.4049999713897705 42.0
1.7669999599456787 0.1599999964237213 1.399999976158142 44.0
1.378000020980835 0.24199999868869781 1.409000039100647 38.0
1.4989999532699585 0.22699999809265137 1.4019999504089355 29.0
1.6299999952316284 0.2160000056028366 1.406000018119812 42.0
1.7630000114440918 0.20100000500679016 1.399999976158142 42.0
1.36899995803833 0.27000001072883606 1.406000018119812 35.0
1.4930000305175781 0.25999999046325684 1.402999997138977 30.0
1.6260000467300415 0.2529999911785126 1.4079999923706055 41.0
1.7610000371932983 0.24300000071525574 1.402999997138977 41.0
1.3630000352859497 0.2980000078678131 1.406000018119812 34.0
1.4839999675750732 0.29100000858306885 1.399999976158142 28.0
1.6160000562667847 0.289000004529953 1.4049999713897705 42.0
1.7549999952316284 0.2840000092983246 1.4040000438690186 40.0
1.3569999933242798 0.3269999921321869 1.406999945640564 34.0
1.4739999771118164 0.3230000138282776 1.3969999551773071 24.0
1.6119999885559082 0.32499998807907104 1.4079999923706055 39.0
1.74399995803833 0.32499998807907104 1.4010000228881836 43.0
1.350000023841858 0.35499998927116394 1.4079999923706055 33.0
1.468999981880188 0.35499998927116394 1.399999976158142 32.0
1.5989999771118164 0.3610000014305115 1.4040000438690186 43.0
1.7350000143051147 0.36500000953674316 1.4010000228881836 41.0
1.3420000076293945 0.38199999928474426 1.4079999923706055 34.0
1.4609999656677246 0.3869999945163727 1.399999976158142 34.0
1.5920000076293945 0.3970000147819519 1.406000018119812 42.0
1.7300000190734863 0.40700000524520874 1.4049999713897705 39.0
1.3329999446868896 0.4099999964237213 1.4079999923706055 35.0
1.4509999752044678 0.4180000126361847 1.399999976158142 36.0
1.5809999704360962 0.43299999833106995 1.4049999713897705 37.0
1.7170000076293945 0.44699999690055847 1.402999997138977 38.0
1.3250000476837158 0.43700000643730164 1.4079999923706055 34.0
1.4450000524520874 0.45100000500679016 1.4040000438690186 38.0
1.5709999799728394 0.46799999475479126 1.406000018119812 41.0
1.7079999446868896 0.4880000054836273 1.4049999713897705 40.0
1.315000057220459 0.4650000035762787 1.4079999923706055 33.0
1.4320000410079956 0.48100000619888306 1.4019999504089355 35.0
1.559000015258789 0.5040000081062317 1.406000018119812 37.0
1.6950000524520874 0.5270000100135803 1.4049999713897705 38.0
1.3049999475479126 0.492000013589859 1.4079999923706055 34.0
1.4220000505447388 0.5120000243186951 1.402999997138977 37.0
1.5479999780654907 0.5389999747276306 1.406999945640564 35.0
1.6749999523162842 0.5640000104904175 1.3990000486373901 34.0
1.2949999570846558 0.5189999938011169 1.4079999923706055 34.0
1.409999966621399 0.5429999828338623 1.4019999504089355 34.0
1.5360000133514404 0.5740000009536743 1.4079999923706055 26.0
1.6649999618530273 0.6050000190734863 1.4040000438690186 36.0
1.284000039100647 0.5450000166893005 1.4079999923706055 33.0
1.3990000486373901 0.5740000009536743 1.4040000438690186 34.0
1.5199999809265137 0.6079999804496765 1.406999945640564 24.0
1.6469999551773071 0.6430000066757202 1.4019999504089355 33.0
1.2699999809265137 0.5699999928474426 1.4049999713897705 32.0
1.3860000371932983 0.6039999723434448 1.4040000438690186 34.0
1.503999948501587 0.640999972820282 1.406000018119812 23.0
1.628000020980835 0.6800000071525574 1.399999976158142 32.0
1.2599999904632568 0.597000002861023 1.406999945640564 32.0
1.3700000047683716 0.6330000162124634 1.4019999504089355 34.0
1.4889999628067017 0.675000011920929 1.406999945640564 32.0
1.6130000352859497 0.718999981880188 1.402999997138977 30.0
1.25 0.6240000128746033 1.409000039100647 33.0
1.3550000190734863 0.6620000004768372 1.4010000228881836 33.0
1.472000002861023 0.7080000042915344 1.406000018119812 31.0
1.5959999561309814 0.7570000290870667 1.4040000438690186 29.0
1.2330000400543213 0.6480000019073486 1.4049999713897705 32.0
1.340000033378601 0.6909999847412109 1.4010000228881836 33.0
1.4529999494552612 0.7400000095367432 1.4049999713897705 34.0
1.5750000476837158 0.7929999828338623 1.4040000438690186 27.0
1.2230000495910645 0.675000011920929 1.409000039100647 33.0
1.3240000009536743 0.7200000286102295 1.4010000228881836 33.0
1.437000036239624 0.7730000019073486 1.406000018119812 33.0
1.5529999732971191 0.828000009059906 1.4019999504089355 24.0
1.2089999914169312 0.7009999752044678 1.4079999923706055 33.0
1.3079999685287476 0.7490000128746033 1.4010000228881836 33.0
1.4179999828338623 0.8050000071525574 1.406999945640564 33.0
1.5369999408721924 0.8669999837875366 1.4079999923706055 19.0
1.190999984741211 0.7229999899864197 1.4040000438690186 31.0
1.2940000295639038 0.777999997138977 1.4040000438690186 35.0
1.3949999809265137 0.8349999785423279 1.4040000438690186 32.0
1.5069999694824219 0.8980000019073486 1.4010000228881836 25.0
1.1790000200271606 0.7490000128746033 1.406000018119812 33.0
1.2740000486373901 0.8050000071525574 1.4019999504089355 35.0
1.3760000467300415 0.8659999966621399 1.4040000438690186 32.0
1.4850000143051147 0.9330000281333923 1.402999997138977 29.0
1.1649999618530273 0.7739999890327454 1.406999945640564 32.0
1.2580000162124634 0.8330000042915344 1.4040000438690186 35.0
1.3550000190734863 0.8960000276565552 1.4040000438690186 32.0
1.4639999866485596 0.968999981880188 1.406000018119812 28.0
1.1480000019073486 0.7979999780654907 1.4049999713897705 33.0
1.2389999628067017 0.8600000143051147 1.402999997138977 33.0
1.3339999914169312 0.9269999861717224 1.406000018119812 31.0
1.4359999895095825 1.0 1.402999997138977 28.0
1.1330000162124634 0.8220000267028809 1.406000018119812 32.0
1.218999981880188 0.8859999775886536 1.4019999504089355 33.0
1.312000036239624 0.9570000171661377 1.406000018119812 32.0
1.4110000133514404 1.0329999923706055 1.4049999713897705 27.0
1.1169999837875366 0.847000002861023 1.406999945640564 31.0
1.1990000009536743 0.9120000004768372 1.4019999504089355 33.0
1.2879999876022339 0.9850000143051147 1.406000018119812 31.0
1.3819999694824219 1.062999963760376 1.4019999504089355 29.0
1.1019999980926514 0.871999979019165 1.409999966621399 36.0
1.1790000200271606 0.9380000233650208 1.4019999504089355 34.0
1.2649999856948853 1.0130000114440918 1.406000018119812 31.0
1.3550000190734863 1.0950000286102295 1.4040000438690186 31.0
1.0809999704360962 0.8920000195503235 1.4049999713897705 33.0
1.159999966621399 0.9639999866485596 1.402999997138977 35.0
1.2410000562667847 1.0420000553131104 1.406999945640564 33.0
1.3289999961853027 1.1269999742507935 1.406000018119812 34.0
1.065000057220459 0.9169999957084656 1.4079999923706055 37.0
1.1369999647140503 0.9879999756813049 1.4019999504089355 33.0
1.218000054359436 1.0700000524520874 1.409000039100647 32.0
1.2970000505447388 1.1540000438690186 1.402999997138977 32.0
1.0479999780654907 0.9399999976158142 1.4079999923706055 34.0
1.1169999837875366 1.0140000581741333 1.4040000438690186 35.0
1.1890000104904175 1.093999981880188 1.4049999713897705 32.0
1.2680000066757202 1.1829999685287476 1.4049999713897705 32.0
1.0290000438690186 0.9620000123977661 1.4079999923706055 34.0
1.093999981880188 1.0379999876022339 1.402999997138977 34.0
1.1649999618530273 1.121999979019165 1.409000039100647 33.0
1.2389999628067017 1.2120000123977661 1.406999945640564 32.0
1.0099999904632568 0.984000027179718 1.4079999923706055 35.0
1.0700000524520874 1.059999942779541 1.4019999504089355 35.0
1.1369999647140503 1.1460000276565552 1.406999945640564 32.0
1.2089999914169312 1.2400000095367432 1.4079999923706055 33.0
0.9900000095367432 1.0049999952316284 1.406999945640564 34.0
1.0479999780654907 1.0850000381469727 1.4040000438690186 35.0
1.1109999418258667 1.1720000505447388 1.409000039100647 33.0
1.1740000247955322 1.2619999647140503 1.4040000438690186 35.0
0.968999981880188 1.0260000228881836 1.406000018119812 35.0
1.0230000019073486 1.1059999465942383 1.4019999504089355 35.0
1.0839999914169312 1.1970000267028809 1.409999966621399 35.0
1.1430000066757202 1.2890000343322754 1.406000018119812 37.0
0.949999988079071 1.0479999780654907 1.406999945640564 37.0
1.0 1.1299999952316284 1.4040000438690186 35.0
1.0549999475479126 1.218999981880188 1.409000039100647 33.0
1.1100000143051147 1.3140000104904175 1.4079999923706055 34.0
0.9309999942779541 1.0709999799728394 1.409999966621399 38.0
0.9769999980926514 1.152999997138977 1.406000018119812 37.0
1.027999997138977 1.24399995803833 1.4119999408721924 35.0
1.0770000219345093 1.3370000123977661 1.4079999923706055 36.0
0.9070000052452087 1.0880000591278076 1.406000018119812 41.0
0.949999988079071 1.1720000505447388 1.4040000438690186 35.0
0.9980000257492065 1.2660000324249268 1.4119999408721924 34.0
1.0429999828338623 1.3600000143051147 1.4079999923706055 36.0
0.8870000243186951 1.1109999418258667 1.409000039100647 40.0
0.9240000247955322 1.1929999589920044 1.4040000438690186 36.0
0.9679999947547913 1.2860000133514404 1.4119999408721924 38.0
1.00600004196167 1.378999948501587 1.406000018119812 39.0
0.8650000095367432 1.1299999952316284 1.4079999923706055 40.0
0.8989999890327454 1.2139999866485596 1.406000018119812 38.0
0.9380000233650208 1.3070000410079956 1.4129999876022339 36.0
0.972000002861023 1.4010000228881836 1.4079999923706055 40.0
0.8420000076293945 1.1480000019073486 1.4079999923706055 41.0
0.8740000128746033 1.2350000143051147 1.4079999923706055 36.0
0.9039999842643738 1.3229999542236328 1.409000039100647 38.0
0.9380000233650208 1.4229999780654907 1.409999966621399 41.0
0.8190000057220459 1.1679999828338623 1.409000039100647 41.0
0.8450000286102295 1.2519999742507935 1.406000018119812 40.0
0.8740000128746033 1.343999981880188 1.4110000133514404 37.0
0.902999997138977 1.4429999589920044 1.4119999408721924 40.0
0.7960000038146973 1.1859999895095825 1.4079999923706055 39.0
0.8169999718666077 1.2690000534057617 1.4049999713897705 37.0
0.8429999947547913 1.3619999885559082 1.4119999408721924 39.0
0.8659999966621399 1.4600000381469727 1.4119999408721924 40.0
0.7710000276565552 1.2029999494552612 1.406000018119812 41.0
0.7910000085830688 1.2899999618530273 1.406999945640564 38.0
0.8100000023841858 1.378999948501587 1.4110000133514404 37.0
0.828000009059906 1.475000023841858 1.409999966621399 40.0
0.746999979019165 1.2200000286102295 1.4049999713897705 40.0
0.7620000243186951 1.3070000410079956 1.406999945640564 41.0
0.777999997138977 1.3969999551773071 1.4129999876022339 38.0
0.7900000214576721 1.4880000352859497 1.409000039100647 29.0
0.7250000238418579 1.2419999837875366 1.4110000133514404 40.0
0.734000027179718 1.3240000009536743 1.409000039100647 38.0
0.7459999918937683 1.4140000343322754 1.4140000343322754 38.0
0.7549999952316284 1.5080000162124634 1.4129999876022339 34.0
0.699999988079071 1.2589999437332153 1.4119999408721924 43.0
0.7059999704360962 1.340999960899353 1.409999966621399 36.0
0.7110000252723694 1.4259999990463257 1.4110000133514404 23.0
0.7160000205039978 1.5190000534057617 1.4110000133514404 40.0
0.6740000247955322 1.2740000486373901 1.409999966621399 41.0
0.6759999990463257 1.3559999465942383 1.409999966621399 35.0
0.6800000071525574 1.4429999589920044 1.4149999618530273 36.0
0.6769999861717224 1.527999997138977 1.4079999923706055 42.0
0.6489999890327454 1.2920000553131104 1.4110000133514404 43.0
0.6460000276565552 1.36899995803833 1.4079999923706055 21.0
0.6470000147819519 1.4600000381469727 1.4190000295639038 24.0
0.6399999856948853 1.5410000085830688 1.4110000133514404 43.0
0.6209999918937683 1.3049999475479126 1.409000039100647 42.0
0.6159999966621399 1.3849999904632568 1.409999966621399 36.0
0.6119999885559082 1.468999981880188 1.4149999618530273 35.0
0.6000000238418579 1.5490000247955322 1.409000039100647 39.0
0.5950000286102295 1.3200000524520874 1.409000039100647 21.0
0.5860000252723694 1.3990000486373901 1.4110000133514404 22.0
0.578000009059906 1.4819999933242798 1.4170000553131104 37.0
0.546999990940094 1.5169999599456787 1.371000051498413 25.0
0.5709999799728394 1.340999960899353 1.4149999618530273 38.0
0.5550000071525574 1.4110000133514404 1.409999966621399 36.0
0.5419999957084656 1.4900000095367432 1.4149999618530273 40.0
0.47699999809265137 1.4279999732971191 1.284000039100647 20.0
0.5410000085830688 1.3489999771118164 1.409000039100647 21.0
0.5239999890327454 1.4229999780654907 1.409999966621399 36.0
0.4869999885559082 1.4390000104904175 1.3569999933242798 21.0
0.4309999942779541 1.4010000228881836 1.253999948501587 32.0
0.515999972820282 1.36899995803833 1.4160000085830688 38.0
0.49300000071525574 1.434000015258789 1.409999966621399 37.0
0.42899999022483826 1.371999979019165 1.284999966621399 20.0
0.3970000147819519 1.406000018119812 1.253999948501587 33.0
0.4869999885559082 1.38100004196167 1.4149999618530273 38.0
0.4410000145435333 1.3799999952316284 1.347000002861023 22.0
0.3889999985694885 1.3489999771118164 1.2580000162124634 31.0
0.3619999885559082 1.409999966621399 1.253000020980835 32.0
0.4580000042915344 1.3919999599456787 1.4129999876022339 38.0
0.39100000262260437 1.3259999752044678 1.284999966621399 13.0
0.3569999933242798 1.3550000190734863 1.2580000162124634 29.0
0.3269999921321869 1.4140000343322754 1.253000020980835 27.0
0.41200000047683716 1.3480000495910645 1.3569999933242798 12.0
0.3610000014305115 1.3300000429153442 1.281000018119812 2.0
0.328000009059906 1.3680000305175781 1.2640000581741333 16.0
0.2930000126361847 1.4190000295639038 1.2549999952316284 5.0
0.36899998784065247 1.305999994277954 1.3040000200271606 7.0
0.335999995470047 1.3559999465942383 1.2979999780654907 3.0
0.2980000078678131 1.3839999437332153 1.2740000486373901 1.0
0.0 0.0 0.0 0.0
0.3440000116825104 1.3229999542236328 1.3109999895095825 1.0
0.30799999833106995 1.36899995803833 1.3040000200271606 2.0
0.0 0.0 0.0 0.0
0.20800000429153442 1.3170000314712524 1.1629999876022339 7.0
0.0 0.0 0.0 0.0
0.0 0.0 0.0 0.0
0.2199999988079071 1.309999942779541 1.1990000009536743 1.0
0.17299999296665192 1.2890000343322754 1.1369999647140503 43.0
0.0 0.0 0.0 0.0
0.0 0.0 0.0 0.0
0.18400000035762787 1.2699999809265137 1.159999966621399 1.0
0.14000000059604645 1.2760000228881836 1.1269999742507935 43.0
0.0 0.0 0.0 0.0
0.1850000023841858 1.1829999685287476 1.1119999885559082 0.0
0.1509999930858612 1.24399995803833 1.1349999904632568 1.0
0.1080000028014183 1.2589999437332153 1.1130000352859497 23.0
0.0 0.0 0.0 0.0
0.1599999964237213 1.1950000524520874 1.1200000047683716 1.0
0.12300000339746475 1.2419999837875366 1.1319999694824219 1.0
0.07699999958276749 1.2419999837875366 1.100000023841858 19.0
0.1720000058412552 1.152999997138977 1.1080000400543213 1.0
0.13300000131130219 1.1929999589920044 1.1150000095367432 1.0
0.09300000220537186 1.2280000448226929 1.11899995803833 1.0
0.052000001072883606 1.343999981880188 1.1929999589920044 9.0
0.14800000190734863 1.1619999408721924 1.1109999418258667 1.0
0.1080000028014183 1.2089999914169312 1.1269999742507935 2.0
0.06499999761581421 1.2339999675750732 1.125 33.0
0.024000000208616257 1.565999984741211 1.3940000534057617 9.0
0.12300000339746475 1.1660000085830688 1.1100000143051147 2.0
0.07500000298023224 1.128000020980835 1.0499999523162842 0.0
0.03700000047683716 1.2319999933242798 1.1239999532699585 10.0
-0.012000000104308128 1.5839999914169312 1.4149999618530273 41.0
0.0989999994635582 1.1890000104904175 1.1269999742507935 2.0
0.054999999701976776 1.2239999771118164 1.1380000114440918 7.0
0.010999999940395355 1.4539999961853027 1.3279999494552612 6.0
-0.04899999871850014 1.5740000009536743 1.4119999408721924 36.0
0.07400000095367432 1.1929999589920044 1.1269999742507935 2.0
0.02800000086426735 1.2280000448226929 1.1410000324249268 47.0
-0.02199999988079071 1.5449999570846558 1.4140000343322754 38.0
-0.08500000089406967 1.565999984741211 1.4119999408721924 33.0
0.04899999871850014 1.2109999656677246 1.1399999856948853 3.0
0.0010000000474974513 1.3200000524520874 1.2259999513626099 11.0
-0.05700000002980232 1.5410000085830688 1.4140000343322754 35.0
-0.12200000137090683 1.5579999685287476 1.4110000133514404 36.0
0.023000000044703484 1.2230000495910645 1.1490000486373901 40.0
-0.03200000151991844 1.5169999599456787 1.409000039100647 38.0
-0.09200000017881393 1.5379999876022339 1.4149999618530273 36.0
-0.15700000524520874 1.5460000038146973 1.409000039100647 27.0
-0.0020000000949949026 1.2949999570846558 1.2139999866485596 10.0
-0.06499999761581421 1.5190000534057617 1.4110000133514404 42.0
-0.12700000405311584 1.534000039100647 1.4160000085830688 38.0
-0.1899999976158142 1.5169999599456787 1.3910000324249268 54.0
-0.035999998450279236 1.503999948501587 1.406999945640564 37.0
-0.0989999994635582 1.5140000581741333 1.409000039100647 39.0
-0.16099999845027924 1.5219999551773071 1.409999966621399 26.0
-0.19200000166893005 1.2879999876022339 1.190000057220459 18.0
-0.06800000369548798 1.5099999904632568 1.4110000133514404 36.0
-0.13199999928474426 1.5140000581741333 1.4110000133514404 38.0
-0.19499999284744263 1.5130000114440918 1.4079999923706055 29.0
-0.22100000083446503 1.2790000438690186 1.1890000104904175 3.0
-0.10100000351667404 1.5099999904632568 1.409999966621399 35.0
-0.16500000655651093 1.5069999694824219 1.406999945640564 20.0
-0.19300000369548798 1.2730000019073486 1.190999984741211 18.0
0.0 0.0 0.0 0.0
-0.1340000033378601 1.5089999437332153 1.409000039100647 37.0
-0.1979999989271164 1.4980000257492065 1.4019999504089355 23.0
-0.2199999988079071 1.2580000162124634 1.1829999685287476 5.0
0.0 0.0 0.0 0.0
-0.16699999570846558 1.503999948501587 1.4040000438690186 15.0
-0.19599999487400055 1.2680000066757202 1.190999984741211 25.0
0.0 0.0 0.0 0.0
0.0 0.0 0.0 0.0
-0.19900000095367432 1.49399995803833 1.3969999551773071 25.0
-0.22200000286102295 1.246999979019165 1.1759999990463257 6.0
0.0 0.0 0.0 0.0
0.0 0.0 0.0 0.0
-0.19699999690055847 1.2719999551773071 1.190000057220459 25.0
0.0 0.0 0.0 0.0
0.0 0.0 0.0 0.0
0.0 0.0 0.0 0.0
-0.2240000069141388 1.2580000162124634 1.1799999475479126 3.0
0.0 0.0 0.0 0.0
0.0 0.0 0.0 0.0
0.0 0.0 0.0 0.0
0.0 0.0 0.0 0.0
0.0 0.0 0.0 0.0
0.0 0.0 0.0 0.0
0.0 0.0 0.0 0.0
0.0 0.0 0.0 0.0
0.0 0.0 0.0 0.0
0.0 0.0 0.0 0.0
0.0 0.0 0.0 0.0
0.0 0.0 0.0 0.0
0.0 0.0 0.0 0.0
0.0 0.0 0.0 0.0
0.0 0.0 0.0 0.0
0.0 0.0 0.0 0.0
0.0 0.0 0.0 0.0
0.0 0.0 0.0 0.0
0.0 0.0 0.0 0.0
0.0 0.0 0.0 0.0
0.0 0.0 0.0 0.0
0.0 0.0 0.0 0.0
0.0 0.0 0.0 0.0
0.0 0.0 0.0 0.0
0.0 0.0 0.0 0.0
0.0 0.0 0.0 0.0
0.0 0.0 0.0 0.0
0.0 0.0 0.0 0.0
0.0 0.0 0.0 0.0
0.0 0.0 0.0 0.0
-0.6579999923706055 1.2869999408721924 1.3940000534057617 4.0
0.0 0.0 0.0 0.0
0.0 0.0 0.0 0.0
0.0 0.0 0.0 0.0
-0.6959999799728394 1.2860000133514404 1.4149999618530273 29.0
0.0 0.0 0.0 0.0
0.0 0.0 0.0 0.0
-0.6679999828338623 1.3240000009536743 1.4079999923706055 8.0
0.0 0.0 0.0 0.0
0.0 0.0 0.0 1.0
0.0 0.0 0.0 0.0
-0.6859999895095825 1.2869999408721924 1.3880000114440918 3.0
0.0 0.0 0.0 0.0
0.0 0.0 0.0 0.0
-0.6610000133514404 1.315000057220459 1.3680000305175781 6.0
-0.7239999771118164 1.2879999876022339 1.4079999923706055 16.0
0.0 0.0 0.0 0.0
0.0 0.0 0.0 0.0
-0.703000009059906 1.3250000476837158 1.3940000534057617 12.0
0.0 0.0 0.0 0.0
0.0 0.0 0.0 0.0
0.0 0.0 0.0 0.0
-0.7210000157356262 1.2879999876022339 1.371999979019165 3.0
0.0 0.0 0.0 0.0
0.0 0.0 0.0 1.0
-0.6959999799728394 1.319000005722046 1.343999981880188 11.0
0.0 0.0 0.0 0.0
0.0 0.0 0.0 0.0
0.0 0.0 0.0 0.0
-0.7639999985694885 1.371000051498413 1.4119999408721924 21.0
0.0 0.0 0.0 0.0
0.0 0.0 0.0 0.0
0.0 0.0 0.0 1.0
0.0 0.0 0.0 0.0
0.0 0.0 0.0 0.0
0.0 0.0 0.0 0.0
0.0 0.0 0.0 0.0
0.0 0.0 0.0 0.0
0.0 0.0 0.0 0.0
0.0 0.0 0.0 0.0
0.0 0.0 0.0 0.0
0.0 0.0 0.0 0.0
0.0 0.0 0.0 0.0
0.0 0.0 0.0 0.0
0.0 0.0 0.0 0.0
0.0 0.0 0.0 0.0
0.0 0.0 0.0 0.0
0.0 0.0 0.0 0.0
0.0 0.0 0.0 0.0
0.0 0.0 0.0 0.0
0.0 0.0 0.0 0.0
0.0 0.0 0.0 0.0
0.0 0.0 0.0 0.0
0.0 0.0 0.0 0.0
0.0 0.0 0.0 0.0
0.0 0.0 0.0 0.0
0.0 0.0 0.0 0.0
0.0 0.0 0.0 0.0
0.0 0.0 0.0 0.0
0.0 0.0 0.0 0.0
0.0 0.0 0.0 0.0
0.0 0.0 0.0 0.0
0.0 0.0 0.0 0.0
0.0 0.0 0.0 0.0
0.0 0.0 0.0 0.0
0.0 0.0 0.0 0.0
0.0 0.0 0.0 0.0
0.0 0.0 0.0 0.0
0.0 0.0 0.0 0.0
0.0 0.0 0.0 0.0
0.0 0.0 0.0 0.0
0.0 0.0 0.0 0.0
0.0 0.0 0.0 0.0
0.0 0.0 0.0 0.0
0.0 0.0 0.0 0.0
0.0 0.0 0.0 0.0
0.0 0.0 0.0 0.0
0.0 0.0 0.0 1.0
0.0 0.0 0.0 0.0
0.0 0.0 0.0 0.0
0.0 0.0 0.0 0.0
0.0 0.0 0.0 0.0
0.0 0.0 0.0 0.0
0.0 0.0 0.0 0.0
0.0 0.0 0.0 0.0
0.0 0.0 0.0 0.0
0.0 0.0 0.0 0.0
0.0 0.0 0.0 0.0
0.0 0.0 0.0 1.0
0.0 0.0 0.0 0.0
0.0 0.0 0.0 0.0
0.0 0.0 0.0 0.0
0.0 0.0 0.0 0.0
0.0 0.0 0.0 0.0
0.0 0.0 0.0 0.0
0.0 0.0 0.0 0.0
0.0 0.0 0.0 0.0
0.0 0.0 0.0 0.0
0.0 0.0 0.0 0.0
0.0 0.0 0.0 0.0
0.0 0.0 0.0 0.0
0.0 0.0 0.0 0.0
0.0 0.0 0.0 0.0
0.0 0.0 0.0 0.0
0.0 0.0 0.0 1.0
0.0 0.0 0.0 0.0
0.0 0.0 0.0 0.0
0.0 0.0 0.0 0.0
0.0 0.0 0.0 0.0
0.0 0.0 0.0 0.0
0.0 0.0 0.0 0.0
0.0 0.0 0.0 0.0
0.0 0.0 0.0 0.0
0.0 0.0 0.0 0.0
0.0 0.0 0.0 0.0
0.0 0.0 0.0 0.0
0.0 0.0 0.0 0.0
0.0 0.0 0.0 0.0
0.0 0.0 0.0 0.0
0.0 0.0 0.0 0.0
0.0 0.0 0.0 1.0
0.0 0.0 0.0 0.0
0.0 0.0 0.0 0.0
0.0 0.0 0.0 0.0
0.0 0.0 0.0 0.0
0.0 0.0 0.0 1.0
0.0 0.0 0.0 0.0
0.0 0.0 0.0 0.0
0.0 0.0 0.0 1.0
0.0 0.0 0.0 0.0
0.0 0.0 0.0 0.0
0.0 0.0 0.0 0.0
0.0 0.0 0.0 0.0
0.0 0.0 0.0 0.0
0.0 0.0 0.0 0.0
0.0 0.0 0.0 0.0
0.0 0.0 0.0 1.0
0.0 0.0 0.0 0.0
0.0 0.0 0.0 0.0
0.0 0.0 0.0 0.0
0.0 0.0 0.0 0.0
0.0 0.0 0.0 1.0
0.0 0.0 0.0 0.0
0.0 0.0 0.0 0.0
0.0 0.0 0.0 1.0
0.0 0.0 0.0 0.0
0.0 0.0 0.0 0.0
0.0 0.0 0.0 0.0
0.0 0.0 0.0 0.0
0.0 0.0 0.0 0.0
0.0 0.0 0.0 0.0
0.0 0.0 0.0 0.0
0.0 0.0 0.0 1.0
0.0 0.0 0.0 0.0
0.0 0.0 0.0 0.0
0.0 0.0 0.0 0.0
0.0 0.0 0.0 0.0
0.0 0.0 0.0 0.0
0.0 0.0 0.0 0.0
0.0 0.0 0.0 0.0
0.0 0.0 0.0 1.0
0.0 0.0 0.0 0.0
0.0 0.0 0.0 0.0
0.0 0.0 0.0 0.0
0.0 0.0 0.0 0.0
0.0 0.0 0.0 0.0
0.0 0.0 0.0 0.0
0.0 0.0 0.0 0.0
0.0 0.0 0.0 1.0
0.0 0.0 0.0 0.0
0.0 0.0 0.0 0.0
0.0 0.0 0.0 0.0
0.0 0.0 0.0 0.0
0.0 0.0 0.0 0.0
0.0 0.0 0.0 0.0
0.0 0.0 0.0 0.0
0.0 0.0 0.0 1.0
0.0 0.0 0.0 0.0
0.0 0.0 0.0 0.0
0.0 0.0 0.0 0.0
0.0 0.0 0.0 0.0
0.0 0.0 0.0 0.0
0.0 0.0 0.0 0.0
0.0 0.0 0.0 0.0
0.0 0.0 0.0 1.0
0.0 0.0 0.0 0.0
0.0 0.0 0.0 0.0
0.0 0.0 0.0 0.0
0.0 0.0 0.0 0.0
0.0 0.0 0.0 0.0
0.0 0.0 0.0 0.0
0.0 0.0 0.0 0.0
0.0 0.0 0.0 1.0
0.0 0.0 0.0 0.0
0.0 0.0 0.0 0.0
0.0 0.0 0.0 0.0
0.0 0.0 0.0 0.0
0.0 0.0 0.0 0.0
0.0 0.0 0.0 0.0
0.0 0.0 0.0 0.0
0.0 0.0 0.0 1.0
0.0 0.0 0.0 0.0
0.0 0.0 0.0 0.0
0.0 0.0 0.0 0.0
0.0 0.0 0.0 0.0
0.0 0.0 0.0 0.0
0.0 0.0 0.0 0.0
0.0 0.0 0.0 0.0
0.0 0.0 0.0 1.0
0.0 0.0 0.0 0.0
0.0 0.0 0.0 0.0
0.0 0.0 0.0 0.0
0.0 0.0 0.0 0.0
0.0 0.0 0.0 0.0
0.0 0.0 0.0 0.0
0.0 0.0 0.0 0.0
0.0 0.0 0.0 1.0
0.0 0.0 0.0 0.0
0.0 0.0 0.0 0.0
0.0 0.0 0.0 0.0
0.0 0.0 0.0 0.0
0.0 0.0 0.0 0.0
0.0 0.0 0.0 0.0
0.0 0.0 0.0 0.0
0.0 0.0 0.0 1.0
0.0 0.0 0.0 0.0
0.0 0.0 0.0 0.0
0.0 0.0 0.0 0.0
0.0 0.0 0.0 0.0
0.0 0.0 0.0 0.0
0.0 0.0 0.0 0.0
0.0 0.0 0.0 0.0
0.0 0.0 0.0 1.0
0.0 0.0 0.0 0.0
0.0 0.0 0.0 0.0
0.0 0.0 0.0 0.0
0.0 0.0 0.0 0.0
0.0 0.0 0.0 0.0
0.0 0.0 0.0 0.0
0.0 0.0 0.0 0.0
0.0 0.0 0.0 1.0
0.0 0.0 0.0 0.0
0.0 0.0 0.0 0.0
0.0 0.0 0.0 0.0
0.0 0.0 0.0 0.0
0.0 0.0 0.0 0.0
0.0 0.0 0.0 0.0
0.0 0.0 0.0 0.0
0.0 0.0 0.0 1.0
0.0 0.0 0.0 0.0
0.0 0.0 0.0 0.0
0.0 0.0 0.0 0.0
0.0 0.0 0.0 0.0
0.0 0.0 0.0 1.0
0.0 0.0 0.0 0.0
0.0 0.0 0.0 0.0
0.0 0.0 0.0 1.0
0.0 0.0 0.0 0.0
0.0 0.0 0.0 0.0
0.0 0.0 0.0 0.0
0.0 0.0 0.0 0.0
0.0 0.0 0.0 1.0
0.0 0.0 0.0 0.0
0.0 0.0 0.0 0.0
0.0 0.0 0.0 1.0
0.0 0.0 0.0 0.0
0.0 0.0 0.0 0.0
0.0 0.0 0.0 0.0
0.0 0.0 0.0 0.0
0.0 0.0 0.0 1.0
0.0 0.0 0.0 0.0
0.0 0.0 0.0 1.0
0.0 0.0 0.0 1.0
0.0 0.0 0.0 0.0
0.0 0.0 0.0 0.0
0.0 0.0 0.0 0.0
0.0 0.0 0.0 0.0
0.0 0.0 0.0 1.0
0.0 0.0 0.0 0.0
0.0 0.0 0.0 0.0
0.0 0.0 0.0 1.0
0.0 0.0 0.0 0.0
0.0 0.0 0.0 0.0
0.0 0.0 0.0 0.0
0.0 0.0 0.0 0.0
0.0 0.0 0.0 1.0
0.0 0.0 0.0 0.0
0.0 0.0 0.0 0.0
0.0 0.0 0.0 1.0
0.0 0.0 0.0 0.0
0.0 0.0 0.0 0.0
0.0 0.0 0.0 0.0
0.0 0.0 0.0 0.0
0.0 0.0 0.0 1.0
0.0 0.0 0.0 0.0
0.0 0.0 0.0 0.0
0.0 0.0 0.0 0.0
0.0 0.0 0.0 0.0
0.0 0.0 0.0 0.0
0.0 0.0 0.0 0.0
0.0 0.0 0.0 0.0
0.0 0.0 0.0 1.0
0.0 0.0 0.0 0.0
0.0 0.0 0.0 0.0
0.0 0.0 0.0 0.0
0.0 0.0 0.0 0.0
0.0 0.0 0.0 0.0
0.0 0.0 0.0 0.0
0.0 0.0 0.0 0.0
0.0 0.0 0.0 1.0
0.0 0.0 0.0 0.0
0.0 0.0 0.0 0.0
0.0 0.0 0.0 0.0
0.0 0.0 0.0 0.0
0.0 0.0 0.0 0.0
0.0 0.0 0.0 0.0
0.0 0.0 0.0 0.0
0.0 0.0 0.0 1.0
0.0 0.0 0.0 0.0
0.0 0.0 0.0 0.0
0.0 0.0 0.0 0.0
0.0 0.0 0.0 0.0
0.0 0.0 0.0 0.0
0.0 0.0 0.0 0.0
0.0 0.0 0.0 0.0
0.0 0.0 0.0 1.0
0.0 0.0 0.0 0.0
0.0 0.0 0.0 0.0
0.0 0.0 0.0 0.0
0.0 0.0 0.0 0.0
0.0 0.0 0.0 0.0
0.0 0.0 0.0 0.0
0.0 0.0 0.0 0.0
0.0 0.0 0.0 1.0
0.0 0.0 0.0 0.0
0.0 0.0 0.0 0.0
0.0 0.0 0.0 0.0
0.0 0.0 0.0 0.0
0.0 0.0 0.0 0.0
0.0 0.0 0.0 0.0
0.0 0.0 0.0 0.0
0.0 0.0 0.0 0.0
0.0 0.0 0.0 0.0
0.0 0.0 0.0 0.0
0.0 0.0 0.0 0.0
0.0 0.0 0.0 0.0
0.0 0.0 0.0 0.0
0.0 0.0 0.0 0.0
0.0 0.0 0.0 0.0
0.0 0.0 0.0 0.0
0.0 0.0 0.0 0.0
0.0 0.0 0.0 0.0
0.0 0.0 0.0 1.0
0.0 0.0 0.0 0.0
0.0 0.0 0.0 0.0
0.0 0.0 0.0 0.0
0.0 0.0 0.0 0.0
0.0 0.0 0.0 0.0
0.0 0.0 0.0 0.0
0.0 0.0 0.0 0.0
0.0 0.0 0.0 1.0
0.0 0.0 0.0 0.0
0.0 0.0 0.0 0.0
0.0 0.0 0.0 0.0
0.0 0.0 0.0 0.0
0.0 0.0 0.0 0.0
0.0 0.0 0.0 0.0
0.0 0.0 0.0 0.0
0.0 0.0 0.0 1.0
0.0 0.0 0.0 0.0
0.0 0.0 0.0 0.0
0.0 0.0 0.0 0.0
0.0 0.0 0.0 0.0
0.0 0.0 0.0 0.0
0.0 0.0 0.0 0.0
-0.04100000113248825 -0.05400000140070915 0.07199999690055847 0.0
0.0 0.0 0.0 1.0
0.0 0.0 0.0 0.0
0.0 0.0 0.0 0.0
0.0 0.0 0.0 0.0
0.0 0.0 0.0 0.0
0.0 0.0 0.0 1.0
0.0 0.0 0.0 0.0
0.0 0.0 0.0 0.0
0.0 0.0 0.0 1.0
0.0 0.0 0.0 0.0
0.0 0.0 0.0 0.0
0.0 0.0 0.0 0.0
0.0 0.0 0.0 0.0
0.0 0.0 0.0 0.0
0.0 0.0 0.0 0.0
0.0 0.0 0.0 0.0
0.0 0.0 0.0 0.0
0.0 0.0 0.0 0.0
0.0 0.0 0.0 0.0
0.0 0.0 0.0 0.0
0.0 0.0 0.0 0.0
-0.652999997138977 -1.2089999914169312 1.3140000104904175 19.0
-0.6679999828338623 -1.1990000009536743 1.3860000371932983 13.0
0.0 0.0 0.0 0.0
0.0 0.0 0.0 0.0
-0.6700000166893005 -1.312000036239624 1.4129999876022339 28.0
-0.6470000147819519 -1.2259999513626099 1.4019999504089355 11.0
-0.6340000033378601 -1.1649999618530273 1.4160000085830688 27.0
0.0 0.0 0.0 0.0
-0.6359999775886536 -1.319000005722046 1.409000039100647 25.0
-0.6230000257492065 -1.2480000257492065 1.4129999876022339 31.0
-0.6100000143051147 -1.180999994277954 1.4179999828338623 32.0
-0.5910000205039978 -1.1030000448226929 1.4160000085830688 26.0
0.0 0.0 0.0 0.0
-0.5920000076293945 -1.2549999952316284 1.406999945640564 26.0
-0.5830000042915344 -1.190999984741211 1.4149999618530273 33.0
-0.5709999799728394 -1.121000051498413 1.4199999570846558 35.0
0.0 0.0 0.0 0.0
0.0 0.0 0.0 0.0
-0.5580000281333923 -1.2050000429153442 1.4160000085830688 30.0
-0.5479999780654907 -1.1330000162124634 1.4190000295639038 35.0
0.0 0.0 0.0 0.0
0.0 0.0 0.0 0.0
-0.5299999713897705 -1.2130000591278076 1.4110000133514404 26.0
-0.5260000228881836 -1.1469999551773071 1.4190000295639038 37.0
0.0 0.0 0.0 0.0
0.0 0.0 0.0 0.0
0.0 0.0 0.0 0.0
-0.5019999742507935 -1.159000039100647 1.4170000553131104 34.0
0.0 0.0 0.0 0.0
0.0 0.0 0.0 0.0
0.0 0.0 0.0 0.0
-0.47999998927116394 -1.1720000505447388 1.4179999828338623 27.0
0.0 0.0 0.0 0.0
0.0 0.0 0.0 0.0
0.0 0.0 0.0 0.0
0.0 0.0 0.0 0.0
0.0 0.0 0.0 0.0
0.0 0.0 0.0 0.0
0.0 0.0 0.0 0.0
0.0 0.0 0.0 0.0
0.0 0.0 0.0 0.0
0.0 0.0 0.0 0.0
0.0 0.0 0.0 0.0
0.0 0.0 0.0 0.0
0.0 0.0 0.0 0.0
0.0 0.0 0.0 0.0
0.0 0.0 0.0 0.0
0.0 0.0 0.0 0.0
0.0 0.0 0.0 0.0
0.0 0.0 0.0 0.0
0.0 0.0 0.0 0.0
0.0 0.0 0.0 0.0
0.0 0.0 0.0 0.0
0.0 0.0 0.0 0.0
0.0 0.0 0.0 0.0
0.0 0.0 0.0 0.0
0.0 0.0 0.0 0.0
0.0 0.0 0.0 0.0
0.0 0.0 0.0 0.0
0.0 0.0 0.0 0.0
0.0 0.0 0.0 0.0
0.0 0.0 0.0 0.0
0.0 0.0 0.0 0.0
0.0 0.0 0.0 0.0
0.0 0.0 0.0 0.0
0.0 0.0 0.0 0.0
0.0 0.0 0.0 0.0
0.0 0.0 0.0 0.0
0.0 0.0 0.0 0.0
0.0 0.0 0.0 0.0
0.0 0.0 0.0 0.0
0.0 0.0 0.0 0.0
0.0 0.0 0.0 0.0
0.0 0.0 0.0 0.0
0.0 0.0 0.0 0.0
0.0 0.0 0.0 0.0
0.0 0.0 0.0 0.0
0.0 0.0 0.0 0.0
0.0 0.0 0.0 0.0
0.0 0.0 0.0 0.0
-0.019999999552965164 -0.621999979019165 0.6340000033378601 0.0
0.0 0.0 0.0 0.0
0.0 0.0 0.0 0.0
0.0 0.0 0.0 0.0
-0.006000000052154064 -0.6200000047683716 0.6340000033378601 0.0
0.0 0.0 0.0 0.0
0.0 0.0 0.0 0.0
0.0 0.0 0.0 0.0
0.007000000216066837 -0.6159999966621399 0.6330000162124634 1.0
0.0 0.0 0.0 0.0
0.0 0.0 0.0 0.0
0.0 0.0 0.0 0.0
0.02199999988079071 -0.6209999918937683 0.6389999985694885 2.0
0.0 0.0 0.0 0.0
0.0 0.0 0.0 0.0
0.0 0.0 0.0 0.0
0.0 0.0 0.0 0.0
0.0 0.0 0.0 0.0
0.0 0.0 0.0 0.0
0.0 0.0 0.0 0.0
0.0 0.0 0.0 0.0
0.0 0.0 0.0 0.0
0.013000000268220901 -0.6549999713897705 0.6909999847412109 0.0
0.0 0.0 0.0 0.0
0.0 0.0 0.0 0.0
0.0 0.0 0.0 0.0
0.027000000700354576 -0.6489999890327454 0.6850000023841858 0.0
0.0 0.0 0.0 0.0
0.0 0.0 0.0 0.0
0.0 0.0 0.0 0.0
0.04100000113248825 -0.6549999713897705 0.6919999718666077 0.0
0.019999999552965164 -0.6549999713897705 0.6970000267028809 1.0
0.0 0.0 0.0 0.0
0.0 0.0 0.0 0.0
0.054999999701976776 -0.6449999809265137 0.6819999814033508 0.0
0.03400000184774399 -0.6570000052452087 0.6970000267028809 0.0
0.0 0.0 0.0 0.0
0.0 0.0 0.0 0.0
0.0 0.0 0.0 0.0
0.04800000041723251 -0.6589999794960022 0.6980000138282776 0.0
0.0 0.0 0.0 0.0
0.0 0.0 0.0 0.0
0.0 0.0 0.0 0.0
0.0 0.0 0.0 0.0
0.0 0.0 0.0 0.0
0.0 0.0 0.0 0.0
0.0 0.0 0.0 0.0
0.0 0.0 0.0 0.0
0.0 0.0 0.0 0.0
0.0 0.0 0.0 0.0
0.0 0.0 0.0 0.0
0.0 0.0 0.0 0.0
0.0 0.0 0.0 0.0
0.0 0.0 0.0 0.0
0.0 0.0 0.0 0.0
0.0 0.0 0.0 0.0
0.0 0.0 0.0 0.0
0.0 0.0 0.0 0.0
0.0 0.0 0.0 0.0
0.0 0.0 0.0 0.0
0.0 0.0 0.0 0.0
0.0 0.0 0.0 0.0
0.0 0.0 0.0 0.0
0.0 0.0 0.0 0.0
0.0 0.0 0.0 0.0
0.0 0.0 0.0 0.0
0.0 0.0 0.0 0.0
0.0 0.0 0.0 0.0
0.0 0.0 0.0 0.0
0.0 0.0 0.0 0.0
0.0 0.0 0.0 0.0
0.0 0.0 0.0 0.0
0.4740000069141388 -1.2100000381469727 1.4079999923706055 12.0
0.0 0.0 0.0 0.0
0.0 0.0 0.0 0.0
0.0 0.0 0.0 0.0
0.4690000116825104 -1.121000051498413 1.3200000524520874 8.0
0.0 0.0 0.0 0.0
0.38199999928474426 -1.1339999437332153 1.2510000467300415 1.0
0.0 0.0 0.0 0.0
0.492000013589859 -1.1080000400543213 1.3220000267028809 9.0
0.4830000102519989 -1.2070000171661377 1.3849999904632568 0.0
0.0 0.0 0.0 0.0
0.0 0.0 0.0 0.0
0.5460000038146973 -1.159000039100647 1.4019999504089355 7.0
0.5019999742507935 -1.1790000200271606 1.3669999837875366 5.0
0.0 0.0 0.0 0.0
0.0 0.0 0.0 0.0
0.5720000267028809 -1.1460000276565552 1.406000018119812 13.0
0.5189999938011169 -1.1490000486373901 1.347000002861023 4.0
0.4779999852180481 -1.1619999408721924 1.309999942779541 8.0
0.0 0.0 0.0 0.0
0.5950000286102295 -1.128999948501587 1.4049999713897705 30.0
0.5630000233650208 -1.1759999990463257 1.3940000534057617 11.0
0.5009999871253967 -1.1460000276565552 1.3029999732971191 9.0
0.5090000033378601 -1.2879999876022339 1.406999945640564 0.0
0.6169999837875366 -1.1109999418258667 1.402999997138977 11.0
0.593999981880188 -1.1729999780654907 1.4079999923706055 2.0
0.5339999794960022 -1.152999997138977 1.3229999542236328 6.0
0.5270000100135803 -1.253000020980835 1.3769999742507935 17.0
0.6380000114440918 -1.090999960899353 1.4010000228881836 12.0
0.0 0.0 0.0 0.0
0.0 0.0 0.0 0.0
0.5590000152587891 -1.2510000467300415 1.3839999437332153 17.0
0.6620000004768372 -1.0779999494552612 1.406000018119812 11.0
0.0 0.0 0.0 0.0
0.0 0.0 0.0 0.0
0.5929999947547913 -1.253999948501587 1.3969999551773071 15.0
0.6850000023841858 -1.0609999895095825 1.4079999923706055 16.0
0.6600000262260437 -1.1160000562667847 1.3919999599456787 2.0
0.652999997138977 -1.1970000267028809 1.4149999618530273 4.0
0.6190000176429749 -1.2369999885559082 1.3890000581741333 18.0
0.7049999833106995 -1.0420000553131104 1.406999945640564 13.0
0.6830000281333923 -1.0989999771118164 1.3910000324249268 8.0
0.6489999890327454 -1.1299999952316284 1.3519999980926514 7.0
0.656000018119812 -1.2430000305175781 1.4079999923706055 26.0
0.7250000238418579 -1.0219999551773071 1.406999945640564 34.0
0.7099999785423279 -1.0889999866485596 1.3980000019073486 29.0
0.6639999747276306 -1.0989999771118164 1.3309999704360962 1.0
0.6340000033378601 -1.1399999856948853 1.3020000457763672 3.0
0.7459999918937683 -1.003999948501587 1.4079999923706055 33.0
0.7350000143051147 -1.0740000009536743 1.4019999504089355 33.0
0.6620000004768372 -1.0429999828338623 1.2790000438690186 1.0
0.652999997138977 -1.1139999628067017 1.2860000133514404 3.0
0.7639999985694885 -0.9829999804496765 1.406000018119812 18.0
0.7570000290870667 -1.055999994277954 1.4010000228881836 32.0
0.7099999785423279 -1.0679999589920044 1.3270000219345093 3.0
0.0 0.0 0.0 0.0
0.7829999923706055 -0.9629999995231628 1.4049999713897705 26.0
0.7789999842643738 -1.0390000343322754 1.4019999504089355 32.0
0.7649999856948853 -1.0959999561309814 1.3819999694824219 14.0
0.0 0.0 0.0 0.0
0.8029999732971191 -0.9449999928474426 1.409000039100647 29.0
0.8019999861717224 -1.0219999551773071 1.4040000438690186 33.0
0.7950000166893005 -1.0880000591278076 1.3919999599456787 14.0
0.6970000267028809 -1.0260000228881836 1.2259999513626099 2.0
0.8209999799728394 -0.925000011920929 1.4079999923706055 33.0
0.8259999752044678 -1.00600004196167 1.406999945640564 27.0
0.8270000219345093 -1.0809999704360962 1.4049999713897705 26.0
0.7229999899864197 -1.0160000324249268 1.2289999723434448 0.0
0.8389999866485596 -0.9049999713897705 1.409000039100647 28.0
0.8429999947547913 -0.9819999933242798 1.4010000228881836 4.0
0.8510000109672546 -1.062999963760376 1.4040000438690186 26.0
0.7549999952316284 -1.0119999647140503 1.2410000562667847 1.0
0.8560000061988831 -0.8840000033378601 1.409000039100647 34.0
0.8650000095367432 -0.9649999737739563 1.402999997138977 18.0
0.878000020980835 -1.0490000247955322 1.409999966621399 19.0
0.8199999928474426 -1.0499999523162842 1.305999994277954 2.0
0.8759999871253967 -0.8659999966621399 1.4149999618530273 11.0
0.8830000162124634 -0.9430000185966492 1.4010000228881836 20.0
0.8989999890327454 -1.0269999504089355 1.4049999713897705 8.0
0.9010000228881836 -1.1019999980926514 1.3919999599456787 12.0
0.8650000095367432 -0.8190000057220459 1.371000051498413 1.0
0.902999997138977 -0.9229999780654907 1.4010000228881836 20.0
0.8949999809265137 -0.9789999723434448 1.3650000095367432 1.0
0.9350000023841858 -1.0920000076293945 1.4019999504089355 32.0
0.8989999890327454 -0.8140000104904175 1.399999976158142 9.0
0.9210000038146973 -0.9020000100135803 1.399999976158142 18.0
0.9049999713897705 -0.9459999799728394 1.3459999561309814 2.0
0.9480000138282776 -1.0579999685287476 1.3819999694824219 16.0
0.9190000295639038 -0.7979999780654907 1.409000039100647 33.0
0.9480000138282776 -0.8880000114440918 1.4110000133514404 11.0
0.9300000071525574 -0.9300000071525574 1.3509999513626099 5.0
0.9449999928474426 -1.0089999437332153 1.3420000076293945 4.0
0.9340000152587891 -0.7770000100135803 1.409999966621399 39.0
0.9430000185966492 -0.8460000157356262 1.3769999742507935 1.0
0.9729999899864197 -0.9309999942779541 1.3819999694824219 12.0
0.9660000205039978 -0.9860000014305115 1.3370000123977661 3.0
0.9459999799728394 -0.753000020980835 1.406999945640564 39.0
0.9750000238418579 -0.8379999995231628 1.3990000486373901 10.0
1.0119999647140503 -0.9269999861717224 1.4079999923706055 29.0
0.9900000095367432 -0.9660000205039978 1.3359999656677246 8.0
0.9620000123977661 -0.7319999933242798 1.409999966621399 38.0
0.9959999918937683 -0.8180000185966492 1.4040000438690186 38.0
1.027999997138977 -0.9010000228881836 1.4010000228881836 28.0
1.0269999504089355 -0.9580000042915344 1.3539999723434448 5.0
0.9750000238418579 -0.7099999785423279 1.409999966621399 40.0
1.0160000324249268 -0.7990000247955322 1.409000039100647 40.0
1.055999994277954 -0.8849999904632568 1.409999966621399 38.0
1.090999960899353 -0.9729999899864197 1.406000018119812 31.0
0.9869999885559082 -0.6859999895095825 1.4079999923706055 41.0
1.0299999713897705 -0.7739999890327454 1.4049999713897705 36.0
1.0750000476837158 -0.8610000014305115 1.409999966621399 32.0
1.1160000562667847 -0.9509999752044678 1.406999945640564 38.0
1.0 -0.6639999747276306 1.409000039100647 41.0
1.0460000038146973 -0.7509999871253967 1.4049999713897705 34.0
1.093999981880188 -0.8370000123977661 1.4079999923706055 37.0
1.1390000581741333 -0.9269999861717224 1.406000018119812 38.0
1.0119999647140503 -0.6420000195503235 1.4110000133514404 42.0
1.0609999895095825 -0.7279999852180481 1.4049999713897705 35.0
1.1139999628067017 -0.8140000104904175 1.409999966621399 38.0
1.1610000133514404 -0.9020000100135803 1.4049999713897705 37.0
1.0230000019073486 -0.6179999709129333 1.409999966621399 40.0
1.0789999961853027 -0.7059999704360962 1.409000039100647 40.0
1.1319999694824219 -0.7889999747276306 1.409000039100647 39.0
1.1859999895095825 -0.8790000081062317 1.406999945640564 38.0
1.034000039100647 -0.5960000157356262 1.4110000133514404 40.0
1.093999981880188 -0.6819999814033508 1.409000039100647 41.0
1.1510000228881836 -0.765999972820282 1.409999966621399 33.0
1.2070000171661377 -0.8529999852180481 1.406000018119812 41.0
1.0429999828338623 -0.5720000267028809 1.4079999923706055 42.0
1.1050000190734863 -0.656000018119812 1.4049999713897705 39.0
1.1670000553131104 -0.7390000224113464 1.4079999923706055 41.0
1.2280000448226929 -0.8270000219345093 1.406000018119812 39.0
1.0509999990463257 -0.5479999780654907 1.406999945640564 41.0
1.121000051498413 -0.6330000162124634 1.409000039100647 41.0
1.184999942779541 -0.7139999866485596 1.409000039100647 38.0
1.2480000257492065 -0.800000011920929 1.4049999713897705 39.0
1.062999963760376 -0.5260000228881836 1.409999966621399 45.0
1.13100004196167 -0.6069999933242798 1.406000018119812 41.0
1.2020000219345093 -0.6890000104904175 1.409999966621399 40.0
1.2669999599456787 -0.7720000147819519 1.402999997138977 38.0
1.0720000267028809 -0.5019999742507935 1.409999966621399 42.0
1.1430000066757202 -0.5820000171661377 1.4049999713897705 37.0
1.215000033378601 -0.6610000133514404 1.406999945640564 41.0
1.284999966621399 -0.7429999709129333 1.4019999504089355 39.0
1.0779999494552612 -0.4779999852180481 1.406999945640564 42.0
1.156000018119812 -0.5569999814033508 1.406999945640564 41.0
1.2319999933242798 -0.6349999904632568 1.409000039100647 38.0
1.309000015258789 -0.7179999947547913 1.4079999923706055 41.0
1.090000033378601 -0.4560000002384186 1.4119999408721924 41.0
1.1660000085830688 -0.5320000052452087 1.406000018119812 38.0
1.246999979019165 -0.6079999804496765 1.409999966621399 40.0
1.3259999752044678 -0.6890000104904175 1.406000018119812 40.0
1.0950000286102295 -0.4309999942779541 1.409000039100647 43.0
1.1779999732971191 -0.5070000290870667 1.406999945640564 40.0
1.2610000371932983 -0.5809999704360962 1.409000039100647 40.0
1.343000054359436 -0.6589999794960022 1.4049999713897705 40.0
1.1019999980926514 -0.40799999237060547 1.409999966621399 41.0
1.1890000104904175 -0.48100000619888306 1.4079999923706055 38.0
1.274999976158142 -0.5529999732971191 1.409999966621399 42.0
1.3569999933242798 -0.6269999742507935 1.4019999504089355 27.0
1.1100000143051147 -0.3840000033378601 1.409999966621399 42.0
1.1979999542236328 -0.45500001311302185 1.406999945640564 38.0
1.2860000133514404 -0.5249999761581421 1.4079999923706055 40.0
1.3760000467300415 -0.5979999899864197 1.4049999713897705 37.0
1.1160000562667847 -0.3610000014305115 1.4110000133514404 42.0
1.2070000171661377 -0.42899999022483826 1.406999945640564 39.0
1.2999999523162842 -0.4970000088214874 1.409999966621399 43.0
1.3880000114440918 -0.5659999847412109 1.4010000228881836 40.0
1.121000051498413 -0.3370000123977661 1.4110000133514404 42.0
1.215000033378601 -0.4020000100135803 1.406999945640564 38.0
1.309000015258789 -0.46700000762939453 1.4079999923706055 38.0
1.4040000438690186 -0.5350000262260437 1.4019999504089355 35.0
1.1260000467300415 -0.31299999356269836 1.409999966621399 44.0
1.2239999771118164 -0.37599998712539673 1.406999945640564 38.0
1.3229999542236328 -0.4390000104904175 1.4110000133514404 42.0
1.4149999618530273 -0.503000020980835 1.399999976158142 31.0
1.13100004196167 -0.289000004529953 1.409999966621399 43.0
1.2309999465942383 -0.3499999940395355 1.406999945640564 38.0
1.3309999704360962 -0.4090000092983246 1.409000039100647 42.0
1.4270000457763672 -0.4699999988079071 1.3980000019073486 30.0
1.1339999437332153 -0.26499998569488525 1.4079999923706055 45.0
1.2419999837875366 -0.3240000009536743 1.4110000133514404 43.0
1.3420000076293945 -0.3799999952316284 1.409999966621399 43.0
1.440999984741211 -0.4390000104904175 1.4010000228881836 33.0
1.1390000581741333 -0.2409999966621399 1.409000039100647 46.0
1.246000051498413 -0.29600000381469727 1.4079999923706055 40.0
1.350000023841858 -0.3499999940395355 1.409999966621399 44.0
1.4559999704360962 -0.40700000524520874 1.4040000438690186 32.0
1.1390000581741333 -0.2160000056028366 1.4049999713897705 43.0
1.2489999532699585 -0.26899999380111694 1.4049999713897705 39.0
1.3569999933242798 -0.3190000057220459 1.4079999923706055 42.0
1.465999960899353 -0.37400001287460327 1.402999997138977 30.0
1.1419999599456787 -0.19200000166893005 1.4040000438690186 45.0
1.2549999952316284 -0.24199999868869781 1.406000018119812 39.0
1.3639999628067017 -0.289000004529953 1.4079999923706055 42.0
1.4769999980926514 -0.3400000035762787 1.4040000438690186 30.0
1.1449999809265137 -0.16899999976158142 1.4049999713897705 44.0
1.2589999437332153 -0.2150000035762787 1.406000018119812 38.0
1.371999979019165 -0.2590000033378601 1.409000039100647 42.0
1.4839999675750732 -0.3059999942779541 1.402999997138977 37.0
1.149999976158142 -0.14499999582767487 1.4079999923706055 41.0
1.2630000114440918 -0.18700000643730164 1.406000018119812 40.0
1.3769999742507935 -0.2290000021457672 1.409000039100647 42.0
1.4900000095367432 -0.2720000147819519 1.399999976158142 39.0
1.1510000228881836 -0.12099999934434891 1.406999945640564 42.0
1.2669999599456787 -0.1599999964237213 1.406000018119812 40.0
1.3830000162124634 -0.1979999989271164 1.409000039100647 42.0
1.496000051498413 -0.2370000034570694 1.3990000486373901 39.0
1.149999976158142 -0.09700000286102295 1.4049999713897705 41.0
1.2699999809265137 -0.13300000131130219 1.406000018119812 39.0
1.3869999647140503 -0.16699999570846558 1.4079999923706055 42.0
1.5080000162124634 -0.2029999941587448 1.4040000438690186 47.0
1.1519999504089355 -0.0729999989271164 1.4049999713897705 45.0
1.2699999809265137 -0.10499999672174454 1.402999997138977 43.0
1.3890000581741333 -0.13600000739097595 1.406000018119812 42.0
1.5099999904632568 -0.1679999977350235 1.4010000228881836 43.0
1.1510000228881836 -0.05000000074505806 1.402999997138977 45.0
1.2719999551773071 -0.07800000160932541 1.402999997138977 45.0
1.3919999599456787 -0.10499999672174454 1.406000018119812 43.0
1.5140000581741333 -0.13300000131130219 1.399999976158142 43.0
1.149999976158142 -0.026000000536441803 1.4010000228881836 55.0
1.274999976158142 -0.05000000074505806 1.4049999713897705 43.0
1.3930000066757202 -0.0729999989271164 1.4049999713897705 41.0
1.5190000534057617 -0.09799999743700027 1.4019999504089355 45.0
1.1549999713897705 -0.0020000000949949026 1.4079999923706055 44.0
1.2760000228881836 -0.023000000044703484 1.4049999713897705 44.0
1.3969999551773071 -0.041999999433755875 1.406999945640564 43.0
1.5190000534057617 -0.06300000101327896 1.3990000486373901 43.0
1.149999976158142 0.019999999552965164 1.402999997138977 41.0
1.2730000019073486 0.003000000026077032 1.4019999504089355 43.0
1.3960000276565552 -0.010999999940395355 1.406000018119812 42.0
1.5210000276565552 -0.02800000086426735 1.3990000486373901 43.0
1.1519999504089355 0.04399999976158142 1.4049999713897705 38.0
1.2769999504089355 0.03099999949336052 1.406999945640564 37.0
1.3980000019073486 0.01899999938905239 1.4079999923706055 41.0
1.5240000486373901 0.007000000216066837 1.4010000228881836 47.0
1.1519999504089355 0.06800000369548798 1.406999945640564 42.0
1.2760000228881836 0.05900000035762787 1.406999945640564 38.0
1.3980000019073486 0.050999999046325684 1.406999945640564 42.0
1.5269999504089355 0.041999999433755875 1.4040000438690186 43.0
1.1480000019073486 0.09099999815225601 1.4040000438690186 38.0
1.2740000486373901 0.0860000029206276 1.406000018119812 38.0
1.3960000276565552 0.0820000022649765 1.406999945640564 40.0
1.5260000228881836 0.07800000160932541 1.4040000438690186 43.0
1.1490000486373901 0.11500000208616257 1.406999945640564 42.0
1.2730000019073486 0.11299999803304672 1.406999945640564 37.0
1.3940000534057617 0.11299999803304672 1.406999945640564 40.0
1.5210000276565552 0.11299999803304672 1.4010000228881836 39.0
1.1449999809265137 0.1379999965429306 1.406000018119812 42.0
1.2699999809265137 0.14100000262260437 1.406999945640564 37.0
1.3910000324249268 0.14399999380111694 1.406999945640564 41.0
1.5180000066757202 0.14800000190734863 1.4010000228881836 39.0
1.1440000534057617 0.16200000047683716 1.409000039100647 40.0
1.2669999599456787 0.1679999977350235 1.406999945640564 36.0
1.3880000114440918 0.17599999904632568 1.406999945640564 40.0
1.5160000324249268 0.18299999833106995 1.4019999504089355 38.0
1.1380000114440918 0.1850000023841858 1.4049999713897705 38.0
1.2630000114440918 0.19499999284744263 1.406000018119812 38.0
1.3819999694824219 0.20600000023841858 1.4049999713897705 37.0
1.5110000371932983 0.21899999678134918 1.4019999504089355 32.0
1.1369999647140503 0.20900000631809235 1.4079999923706055 39.0
1.2580000162124634 0.22200000286102295 1.406000018119812 38.0
1.3830000162124634 0.23800000548362732 1.4110000133514404 37.0
1.50600004196167 0.2540000081062317 1.4019999504089355 26.0
1.1330000162124634 0.23199999332427979 1.4079999923706055 38.0
1.253000020980835 0.24899999797344208 1.406000018119812 36.0
1.3769999742507935 0.26899999380111694 1.4110000133514404 37.0
1.4989999532699585 0.289000004529953 1.4019999504089355 30.0
1.1260000467300415 0.2549999952316284 1.406000018119812 36.0
1.2480000257492065 0.2770000100135803 1.406000018119812 36.0
1.3660000562667847 0.29899999499320984 1.406000018119812 39.0
1.4889999628067017 0.3230000138282776 1.399999976158142 28.0
1.125 0.27900001406669617 1.409999966621399 36.0
1.2430000305175781 0.30399999022483826 1.406999945640564 35.0
1.3609999418258667 0.33000001311302185 1.4079999923706055 34.0
1.4830000400543213 0.3580000102519989 1.4019999504089355 32.0
1.11899995803833 0.3019999861717224 1.409999966621399 37.0
1.2359999418258667 0.33000001311302185 1.406999945640564 34.0
1.3559999465942383 0.3610000014305115 1.4110000133514404 37.0
1.472000002861023 0.3919999897480011 1.399999976158142 34.0
1.1150000095367432 0.32600000500679016 1.4110000133514404 37.0
1.2300000190734863 0.3569999933242798 1.409000039100647 34.0
1.3450000286102295 0.39100000262260437 1.409000039100647 34.0
1.4609999656677246 0.4259999990463257 1.3990000486373901 35.0
1.1069999933242798 0.3479999899864197 1.409000039100647 31.0
1.2209999561309814 0.382999986410141 1.406000018119812 34.0
1.3380000591278076 0.421999990940094 1.4110000133514404 38.0
1.4529999494552612 0.460999995470047 1.4019999504089355 38.0
1.1030000448226929 0.3720000088214874 1.4110000133514404 36.0
1.2130000591278076 0.4099999964237213 1.406999945640564 35.0
1.3270000219345093 0.45100000500679016 1.409999966621399 34.0
1.4420000314712524 0.49399998784065247 1.402999997138977 39.0
1.0950000286102295 0.39399999380111694 1.4110000133514404 35.0
1.2059999704360962 0.43700000643730164 1.409000039100647 33.0
1.3179999589920044 0.4819999933242798 1.4119999408721924 33.0
1.4290000200271606 0.527999997138977 1.402999997138977 39.0
1.090000033378601 0.4180000126361847 1.4129999876022339 33.0
1.1959999799728394 0.4620000123977661 1.4079999923706055 35.0
1.305999994277954 0.5109999775886536 1.4119999408721924 33.0
1.4160000085830688 0.5609999895095825 1.4040000438690186 38.0
1.0800000429153442 0.4390000104904175 1.409999966621399 35.0
1.187000036239624 0.48899999260902405 1.409000039100647 34.0
1.2929999828338623 0.5400000214576721 1.4110000133514404 33.0
1.3990000486373901 0.5920000076293945 1.4010000228881836 36.0
1.0740000009536743 0.46299999952316284 1.4119999408721924 32.0
1.1759999990463257 0.5139999985694885 1.4079999923706055 33.0
1.284000039100647 0.5699999928474426 1.4140000343322754 34.0
1.3849999904632568 0.625 1.4019999504089355 34.0
1.065000057220459 0.48500001430511475 1.4110000133514404 33.0
1.1649999618530273 0.5389999747276306 1.4079999923706055 33.0
1.2699999809265137 0.5989999771118164 1.4140000343322754 35.0
1.36899995803833 0.6570000052452087 1.402999997138977 35.0
1.055999994277954 0.5080000162124634 1.4110000133514404 32.0
1.152999997138977 0.5649999976158142 1.4079999923706055 33.0
1.25600004196167 0.6259999871253967 1.4140000343322754 31.0
1.3530000448226929 0.6880000233650208 1.402999997138977 36.0
1.0460000038146973 0.5299999713897705 1.4110000133514404 31.0
1.1410000324249268 0.5899999737739563 1.4079999923706055 34.0
1.2400000095367432 0.6539999842643738 1.4129999876022339 32.0
1.3350000381469727 0.718999981880188 1.4040000438690186 34.0
1.0379999876022339 0.5529999732971191 1.4129999876022339 34.0
1.128999948501587 0.6140000224113464 1.4079999923706055 34.0
1.2230000495910645 0.6809999942779541 1.4119999408721924 33.0
1.315000057220459 0.7480000257492065 1.4019999504089355 37.0
1.0269999504089355 0.5740000009536743 1.4119999408721924 35.0
1.1150000095367432 0.6380000114440918 1.406999945640564 33.0
1.2089999914169312 0.7089999914169312 1.4129999876022339 32.0
1.2970000505447388 0.7789999842643738 1.4040000438690186 36.0
1.0160000324249268 0.5960000157356262 1.409999966621399 33.0
1.1030000448226929 0.6639999747276306 1.409000039100647 34.0
1.1920000314712524 0.7350000143051147 1.4140000343322754 32.0
1.2760000228881836 0.8069999814033508 1.402999997138977 37.0
1.0069999694824219 0.6190000176429749 1.4140000343322754 33.0
1.0870000123977661 0.6869999766349792 1.406999945640564 34.0
1.1770000457763672 0.7630000114440918 1.4160000085830688 35.0
1.253999948501587 0.8349999785423279 1.4019999504089355 34.0
0.9940000176429749 0.6389999985694885 1.4110000133514404 34.0
1.0720000267028809 0.7099999785423279 1.406999945640564 34.0
1.156000018119812 0.7870000004768372 1.4129999876022339 32.0
1.2339999675750732 0.8640000224113464 1.402999997138977 35.0
0.9850000143051147 0.6629999876022339 1.4149999618530273 35.0
1.0579999685287476 0.734000027179718 1.406999945640564 32.0
1.1369999647140503 0.8119999766349792 1.4119999408721924 35.0
1.2120000123977661 0.890999972820282 1.402999997138977 34.0
0.972000002861023 0.6830000281333923 1.4129999876022339 34.0
1.0440000295639038 0.7580000162124634 1.409999966621399 31.0
1.1200000047683716 0.8389999866485596 1.4149999618530273 32.0
1.187999963760376 0.9169999957084656 1.4019999504089355 36.0
0.9589999914169312 0.7039999961853027 1.4129999876022339 35.0
1.0290000438690186 0.7820000052452087 1.4110000133514404 33.0
1.100000023841858 0.8629999756813049 1.4140000343322754 33.0
1.1640000343322754 0.9430000185966492 1.4019999504089355 35.0
0.9449999928474426 0.7250000238418579 1.4119999408721924 35.0
1.0119999647140503 0.8040000200271606 1.4110000133514404 34.0
1.0779999494552612 0.8859999775886536 1.4119999408721924 34.0
1.1419999599456787 0.9700000286102295 1.4049999713897705 37.0
0.9300000071525574 0.7440000176429749 1.4079999923706055 33.0
0.9950000047683716 0.8259999752044678 1.409999966621399 33.0
1.0570000410079956 0.9089999794960022 1.4119999408721924 32.0
1.1160000562667847 0.9940000176429749 1.402999997138977 33.0
0.9160000085830688 0.7639999985694885 1.409000039100647 34.0
0.9769999980926514 0.8479999899864197 1.409999966621399 33.0
1.0369999408721924 0.9330000281333923 1.4140000343322754 34.0
1.093999981880188 1.0210000276565552 1.406999945640564 36.0
0.9039999842643738 0.7870000004768372 1.4129999876022339 35.0
0.9580000042915344 0.8690000176429749 1.409000039100647 33.0
1.0130000114440918 0.953000009059906 1.4110000133514404 33.0
1.065999984741211 1.0420000553131104 1.4040000438690186 34.0
0.8899999856948853 0.8080000281333923 1.4129999876022339 33.0
0.9380000233650208 0.8880000114440918 1.406000018119812 35.0
0.9900000095367432 0.9750000238418579 1.4110000133514404 35.0
1.0420000553131104 1.0670000314712524 1.4079999923706055 36.0
0.8759999871253967 0.8289999961853027 1.4149999618530273 37.0
0.9229999780654907 0.9129999876022339 1.4129999876022339 38.0
0.9670000076293945 0.996999979019165 1.4110000133514404 35.0
1.0119999647140503 1.0859999656677246 1.4040000438690186 37.0
0.859000027179718 0.8479999899864197 1.4140000343322754 36.0
0.9020000100135803 0.9319999814033508 1.4110000133514404 36.0
0.9440000057220459 1.0180000066757202 1.4119999408721924 35.0
0.9850000143051147 1.1089999675750732 1.4049999713897705 38.0
0.8429999947547913 0.8669999837875366 1.4129999876022339 36.0
0.8820000290870667 0.9520000219345093 1.4110000133514404 36.0
0.9210000038146973 1.0390000343322754 1.4129999876022339 37.0
0.9580000042915344 1.128999948501587 1.406000018119812 37.0
0.8270000219345093 0.8870000243186951 1.4140000343322754 33.0
0.8619999885559082 0.9710000157356262 1.4110000133514404 37.0
0.8980000019073486 1.059000015258789 1.4129999876022339 36.0
0.9300000071525574 1.149999976158142 1.4079999923706055 39.0
0.8109999895095825 0.9070000052452087 1.4160000085830688 36.0
0.8389999866485596 0.9879999756813049 1.406999945640564 34.0
0.8730000257492065 1.0779999494552612 1.4129999876022339 36.0
0.9020000100135803 1.1699999570846558 1.409999966621399 38.0
0.7929999828338623 0.925000011920929 1.4140000343322754 38.0
0.8209999799728394 1.0110000371932983 1.4129999876022339 36.0
0.8479999899864197 1.0980000495910645 1.4149999618530273 37.0
0.8709999918937683 1.1859999895095825 1.406000018119812 38.0
0.7739999890327454 0.9419999718666077 1.4119999408721924 36.0
0.800000011920929 1.0299999713897705 1.4149999618530273 36.0
0.8230000138282776 1.1160000562667847 1.4149999618530273 37.0
0.8420000076293945 1.2039999961853027 1.4079999923706055 37.0
0.7570000290870667 0.9620000123977661 1.4149999618530273 36.0
0.777999997138977 1.0479999780654907 1.4140000343322754 35.0
0.7960000038146973 1.1319999694824219 1.4140000343322754 38.0
0.8140000104904175 1.225000023841858 1.4129999876022339 41.0
0.7379999756813049 0.9789999723434448 1.4129999876022339 35.0
0.7559999823570251 1.065000057220459 1.4140000343322754 37.0
0.7699999809265137 1.1490000486373901 1.4149999618530273 39.0
0.7820000052452087 1.2369999885559082 1.409999966621399 37.0
0.7210000157356262 1.0 1.4170000553131104 40.0
0.7319999933242798 1.0809999704360962 1.4129999876022339 35.0
0.7429999709129333 1.1649999618530273 1.4149999618530273 39.0
0.7519999742507935 1.253999948501587 1.4110000133514404 37.0
0.699999988079071 1.0149999856948853 1.4140000343322754 38.0
0.7089999914169312 1.097000002861023 1.4129999876022339 35.0
0.7170000076293945 1.1820000410079956 1.4160000085830688 38.0
0.7210000157356262 1.2690000534057617 1.4129999876022339 41.0
0.6800000071525574 1.031999945640564 1.4140000343322754 39.0
0.6859999895095825 1.1139999628067017 1.4149999618530273 37.0
0.6899999976158142 1.1970000267028809 1.4170000553131104 38.0
0.6909999847412109 1.2829999923706055 1.4140000343322754 39.0
0.6600000262260437 1.0479999780654907 1.4129999876022339 39.0
0.6620000004768372 1.1299999952316284 1.4140000343322754 36.0
0.6620000004768372 1.2100000381469727 1.4160000085830688 38.0
0.6589999794960022 1.2949999570846558 1.4140000343322754 40.0
0.6389999985694885 1.0640000104904175 1.4119999408721924 38.0
0.6370000243186951 1.1440000534057617 1.4140000343322754 36.0
0.6330000162124634 1.222000002861023 1.4149999618530273 36.0
0.6259999871253967 1.3049999475479126 1.4119999408721924 43.0
0.6179999709129333 1.0809999704360962 1.4140000343322754 38.0
0.6119999885559082 1.1579999923706055 1.4129999876022339 36.0
0.6060000061988831 1.2369999885559082 1.4170000553131104 37.0
0.593999981880188 1.315999984741211 1.4129999876022339 25.0
0.597000002861023 1.0980000495910645 1.4140000343322754 37.0
0.5870000123977661 1.1720000505447388 1.4129999876022339 35.0
0.5770000219345093 1.2480000257492065 1.4160000085830688 34.0
0.5619999766349792 1.3259999752044678 1.4140000343322754 42.0
0.574999988079071 1.1119999885559082 1.4129999876022339 39.0
0.5609999895095825 1.184999942779541 1.4129999876022339 36.0
0.5479999780654907 1.2599999904632568 1.4160000085830688 31.0
0.527999997138977 1.3300000429153442 1.409000039100647 32.0
0.5509999990463257 1.125 1.4110000133514404 37.0
0.5350000262260437 1.1970000267028809 1.4119999408721924 37.0
0.5210000276565552 1.274999976158142 1.4220000505447388 26.0
0.49799999594688416 1.343999981880188 1.4140000343322754 29.0
0.531000018119812 1.1449999809265137 1.4170000553131104 38.0
0.5109999775886536 1.2130000591278076 1.4170000553131104 39.0
0.49000000953674316 1.2799999713897705 1.4170000553131104 38.0
0.46399998664855957 1.3489999771118164 1.4119999408721924 41.0
0.5070000290870667 1.1579999923706055 1.4160000085830688 38.0
0.48399999737739563 1.2230000495910645 1.4140000343322754 32.0
0.460999995470047 1.2910000085830688 1.4190000295639038 30.0
0.4320000112056732 1.3559999465942383 1.4140000343322754 44.0
0.4819999933242798 1.1679999828338623 1.4110000133514404 35.0
0.4569999873638153 1.2339999675750732 1.4149999618530273 21.0
0.4320000112056732 1.2999999523162842 1.4190000295639038 20.0
0.3880000114440918 1.3220000267028809 1.371999979019165 13.0
0.46000000834465027 1.184999942779541 1.4149999618530273 41.0
0.4309999942779541 1.246000051498413 1.4160000085830688 22.0
0.4020000100135803 1.3079999685287476 1.4190000295639038 32.0
0.0 0.0 0.0 0.0
0.4350000023841858 1.1970000267028809 1.4149999618530273 39.0
0.40400001406669617 1.2569999694824219 1.4170000553131104 28.0
0.36800000071525574 1.3020000457763672 1.4049999713897705 9.0
0.28700000047683716 1.1759999990463257 1.2139999866485596 5.0
0.4099999964237213 1.2079999446868896 1.4129999876022339 40.0
0.37599998712539673 1.2649999856948853 1.4149999618530273 28.0
0.3370000123977661 1.2999999523162842 1.3960000276565552 30.0
0.2540000081062317 1.1540000438690186 1.187999963760376 19.0
0.38600000739097595 1.222000002861023 1.4160000085830688 40.0
0.3490000069141388 1.274999976158142 1.4170000553131104 23.0
0.27399998903274536 1.1649999618530273 1.246999979019165 45.0
0.0 0.0 0.0 0.0
0.36000001430511475 1.2319999933242798 1.4140000343322754 41.0
0.30399999022483826 1.215999960899353 1.343000054359436 19.0
0.24799999594688416 1.1720000505447388 1.2489999532699585 0.0
0.0 0.0 0.0 0.0
0.33399999141693115 1.2419999837875366 1.4129999876022339 40.0
0.2639999985694885 1.1629999876022339 1.2769999504089355 44.0
0.0 0.0 0.0 0.0
0.16699999570846558 1.128000020980835 1.1579999923706055 33.0
0.3050000071525574 1.2410000562667847 1.4010000228881836 48.0
0.0 0.0 0.0 0.0
0.18700000643730164 1.1319999694824219 1.1990000009536743 0.0
0.14100000262260437 1.1299999952316284 1.1610000133514404 6.0
0.257999986410141 1.156999945640564 1.2960000038146973 32.0
0.0 0.0 0.0 0.0
0.1589999943971634 1.1180000305175781 1.1820000410079956 30.0
0.1120000034570694 1.0959999561309814 1.1260000467300415 25.0
0.0 0.0 0.0 0.0
0.1809999942779541 1.1410000324249268 1.2339999675750732 1.0
0.1340000033378601 1.1239999532699585 1.187000036239624 7.0
0.08500000089406967 1.0850000381469727 1.1169999837875366 1.0
0.0 0.0 0.0 0.0
0.15299999713897705 1.1200000047683716 1.2070000171661377 30.0
0.10700000077486038 1.1100000143051147 1.1710000038146973 1.0
0.061000000685453415 1.090999960899353 1.1260000467300415 2.0
0.17499999701976776 1.1260000467300415 1.2350000143051147 12.0
0.12700000405311584 1.1119999885559082 1.1950000524520874 9.0
0.07999999821186066 1.0770000219345093 1.1360000371932983 29.0
0.03700000047683716 1.125 1.1629999876022339 1.0
0.14900000393390656 1.1200000047683716 1.2209999561309814 26.0
0.10100000351667404 1.1089999675750732 1.187999963760376 1.0
0.0560000017285347 1.0809999704360962 1.1390000581741333 1.0
0.012000000104308128 1.1629999876022339 1.2059999704360962 1.0
0.0 0.0 0.0 9.0
0.07500000298023224 1.0789999961853027 1.152999997138977 24.0
0.0 0.0 0.0 0.0
-0.014000000432133675 1.2120000123977661 1.2619999647140503 27.0
0.0 0.0 0.0 0.0
0.050999999046325684 1.0779999494552612 1.149999976158142 5.0
0.0 0.0 0.0 0.0
-0.04600000008940697 1.3289999961853027 1.3890000581741333 35.0
0.0729999989271164 1.0809999704360962 1.1610000133514404 28.0
0.0 0.0 0.0 0.0
-0.017999999225139618 1.2130000591278076 1.2829999923706055 32.0
-0.07699999958276749 1.3489999771118164 1.4170000553131104 42.0
0.04899999871850014 1.0820000171661377 1.1579999923706055 6.0
0.004000000189989805 1.2209999561309814 1.2999999523162842 1.0
-0.04899999871850014 1.3220000267028809 1.4010000228881836 25.0
-0.1080000028014183 1.340000033378601 1.4149999618530273 32.0
0.0 0.0 0.0 0.0
-0.02199999988079071 1.215000033378601 1.2929999828338623 38.0
-0.07900000363588333 1.3380000591278076 1.4220000505447388 33.0
-0.13600000739097595 1.319000005722046 1.4010000228881836 9.0
0.0020000000949949026 1.2230000495910645 1.2999999523162842 1.0
-0.05299999937415123 1.3229999542236328 1.406999945640564 19.0
-0.10899999737739563 1.3300000429153442 1.4179999828338623 28.0
0.0 0.0 0.0 0.0
-0.024000000208616257 1.2130000591278076 1.2860000133514404 38.0
-0.08299999684095383 1.3309999704360962 1.4170000553131104 34.0
0.0 0.0 0.0 0.0
0.0 0.0 0.0 0.0
-0.0560000017285347 1.3289999961853027 1.406999945640564 27.0
-0.1120000034570694 1.3270000219345093 1.4140000343322754 33.0
0.0 0.0 0.0 0.0
0.0 0.0 0.0 0.0
-0.08500000089406967 1.3370000123977661 1.4129999876022339 38.0
0.0 0.0 0.0 0.0
0.0 0.0 0.0 0.0
0.0 0.0 0.0 0.0
-0.11500000208616257 1.3359999656677246 1.4110000133514404 29.0
0.0 0.0 0.0 0.0
0.0 0.0 0.0 0.0
0.0 0.0 0.0 0.0
0.0 0.0 0.0 0.0
0.0 0.0 0.0 0.0
0.0 0.0 0.0 0.0
0.0 0.0 0.0 0.0
0.0 0.0 0.0 0.0
0.0 0.0 0.0 0.0
0.0 0.0 0.0 0.0
0.0 0.0 0.0 0.0
0.0 0.0 0.0 0.0
0.0 0.0 0.0 0.0
0.0 0.0 0.0 0.0
0.0 0.0 0.0 0.0
0.0 0.0 0.0 0.0
0.0 0.0 0.0 0.0
0.0 0.0 0.0 0.0
0.0 0.0 0.0 0.0
0.0 0.0 0.0 0.0
0.0 0.0 0.0 0.0
0.0 0.0 0.0 0.0
0.0 0.0 0.0 0.0
0.0 0.0 0.0 0.0
0.0 0.0 0.0 0.0
0.0 0.0 0.0 0.0
0.0 0.0 0.0 0.0
0.0 0.0 0.0 0.0
0.0 0.0 0.0 0.0
0.0 0.0 0.0 0.0
0.0 0.0 0.0 0.0
0.0 0.0 0.0 0.0
0.0 0.0 0.0 0.0
0.0 0.0 0.0 0.0
-0.48899999260902405 1.1720000505447388 1.409999966621399 28.0
0.0 0.0 0.0 0.0
0.0 0.0 0.0 0.0
0.0 0.0 0.0 0.0
-0.515999972820282 1.1640000343322754 1.4199999570846558 31.0
0.0 0.0 0.0 0.0
0.0 0.0 0.0 0.0
0.0 0.0 0.0 0.0
-0.5389999747276306 1.1469999551773071 1.4179999828338623 39.0
0.0 0.0 0.0 0.0
0.0 0.0 0.0 0.0
-0.5270000100135803 1.1950000524520874 1.4210000038146973 28.0
-0.5640000104904175 1.1330000162124634 1.4220000505447388 37.0
0.0 0.0 0.0 0.0
0.0 0.0 0.0 0.0
-0.5529999732971191 1.1820000410079956 1.4220000505447388 36.0
-0.5879999995231628 1.1180000305175781 1.4249999523162842 35.0
0.0 0.0 0.0 0.0
-0.5419999957084656 1.222000002861023 1.409999966621399 32.0
-0.578000009059906 1.1690000295639038 1.4229999780654907 38.0
-0.6060000061988831 1.093999981880188 1.4170000553131104 28.0
0.0 0.0 0.0 0.0
-0.5720000267028809 1.215000033378601 1.4170000553131104 33.0
-0.6029999852180481 1.152999997138977 1.4229999780654907 36.0
0.0 0.0 0.0 0.0
0.0 0.0 0.0 0.0
-0.6000000238418579 1.2039999961853027 1.4190000295639038 38.0
-0.6259999871253967 1.1360000371932983 1.4199999570846558 32.0
0.0 0.0 0.0 0.0
-0.6000000238418579 1.2630000114440918 1.4149999618530273 31.0
-0.6269999742507935 1.190999984741211 1.4190000295639038 36.0
0.0 0.0 0.0 0.0
0.0 0.0 0.0 0.0
-0.6309999823570251 1.253000020980835 1.4170000553131104 36.0
-0.6489999890327454 1.1690000295639038 1.409999966621399 29.0
0.0 0.0 0.0 0.0
0.0 0.0 0.0 0.0
-0.6600000262260437 1.2410000562667847 1.4160000085830688 37.0
0.0 0.0 0.0 0.0
0.0 0.0 0.0 0.0
0.0 0.0 0.0 1.0
0.0 0.0 0.0 0.0
0.0 0.0 0.0 0.0
0.0 0.0 0.0 0.0
0.0 0.0 0.0 0.0
0.0 0.0 0.0 0.0
0.0 0.0 0.0 0.0
0.0 0.0 0.0 0.0
0.0 0.0 0.0 1.0
0.0 0.0 0.0 0.0
0.0 0.0 0.0 0.0
0.0 0.0 0.0 0.0
0.0 0.0 0.0 0.0
0.0 0.0 0.0 0.0
0.0 0.0 0.0 0.0
0.0 0.0 0.0 0.0
0.0 0.0 0.0 1.0
0.0 0.0 0.0 1.0
0.0 0.0 0.0 0.0
0.0 0.0 0.0 0.0
0.0 0.0 0.0 0.0
0.0 0.0 0.0 0.0
0.0 0.0 0.0 1.0
0.0 0.0 0.0 0.0
0.0 0.0 0.0 1.0
0.0 0.0 0.0 1.0
0.0 0.0 0.0 0.0
0.0 0.0 0.0 0.0
0.0 0.0 0.0 0.0
0.0 0.0 0.0 0.0
0.0 0.0 0.0 0.0
0.0 0.0 0.0 0.0
0.0 0.0 0.0 1.0
0.0 0.0 0.0 0.0
0.0 0.0 0.0 0.0
0.0 0.0 0.0 0.0
0.0 0.0 0.0 0.0
0.0 0.0 0.0 0.0
0.0 0.0 0.0 0.0
0.0 0.0 0.0 0.0
0.0 0.0 0.0 0.0
0.0 0.0 0.0 0.0
0.0 0.0 0.0 0.0
0.0 0.0 0.0 0.0
0.0 0.0 0.0 0.0
0.0 0.0 0.0 0.0
0.0 0.0 0.0 0.0
0.0 0.0 0.0 0.0
0.0 0.0 0.0 0.0
0.0 0.0 0.0 0.0
0.0 0.0 0.0 0.0
0.0 0.0 0.0 0.0
0.0 0.0 0.0 0.0
0.0 0.0 0.0 0.0
0.0 0.0 0.0 0.0
0.0 0.0 0.0 0.0
0.0 0.0 0.0 0.0
0.0 0.0 0.0 0.0
0.0 0.0 0.0 0.0
0.0 0.0 0.0 0.0
0.0 0.0 0.0 0.0
0.0 0.0 0.0 0.0
0.0 0.0 0.0 0.0
0.0 0.0 0.0 0.0
0.0 0.0 0.0 0.0
0.0 0.0 0.0 0.0
0.0 0.0 0.0 0.0
0.0 0.0 0.0 0.0
0.0 0.0 0.0 0.0
0.0 0.0 0.0 0.0
0.0 0.0 0.0 0.0
0.0 0.0 0.0 0.0
0.0 0.0 0.0 0.0
0.0 0.0 0.0 0.0
0.0 0.0 0.0 0.0
0.0 0.0 0.0 0.0
0.0 0.0 0.0 0.0
0.0 0.0 0.0 0.0
0.0 0.0 0.0 0.0
0.0 0.0 0.0 0.0
0.0 0.0 0.0 0.0
0.0 0.0 0.0 0.0
0.0 0.0 0.0 0.0
0.0 0.0 0.0 0.0
0.0 0.0 0.0 0.0
0.0 0.0 0.0 0.0
0.0 0.0 0.0 0.0
0.0 0.0 0.0 0.0
0.0 0.0 0.0 0.0
0.0 0.0 0.0 0.0
0.0 0.0 0.0 0.0
0.0 0.0 0.0 0.0
0.0 0.0 0.0 0.0
0.0 0.0 0.0 0.0
0.0 0.0 0.0 0.0
0.0 0.0 0.0 0.0
0.0 0.0 0.0 0.0
0.0 0.0 0.0 0.0
0.0 0.0 0.0 0.0
0.0 0.0 0.0 0.0
0.0 0.0 0.0 0.0
0.0 0.0 0.0 0.0
0.0 0.0 0.0 0.0
0.0 0.0 0.0 0.0
0.0 0.0 0.0 0.0
0.0 0.0 0.0 0.0
0.0 0.0 0.0 0.0
0.0 0.0 0.0 0.0
0.0 0.0 0.0 0.0
0.0 0.0 0.0 0.0
0.0 0.0 0.0 0.0
0.0 0.0 0.0 0.0
0.0 0.0 0.0 1.0
0.0 0.0 0.0 0.0
0.0 0.0 0.0 0.0
0.0 0.0 0.0 0.0
0.0 0.0 0.0 0.0
0.0 0.0 0.0 0.0
0.0 0.0 0.0 0.0
0.0 0.0 0.0 0.0
0.0 0.0 0.0 1.0
0.0 0.0 0.0 0.0
0.0 0.0 0.0 0.0
0.0 0.0 0.0 0.0
0.0 0.0 0.0 0.0
0.0 0.0 0.0 0.0
0.0 0.0 0.0 0.0
0.0 0.0 0.0 0.0
0.0 0.0 0.0 1.0
0.0 0.0 0.0 0.0
0.0 0.0 0.0 0.0
0.0 0.0 0.0 0.0
0.0 0.0 0.0 0.0
0.0 0.0 0.0 0.0
0.0 0.0 0.0 0.0
0.0 0.0 0.0 0.0
0.0 0.0 0.0 1.0
0.0 0.0 0.0 0.0
0.0 0.0 0.0 0.0
0.0 0.0 0.0 0.0
0.0 0.0 0.0 0.0
0.0 0.0 0.0 0.0
0.0 0.0 0.0 0.0
0.0 0.0 0.0 0.0
0.0 0.0 0.0 1.0
0.0 0.0 0.0 1.0
0.0 0.0 0.0 0.0
0.0 0.0 0.0 0.0
0.0 0.0 0.0 0.0
0.0 0.0 0.0 0.0
0.0 0.0 0.0 0.0
0.0 0.0 0.0 0.0
0.0 0.0 0.0 1.0
0.0 0.0 0.0 0.0
0.0 0.0 0.0 0.0
0.0 0.0 0.0 0.0
0.0 0.0 0.0 0.0
0.0 0.0 0.0 0.0
0.0 0.0 0.0 1.0
0.0 0.0 0.0 0.0
0.0 0.0 0.0 1.0
0.0 0.0 0.0 1.0
0.0 0.0 0.0 0.0
0.0 0.0 0.0 0.0
0.0 0.0 0.0 0.0
0.0 0.0 0.0 0.0
0.0 0.0 0.0 1.0
0.0 0.0 0.0 0.0
0.0 0.0 0.0 1.0
0.0 0.0 0.0 1.0
0.0 0.0 0.0 0.0
0.0 0.0 0.0 0.0
0.0 0.0 0.0 0.0
0.0 0.0 0.0 0.0
0.0 0.0 0.0 1.0
0.0 0.0 0.0 0.0
0.0 0.0 0.0 0.0
0.0 0.0 0.0 1.0
0.0 0.0 0.0 0.0
0.0 0.0 0.0 0.0
0.0 0.0 0.0 0.0
0.0 0.0 0.0 0.0
0.0 0.0 0.0 1.0
0.0 0.0 0.0 0.0
0.0 0.0 0.0 0.0
0.0 0.0 0.0 1.0
0.0 0.0 0.0 0.0
0.0 0.0 0.0 0.0
0.0 0.0 0.0 0.0
0.0 0.0 0.0 0.0
0.0 0.0 0.0 1.0
0.0 0.0 0.0 0.0
0.0 0.0 0.0 1.0
0.0 0.0 0.0 1.0
0.0 0.0 0.0 0.0
0.0 0.0 0.0 0.0
0.0 0.0 0.0 0.0
0.0 0.0 0.0 0.0
0.0 0.0 0.0 1.0
0.0 0.0 0.0 0.0
0.0 0.0 0.0 0.0
0.0 0.0 0.0 1.0
0.0 0.0 0.0 0.0
0.0 0.0 0.0 0.0
0.0 0.0 0.0 0.0
0.0 0.0 0.0 0.0
0.0 0.0 0.0 1.0
0.0 0.0 0.0 0.0
0.0 0.0 0.0 0.0
0.0 0.0 0.0 1.0
0.0 0.0 0.0 0.0
0.0 0.0 0.0 0.0
0.0 0.0 0.0 0.0
0.0 0.0 0.0 0.0
0.0 0.0 0.0 1.0
0.0 0.0 0.0 0.0
0.0 0.0 0.0 0.0
0.0 0.0 0.0 1.0
0.0 0.0 0.0 0.0
0.0 0.0 0.0 0.0
0.0 0.0 0.0 0.0
0.0 0.0 0.0 0.0
0.0 0.0 0.0 1.0
0.0 0.0 0.0 1.0
0.0 0.0 0.0 0.0
0.0 0.0 0.0 1.0
0.0 0.0 0.0 0.0
0.0 0.0 0.0 0.0
0.0 0.0 0.0 0.0
0.0 0.0 0.0 0.0
0.0 0.0 0.0 1.0
0.0 0.0 0.0 0.0
0.0 0.0 0.0 0.0
0.0 0.0 0.0 1.0
0.0 0.0 0.0 0.0
0.0 0.0 0.0 0.0
0.0 0.0 0.0 0.0
0.0 0.0 0.0 0.0
0.0 0.0 0.0 1.0
0.0 0.0 0.0 0.0
0.0 0.0 0.0 0.0
0.0 0.0 0.0 1.0
0.0 0.0 0.0 0.0
0.0 0.0 0.0 0.0
0.0 0.0 0.0 0.0
0.0 0.0 0.0 0.0
0.0 0.0 0.0 1.0
0.0 0.0 0.0 0.0
0.0 0.0 0.0 0.0
0.0 0.0 0.0 1.0
0.0 0.0 0.0 0.0
0.0 0.0 0.0 0.0
0.0 0.0 0.0 0.0
0.0 0.0 0.0 0.0
0.0 0.0 0.0 0.0
0.0 0.0 0.0 0.0
0.0 0.0 0.0 0.0
0.0 0.0 0.0 1.0
0.0 0.0 0.0 0.0
0.0 0.0 0.0 0.0
0.0 0.0 0.0 0.0
0.0 0.0 0.0 0.0
0.0 0.0 0.0 1.0
0.0 0.0 0.0 0.0
0.0 0.0 0.0 0.0
0.0 0.0 0.0 1.0
0.0 0.0 0.0 0.0
0.0 0.0 0.0 0.0
0.0 0.0 0.0 0.0
0.0 0.0 0.0 0.0
0.0 0.0 0.0 0.0
0.0 0.0 0.0 0.0
0.0 0.0 0.0 0.0
0.0 0.0 0.0 0.0
0.0 0.0 0.0 0.0
0.0 0.0 0.0 0.0
0.0 0.0 0.0 0.0
0.0 0.0 0.0 0.0
0.0 0.0 0.0 0.0
0.0 0.0 0.0 0.0
0.0 0.0 0.0 0.0
0.0 0.0 0.0 0.0
0.0 0.0 0.0 0.0
0.0 0.0 0.0 0.0
0.0 0.0 0.0 0.0
0.0 0.0 0.0 0.0
0.0 0.0 0.0 1.0
0.0 0.0 0.0 0.0
0.0 0.0 0.0 0.0
0.0 0.0 0.0 0.0
0.0 0.0 0.0 0.0
0.0 0.0 0.0 0.0
0.0 0.0 0.0 0.0
0.0 0.0 0.0 0.0
0.0 0.0 0.0 0.0
0.0 0.0 0.0 0.0
0.0 0.0 0.0 0.0
0.0 0.0 0.0 0.0
0.0 0.0 0.0 0.0
0.0 0.0 0.0 0.0
0.0 0.0 0.0 0.0
0.0 0.0 0.0 0.0
0.0 0.0 0.0 0.0
0.0 0.0 0.0 0.0
0.0 0.0 0.0 0.0
0.0 0.0 0.0 0.0
0.0 0.0 0.0 0.0
0.0 0.0 0.0 0.0
0.0 0.0 0.0 0.0
0.0 0.0 0.0 0.0
0.0 0.0 0.0 0.0
0.0 0.0 0.0 0.0
0.0 0.0 0.0 0.0
0.0 0.0 0.0 0.0
0.0 0.0 0.0 0.0
0.0 0.0 0.0 0.0
0.0 0.0 0.0 0.0
0.0 0.0 0.0 0.0
0.0 0.0 0.0 0.0
0.0 0.0 0.0 0.0
0.0 0.0 0.0 0.0
0.0 0.0 0.0 0.0
0.0 0.0 0.0 0.0
0.0 0.0 0.0 0.0
0.0 0.0 0.0 0.0
0.0 0.0 0.0 0.0
0.0 0.0 0.0 0.0
0.0 0.0 0.0 1.0
0.0 0.0 0.0 0.0
0.0 0.0 0.0 0.0
0.0 0.0 0.0 0.0
0.0 0.0 0.0 0.0
0.0 0.0 0.0 0.0
0.0 0.0 0.0 0.0
0.0 0.0 0.0 1.0
0.0 0.0 0.0 1.0
0.0 0.0 0.0 0.0
0.0 0.0 0.0 1.0
0.0 0.0 0.0 0.0
0.0 0.0 0.0 0.0
0.0 0.0 0.0 0.0
0.0 0.0 0.0 0.0
0.0 0.0 0.0 1.0
0.0 0.0 0.0 1.0
0.0 0.0 0.0 1.0
0.0 0.0 0.0 1.0
0.0 0.0 0.0 0.0
0.0 0.0 0.0 0.0
0.0 0.0 0.0 0.0
0.0 0.0 0.0 0.0
0.0 0.0 0.0 1.0
0.0 0.0 0.0 1.0
0.0 0.0 0.0 1.0
0.0 0.0 0.0 1.0
0.0 0.0 0.0 0.0
0.0 0.0 0.0 0.0
0.0 0.0 0.0 0.0
0.0 0.0 0.0 0.0
0.0 0.0 0.0 0.0
0.0 0.0 0.0 0.0
0.0 0.0 0.0 1.0
0.0 0.0 0.0 0.0
0.0 0.0 0.0 0.0
0.0 0.0 0.0 0.0
0.0 0.0 0.0 0.0
0.0 0.0 0.0 0.0
0.0 0.0 0.0 0.0
0.0 0.0 0.0 0.0
0.0 0.0 0.0 1.0
-0.6499999761581421 -1.1720000505447388 1.409999966621399 25.0
0.0 0.0 0.0 0.0
0.0 0.0 0.0 0.0
0.0 0.0 0.0 0.0
-0.6230000257492065 -1.187000036239624 1.4140000343322754 32.0
-0.6179999709129333 -1.1100000143051147 1.4079999923706055 25.0
0.0 0.0 0.0 0.0
0.0 0.0 0.0 0.0
-0.593999981880188 -1.1970000267028809 1.4140000343322754 34.0
-0.5960000157356262 -1.128000020980835 1.4149999618530273 34.0
0.0 0.0 0.0 0.0
0.0 0.0 0.0 0.0
-0.5659999847412109 -1.2079999446868896 1.4149999618530273 31.0
-0.5699999928474426 -1.1399999856948853 1.4160000085830688 35.0
-0.5740000009536743 -1.0779999494552612 1.4210000038146973 26.0
0.0 0.0 0.0 0.0
-0.5350000262260437 -1.2130000591278076 1.409999966621399 25.0
-0.5440000295639038 -1.1510000228881836 1.4160000085830688 35.0
-0.550000011920929 -1.0889999866485596 1.4179999828338623 34.0
-0.5529999732971191 -1.0169999599456787 1.4179999828338623 25.0
0.0 0.0 0.0 0.0
-0.5189999938011169 -1.1629999876022339 1.4160000085830688 32.0
-0.5270000100135803 -1.1019999980926514 1.4190000295639038 36.0
-0.5339999794960022 -1.034000039100647 1.4199999570846558 34.0
0.0 0.0 0.0 0.0
-0.492000013589859 -1.1710000038146973 1.4140000343322754 25.0
-0.503000020980835 -1.1139999628067017 1.4179999828338623 36.0
-0.5139999985694885 -1.0490000247955322 1.4220000505447388 30.0
0.0 0.0 0.0 0.0
0.0 0.0 0.0 0.0
-0.47999998927116394 -1.1260000467300415 1.4190000295639038 37.0
-0.492000013589859 -1.062000036239624 1.4199999570846558 37.0
0.0 0.0 0.0 0.0
0.0 0.0 0.0 0.0
-0.45500001311302185 -1.1369999647140503 1.4179999828338623 29.0
-0.47099998593330383 -1.0740000009536743 1.4179999828338623 38.0
0.0 0.0 0.0 0.0
0.0 0.0 0.0 0.0
0.0 0.0 0.0 0.0
-0.44999998807907104 -1.090999960899353 1.4220000505447388 37.0
0.0 0.0 0.0 0.0
0.0 0.0 0.0 0.0
0.0 0.0 0.0 0.0
-0.4269999861717224 -1.1009999513626099 1.4179999828338623 35.0
0.0 0.0 0.0 0.0
0.0 0.0 0.0 0.0
0.0 0.0 0.0 0.0
-0.4059999883174896 -1.1160000562667847 1.4199999570846558 25.0
0.0 0.0 0.0 0.0
0.0 0.0 0.0 0.0
0.0 0.0 0.0 0.0
0.0 0.0 0.0 0.0
0.0 0.0 0.0 0.0
0.0 0.0 0.0 0.0
0.0 0.0 0.0 0.0
0.0 0.0 0.0 0.0
0.0 0.0 0.0 0.0
0.0 0.0 0.0 0.0
0.0 0.0 0.0 0.0
0.0 0.0 0.0 0.0
0.0 0.0 0.0 0.0
0.0 0.0 0.0 0.0
0.0 0.0 0.0 0.0
0.0 0.0 0.0 0.0
0.0 0.0 0.0 0.0
0.0 0.0 0.0 0.0
0.0 0.0 0.0 0.0
0.0 0.0 0.0 0.0
0.0 0.0 0.0 0.0
0.0 0.0 0.0 0.0
0.0 0.0 0.0 0.0
0.0 0.0 0.0 0.0
0.0 0.0 0.0 0.0
0.0 0.0 0.0 0.0
0.0 0.0 0.0 0.0
0.0 0.0 0.0 0.0
0.0 0.0 0.0 0.0
0.0 0.0 0.0 0.0
0.0 0.0 0.0 0.0
0.0 0.0 0.0 0.0
0.0 0.0 0.0 0.0
0.0 0.0 0.0 0.0
0.0 0.0 0.0 0.0
0.0 0.0 0.0 0.0
0.0 0.0 0.0 0.0
0.0 0.0 0.0 0.0
0.0 0.0 0.0 0.0
0.0 0.0 0.0 0.0
0.0 0.0 0.0 0.0
0.0 0.0 0.0 0.0
0.0 0.0 0.0 0.0
0.0 0.0 0.0 0.0
0.00800000037997961 -1.1030000448226929 1.2430000305175781 0.0
0.0 0.0 0.0 0.0
0.0 0.0 0.0 0.0
0.0 0.0 0.0 0.0
0.03200000151991844 -1.097000002861023 1.2410000562667847 1.0
0.0 0.0 0.0 0.0
0.0 0.0 0.0 0.0
0.0 0.0 0.0 0.0
0.05700000002980232 -1.100000023841858 1.2489999532699585 1.0
0.020999999716877937 -1.1089999675750732 1.2580000162124634 0.0
0.0 0.0 0.0 0.0
0.0 0.0 0.0 0.0
0.08100000023841858 -1.097000002861023 1.2510000467300415 1.0
0.04500000178813934 -1.1069999933242798 1.2569999694824219 1.0
0.0 0.0 0.0 0.0
0.0 0.0 0.0 0.0
0.10400000214576721 -1.0829999446868896 1.2419999837875366 0.0
0.07000000029802322 -1.1119999885559082 1.2649999856948853 1.0
0.03500000014901161 -1.097000002861023 1.2419999837875366 1.0
0.0 0.0 0.0 0.0
0.0 0.0 0.0 0.0
0.09300000220537186 -1.1009999513626099 1.2549999952316284 1.0
0.05999999865889549 -1.1139999628067017 1.2610000371932983 1.0
0.0 0.0 0.0 0.0
0.0 0.0 0.0 0.0
0.11500000208616257 -1.0800000429153442 1.2350000143051147 0.0
0.08399999886751175 -1.1109999418258667 1.2580000162124634 1.0
0.04699999839067459 -1.1109999418258667 1.2480000257492065 1.0
0.0 0.0 0.0 0.0
0.0 0.0 0.0 0.0
0.1080000028014183 -1.1059999465942383 1.2519999742507935 1.0
0.07100000232458115 -1.1150000095367432 1.2489999532699585 1.0
0.0 0.0 0.0 0.0
0.0 0.0 0.0 0.0
0.13300000131130219 -1.1080000400543213 1.25600004196167 0.0
0.09600000083446503 -1.1160000562667847 1.2480000257492065 1.0
0.0 0.0 0.0 3.0
0.0 0.0 0.0 0.0
0.0 0.0 0.0 0.0
0.12099999934434891 -1.1160000562667847 1.246000051498413 1.0
0.0 0.0 0.0 6.0
0.0 0.0 0.0 0.0
0.0 0.0 0.0 0.0
0.1459999978542328 -1.1160000562667847 1.2450000047683716 1.0
0.0 0.0 0.0 10.0
0.0 0.0 0.0 0.0
0.0 0.0 0.0 0.0
0.17299999296665192 -1.121999979019165 1.25 0.0
0.0 0.0 0.0 10.0
0.0 0.0 0.0 1.0
0.0 0.0 0.0 0.0
0.0 0.0 0.0 0.0
0.0 0.0 0.0 10.0
0.0 0.0 0.0 7.0
0.17399999499320984 -0.746999979019165 0.8569999933242798 0.0
0.0 0.0 0.0 0.0
0.0 0.0 0.0 1.0
0.0 0.0 0.0 10.0
0.0 0.0 0.0 0.0
0.0 0.0 0.0 0.0
0.0 0.0 0.0 0.0
0.0 0.0 0.0 7.0
0.0 0.0 0.0 0.0
0.0 0.0 0.0 0.0
0.0 0.0 0.0 0.0
0.0 0.0 0.0 0.0
0.0 0.0 0.0 3.0
0.0 0.0 0.0 0.0
0.4390000104904175 -1.1080000400543213 1.4140000343322754 36.0
0.3089999854564667 -0.859000027179718 1.0460000038146973 2.0
0.0 0.0 0.0 3.0
0.0 0.0 0.0 0.0
0.460999995470047 -1.0959999561309814 1.4140000343322754 39.0
0.0 0.0 0.0 8.0
0.0 0.0 0.0 0.0
0.0 0.0 0.0 0.0
0.4830000102519989 -1.0839999914169312 1.4160000085830688 37.0
0.46700000762939453 -1.1390000581741333 1.4119999408721924 18.0
0.0 0.0 0.0 1.0
0.0 0.0 0.0 0.0
0.503000020980835 -1.065999984741211 1.409999966621399 35.0
0.4959999918937683 -1.1399999856948853 1.4279999732971191 2.0
0.47699999809265137 -1.184000015258789 1.4119999408721924 21.0
0.0 0.0 0.0 0.0
0.5249999761581421 -1.0529999732971191 1.4119999408721924 36.0
0.5120000243186951 -1.1100000143051147 1.4040000438690186 10.0
0.5080000162124634 -1.1859999895095825 1.4259999990463257 5.0
0.4790000021457672 -1.2120000123977661 1.3860000371932983 3.0
0.5460000038146973 -1.0399999618530273 1.4129999876022339 37.0
0.5389999747276306 -1.1039999723434448 1.4119999408721924 34.0
0.5299999713897705 -1.1640000343322754 1.4119999408721924 6.0
0.4830000102519989 -1.1469999551773071 1.319000005722046 7.0
0.5649999976158142 -1.0219999551773071 1.4079999923706055 17.0
0.5600000023841858 -1.0870000123977661 1.406000018119812 10.0
0.5580000281333923 -1.1579999923706055 1.4160000085830688 7.0
0.5149999856948853 -1.1490000486373901 1.3300000429153442 5.0
0.5860000252723694 -1.0080000162124634 1.409999966621399 28.0
0.5849999785423279 -1.0770000219345093 1.409999966621399 29.0
0.5830000042915344 -1.1440000534057617 1.4129999876022339 16.0
0.5640000104904175 -1.184999942779541 1.38100004196167 6.0
0.6060000061988831 -0.9950000047683716 1.4129999876022339 24.0
0.6079999804496765 -1.065000057220459 1.4119999408721924 34.0
0.6050000190734863 -1.125 1.4040000438690186 11.0
0.0 0.0 0.0 0.0
0.6259999871253967 -0.9789999723434448 1.4119999408721924 29.0
0.6299999952316284 -1.0499999523162842 1.409999966621399 35.0
0.6320000290870667 -1.1169999837875366 1.4079999923706055 9.0
0.0 0.0 0.0 0.0
0.6420000195503235 -0.9599999785423279 1.4079999923706055 30.0
0.6489999890327454 -1.0299999713897705 1.4019999504089355 11.0
0.6539999842643738 -1.097000002861023 1.399999976158142 2.0
0.6520000100135803 -1.159999966621399 1.3860000371932983 1.0
0.6620000004768372 -0.9449999928474426 1.409000039100647 31.0
0.6740000247955322 -1.0199999809265137 1.409000039100647 31.0
0.6830000281333923 -1.090000033378601 1.4079999923706055 6.0
0.6629999876022339 -1.1200000047683716 1.3519999980926514 2.0
0.6809999942779541 -0.9300000071525574 1.4110000133514404 40.0
0.6959999799728394 -1.00600004196167 1.409999966621399 29.0
0.7089999914169312 -1.0779999494552612 1.409999966621399 27.0
0.6660000085830688 -1.0679999589920044 1.3029999732971191 1.0
0.6990000009536743 -0.9139999747276306 1.4119999408721924 42.0
0.7129999995231628 -0.9850000143051147 1.4019999504089355 21.0
0.734000027179718 -1.0640000104904175 1.409999966621399 28.0
0.6710000038146973 -1.0240000486373901 1.2630000114440918 2.0
0.7129999995231628 -0.8930000066757202 1.406000018119812 20.0
0.7379999756813049 -0.9739999771118164 1.409000039100647 20.0
0.7580000162124634 -1.0490000247955322 1.409999966621399 30.0
0.7429999709129333 -1.0800000429153442 1.3489999771118164 6.0
0.7319999933242798 -0.8790000081062317 1.409999966621399 22.0
0.7570000290870667 -0.9549999833106995 1.406000018119812 10.0
0.7839999794960022 -1.034999966621399 1.4119999408721924 36.0
0.7799999713897705 -1.0789999961853027 1.3660000562667847 7.0
0.75 -0.8619999885559082 1.4110000133514404 25.0
0.7760000228881836 -0.9380000233650208 1.4049999713897705 29.0
0.8069999814033508 -1.0169999599456787 1.4110000133514404 33.0
0.824999988079071 -1.0889999866485596 1.3969999551773071 19.0
0.7670000195503235 -0.8460000157356262 1.4140000343322754 31.0
0.7960000038146973 -0.9200000166893005 1.4049999713897705 32.0
0.8299999833106995 -1.0 1.409999966621399 25.0
0.8569999933242798 -1.0779999494552612 1.4040000438690186 26.0
0.781000018119812 -0.8259999752044678 1.409999966621399 27.0
0.8159999847412109 -0.9020000100135803 1.4049999713897705 36.0
0.8550000190734863 -0.9860000014305115 1.4140000343322754 14.0
0.8870000243186951 -1.065999984741211 1.409999966621399 13.0
0.7929999828338623 -0.8040000200271606 1.402999997138977 28.0
0.8349999785423279 -0.8849999904632568 1.406000018119812 26.0
0.875 -0.9649999737739563 1.409000039100647 20.0
0.9110000133514404 -1.0449999570846558 1.4049999713897705 5.0
0.8090000152587891 -0.7870000004768372 1.4049999713897705 43.0
0.8569999933242798 -0.8700000047683716 1.409999966621399 21.0
0.8930000066757202 -0.9409999847412109 1.4010000228881836 13.0
0.8980000019073486 -0.984000027179718 1.347000002861023 4.0
0.824999988079071 -0.7689999938011169 1.406999945640564 47.0
0.8600000143051147 -0.8360000252723694 1.3860000371932983 1.0
0.9129999876022339 -0.9210000038146973 1.399999976158142 12.0
0.9309999942779541 -0.9739999771118164 1.3580000400543213 3.0
0.8410000205039978 -0.7519999742507935 1.409999966621399 48.0
0.8740000128746033 -0.8140000104904175 1.378999948501587 1.0
0.9380000233650208 -0.9039999842643738 1.4040000438690186 18.0
0.9419999718666077 -0.9419999718666077 1.3389999866485596 8.0
0.8519999980926514 -0.7310000061988831 1.406000018119812 45.0
0.9049999713897705 -0.8069999814033508 1.4010000228881836 20.0
0.9589999914169312 -0.8849999904632568 1.4040000438690186 8.0
0.9789999723434448 -0.9350000023841858 1.3569999933242798 4.0
0.8659999966621399 -0.7129999995231628 1.406999945640564 46.0
0.9269999861717224 -0.7919999957084656 1.409000039100647 44.0
0.9879999756813049 -0.8709999918937683 1.4160000085830688 9.0
1.0390000343322754 -0.9470000267028809 1.406000018119812 31.0
0.8799999952316284 -0.6940000057220459 1.4079999923706055 48.0
0.9430000185966492 -0.7710000276565552 1.4079999923706055 40.0
1.003000020980835 -0.8460000157356262 1.409000039100647 31.0
1.0509999990463257 -0.9139999747276306 1.3890000581741333 12.0
0.8920000195503235 -0.6740000247955322 1.406999945640564 47.0
0.9599999785423279 -0.7509999871253967 1.4079999923706055 42.0
1.0260000228881836 -0.8259999752044678 1.4119999408721924 38.0
1.0889999866485596 -0.9049999713897705 1.4079999923706055 40.0
0.9049999713897705 -0.6549999713897705 1.4079999923706055 47.0
0.9760000109672546 -0.7300000190734863 1.4079999923706055 42.0
1.0420000553131104 -0.8019999861717224 1.4079999923706055 41.0
1.1109999418258667 -0.8809999823570251 1.406999945640564 33.0
0.9139999747276306 -0.6330000162124634 1.402999997138977 48.0
0.9900000095367432 -0.7080000042915344 1.406999945640564 42.0
1.062000036239624 -0.7799999713897705 1.409999966621399 38.0
1.1299999952316284 -0.8539999723434448 1.4019999504089355 36.0
0.9279999732971191 -0.6140000224113464 1.406000018119812 48.0
1.0069999694824219 -0.6869999766349792 1.409000039100647 42.0
1.0800000429153442 -0.7570000290870667 1.409000039100647 37.0
1.156000018119812 -0.8320000171661377 1.406000018119812 37.0
0.9409999847412109 -0.5960000157356262 1.409000039100647 45.0
1.0210000276565552 -0.6650000214576721 1.4079999923706055 41.0
1.100000023841858 -0.7350000143051147 1.4110000133514404 30.0
1.1759999990463257 -0.8059999942779541 1.4049999713897705 36.0
0.949999988079071 -0.5740000009536743 1.406999945640564 46.0
1.0299999713897705 -0.6399999856948853 1.4010000228881836 39.0
1.1150000095367432 -0.7099999785423279 1.4079999923706055 39.0
1.1959999799728394 -0.7799999713897705 1.402999997138977 41.0
0.9629999995231628 -0.5550000071525574 1.409999966621399 51.0
1.0479999780654907 -0.6200000047683716 1.406000018119812 42.0
1.1349999904632568 -0.6869999766349792 1.4119999408721924 39.0
1.218000054359436 -0.7549999952316284 1.4049999713897705 42.0
0.9739999771118164 -0.5350000262260437 1.4110000133514404 48.0
1.062999963760376 -0.5989999771118164 1.409000039100647 41.0
1.1490000486373901 -0.6610000133514404 1.409000039100647 41.0
1.2369999885559082 -0.7269999980926514 1.4040000438690186 40.0
0.9800000190734863 -0.5130000114440918 1.406000018119812 49.0
1.0750000476837158 -0.5759999752044678 1.409000039100647 43.0
1.1649999618530273 -0.6359999775886536 1.409000039100647 41.0
1.25600004196167 -0.699999988079071 1.4040000438690186 45.0
0.9900000095367432 -0.492000013589859 1.406999945640564 49.0
1.0880000591278076 -0.5529999732971191 1.409000039100647 42.0
1.1799999475479126 -0.6100000143051147 1.409000039100647 41.0
1.2769999504089355 -0.6740000247955322 1.406999945640564 43.0
1.0 -0.47200000286102295 1.4079999923706055 50.0
1.097000002861023 -0.527999997138977 1.406000018119812 42.0
1.1990000009536743 -0.5870000123977661 1.4140000343322754 39.0
1.2960000038146973 -0.6449999809265137 1.4079999923706055 46.0
1.0099999904632568 -0.45100000500679016 1.409999966621399 48.0
1.1109999418258667 -0.5059999823570251 1.409000039100647 42.0
1.2130000591278076 -0.5600000023841858 1.4140000343322754 41.0
1.312999963760376 -0.6159999966621399 1.4079999923706055 45.0
1.0169999599456787 -0.4300000071525574 1.4079999923706055 49.0
1.121000051498413 -0.48100000619888306 1.4079999923706055 43.0
1.2280000448226929 -0.5339999794960022 1.4149999618530273 45.0
1.3279999494552612 -0.5860000252723694 1.406000018119812 45.0
1.0269999504089355 -0.4090000092983246 1.409999966621399 49.0
1.1319999694824219 -0.4569999873638153 1.409000039100647 40.0
1.2380000352859497 -0.5059999823570251 1.4119999408721924 41.0
1.340999960899353 -0.5550000071525574 1.4040000438690186 41.0
1.0329999923706055 -0.3869999945163727 1.4079999923706055 46.0
1.1419999599456787 -0.43299999833106995 1.4079999923706055 41.0
1.25 -0.4790000021457672 1.4119999408721924 40.0
1.3539999723434448 -0.5239999890327454 1.4019999504089355 42.0
1.0410000085830688 -0.3659999966621399 1.409000039100647 50.0
1.1510000228881836 -0.4090000092983246 1.4079999923706055 41.0
1.2660000324249268 -0.453000009059906 1.4170000553131104 40.0
1.371999979019165 -0.4950000047683716 1.4049999713897705 41.0
1.0479999780654907 -0.3449999988079071 1.409000039100647 49.0
1.159999966621399 -0.3840000033378601 1.4079999923706055 41.0
1.2740000486373901 -0.42399999499320984 1.4140000343322754 38.0
1.3860000371932983 -0.46399998664855957 1.406000018119812 42.0
1.0540000200271606 -0.3230000138282776 1.409000039100647 49.0
1.1679999828338623 -0.35899999737739563 1.4079999923706055 41.0
1.2860000133514404 -0.3959999978542328 1.4160000085830688 42.0
1.3969999551773071 -0.4320000112056732 1.4049999713897705 42.0
1.0609999895095825 -0.3009999990463257 1.409999966621399 50.0
1.1759999990463257 -0.33399999141693115 1.406999945640564 42.0
1.2910000085830688 -0.3659999966621399 1.409999966621399 40.0
1.409999966621399 -0.4000000059604645 1.406000018119812 41.0
1.0670000314712524 -0.27900001406669617 1.409000039100647 48.0
1.184000015258789 -0.3089999854564667 1.409000039100647 42.0
1.3020000457763672 -0.33799999952316284 1.4119999408721924 38.0
1.4229999780654907 -0.36800000071525574 1.409000039100647 42.0
1.0720000267028809 -0.257999986410141 1.409000039100647 50.0
1.190000057220459 -0.28299999237060547 1.406999945640564 43.0
1.305999994277954 -0.30799999833106995 1.4079999923706055 41.0
1.4299999475479126 -0.33500000834465027 1.4049999713897705 37.0
1.0759999752044678 -0.23499999940395355 1.4079999923706055 47.0
1.1959999799728394 -0.25699999928474426 1.406999945640564 44.0
1.3200000524520874 -0.2800000011920929 1.4149999618530273 43.0
1.437999963760376 -0.3019999861717224 1.4040000438690186 38.0
1.0820000171661377 -0.21299999952316284 1.409000039100647 49.0
1.2029999494552612 -0.23199999332427979 1.4079999923706055 43.0
1.3259999752044678 -0.25 1.4129999876022339 41.0
1.4450000524520874 -0.2680000066757202 1.402999997138977 37.0
1.0859999656677246 -0.19099999964237213 1.409000039100647 49.0
1.2050000429153442 -0.20600000023841858 1.4040000438690186 42.0
1.3309999704360962 -0.22100000083446503 1.4119999408721924 42.0
1.4529999494552612 -0.23499999940395355 1.402999997138977 38.0
1.090000033378601 -0.16899999976158142 1.409000039100647 49.0
1.2109999656677246 -0.18000000715255737 1.406000018119812 40.0
1.3380000591278076 -0.19099999964237213 1.4129999876022339 43.0
1.4589999914169312 -0.20100000500679016 1.4019999504089355 35.0
1.093999981880188 -0.1469999998807907 1.409000039100647 48.0
1.2170000076293945 -0.15399999916553497 1.406999945640564 43.0
1.3420000076293945 -0.16099999845027924 1.4119999408721924 42.0
1.4630000591278076 -0.16699999570846558 1.4019999504089355 36.0
1.097000002861023 -0.12399999797344208 1.4079999923706055 48.0
1.2200000286102295 -0.12800000607967377 1.406000018119812 42.0
1.347000002861023 -0.13099999725818634 1.4129999876022339 44.0
1.4700000286102295 -0.13300000131130219 1.402999997138977 31.0
1.0989999771118164 -0.10199999809265137 1.4079999923706055 51.0
1.222000002861023 -0.10100000351667404 1.4049999713897705 42.0
1.3489999771118164 -0.10100000351667404 1.4110000133514404 43.0
1.472000002861023 -0.0989999994635582 1.4019999504089355 37.0
1.1019999980926514 -0.07900000363588333 1.4079999923706055 52.0
1.2239999771118164 -0.07500000298023224 1.4040000438690186 42.0
1.350000023841858 -0.07000000029802322 1.409999966621399 41.0
1.4759999513626099 -0.06499999761581421 1.4019999504089355 40.0
1.0989999771118164 -0.0560000017285347 1.4019999504089355 51.0
1.2259999513626099 -0.04899999871850014 1.4040000438690186 42.0
1.3519999980926514 -0.03999999910593033 1.409000039100647 41.0
1.4780000448226929 -0.03099999949336052 1.4019999504089355 42.0
1.1030000448226929 -0.03400000184774399 1.4049999713897705 53.0
1.2300000190734863 -0.02199999988079071 1.406999945640564 39.0
1.3550000190734863 -0.009999999776482582 1.409999966621399 42.0
1.4800000190734863 0.003000000026077032 1.402999997138977 41.0
1.1039999723434448 -0.010999999940395355 1.4040000438690186 49.0
1.2309999465942383 0.003000000026077032 1.406999945640564 38.0
1.3550000190734863 0.019999999552965164 1.409999966621399 39.0
1.4819999933242798 0.03700000047683716 1.4040000438690186 38.0
1.1069999933242798 0.010999999940395355 1.406000018119812 49.0
1.2309999465942383 0.029999999329447746 1.406000018119812 39.0
1.3550000190734863 0.05000000074505806 1.409999966621399 41.0
1.4769999980926514 0.07199999690055847 1.399999976158142 33.0
1.1069999933242798 0.032999999821186066 1.4049999713897705 49.0
1.2339999675750732 0.05700000002980232 1.409999966621399 37.0
1.3539999723434448 0.07999999821186066 1.409999966621399 41.0
1.4789999723434448 0.10599999874830246 1.402999997138977 30.0
1.1089999675750732 0.0560000017285347 1.4079999923706055 42.0
1.2309999465942383 0.08299999684095383 1.406999945640564 38.0
1.3519999980926514 0.11100000143051147 1.409000039100647 40.0
1.4739999771118164 0.14000000059604645 1.4010000228881836 34.0
1.1100000143051147 0.07900000363588333 1.409000039100647 40.0
1.2280000448226929 0.10999999940395355 1.4049999713897705 37.0
1.3530000448226929 0.14100000262260437 1.4119999408721924 40.0
1.472000002861023 0.17499999701976776 1.4019999504089355 36.0
1.1089999675750732 0.10199999809265137 1.409000039100647 42.0
1.2289999723434448 0.13600000739097595 1.406999945640564 34.0
1.3509999513626099 0.1720000058412552 1.4129999876022339 37.0
1.4639999866485596 0.20900000631809235 1.3980000019073486 34.0
1.1069999933242798 0.125 1.4079999923706055 40.0
1.2280000448226929 0.16300000250339508 1.409000039100647 35.0
1.3459999561309814 0.20200000703334808 1.4119999408721924 37.0
1.4639999866485596 0.24400000274181366 1.402999997138977 38.0
1.1050000190734863 0.14800000190734863 1.406000018119812 40.0
1.225000023841858 0.1899999976158142 1.409000039100647 37.0
1.340999960899353 0.23199999332427979 1.4110000133514404 39.0
1.4579999446868896 0.2770000100135803 1.402999997138977 38.0
1.1050000190734863 0.17100000381469727 1.4079999923706055 39.0
1.222000002861023 0.21699999272823334 1.409000039100647 36.0
1.3370000123977661 0.2630000114440918 1.4119999408721924 37.0
1.4490000009536743 0.3109999895095825 1.4019999504089355 39.0
1.1039999723434448 0.19499999284744263 1.409999966621399 38.0
1.218000054359436 0.24300000071525574 1.409000039100647 36.0
1.3329999446868896 0.2930000126361847 1.4140000343322754 36.0
1.4450000524520874 0.3449999988079071 1.4049999713897705 41.0
1.1009999513626099 0.21799999475479126 1.409000039100647 38.0
1.2100000381469727 0.26899999380111694 1.4049999713897705 34.0
1.3259999752044678 0.3230000138282776 1.4140000343322754 34.0
1.4359999895095825 0.3790000081062317 1.4049999713897705 41.0
1.097000002861023 0.2409999966621399 1.4079999923706055 36.0
1.2070000171661377 0.29600000381469727 1.406999945640564 33.0
1.315999984741211 0.35199999809265137 1.4110000133514404 32.0
1.4270000457763672 0.41200000047683716 1.4049999713897705 41.0
1.0980000495910645 0.26499998569488525 1.4129999876022339 38.0
1.2009999752044678 0.32199999690055847 1.406999945640564 34.0
1.3109999895095825 0.38199999928474426 1.4129999876022339 36.0
1.4160000085830688 0.4449999928474426 1.4040000438690186 37.0
1.090999960899353 0.28700000047683716 1.409000039100647 39.0
1.1959999799728394 0.3490000069141388 1.4079999923706055 32.0
1.3020000457763672 0.41200000047683716 1.4129999876022339 36.0
1.4040000438690186 0.47699999809265137 1.4040000438690186 39.0
1.0889999866485596 0.3109999895095825 1.4119999408721924 37.0
1.190000057220459 0.375 1.409000039100647 33.0
1.2929999828338623 0.4410000145435333 1.4129999876022339 35.0
1.3919999599456787 0.5090000033378601 1.4040000438690186 38.0
1.0809999704360962 0.33399999141693115 1.4079999923706055 35.0
1.180999994277954 0.4009999930858612 1.406999945640564 34.0
1.2829999923706055 0.4699999988079071 1.4129999876022339 36.0
1.3830000162124634 0.5429999828338623 1.4079999923706055 36.0
1.0770000219345093 0.3569999933242798 1.4079999923706055 34.0
1.1740000247955322 0.4269999861717224 1.4079999923706055 33.0
1.2719999551773071 0.49799999594688416 1.4129999876022339 35.0
1.3669999837875366 0.5730000138282776 1.4049999713897705 38.0
1.0729999542236328 0.38100001215934753 1.4110000133514404 34.0
1.1649999618530273 0.4519999921321869 1.406999945640564 33.0
1.2599999904632568 0.5270000100135803 1.4129999876022339 35.0
1.3509999513626099 0.6039999723434448 1.4040000438690186 36.0
1.0679999589920044 0.40400001406669617 1.4119999408721924 37.0
1.156000018119812 0.4779999852180481 1.406999945640564 32.0
1.2480000257492065 0.5550000071525574 1.4129999876022339 35.0
1.3380000591278076 0.6349999904632568 1.406000018119812 37.0
1.059000015258789 0.4259999990463257 1.409000039100647 34.0
1.1460000276565552 0.5040000081062317 1.406999945640564 31.0
1.2359999418258667 0.5830000042915344 1.4129999876022339 35.0
1.319000005722046 0.6650000214576721 1.4040000438690186 35.0
1.0529999732971191 0.44999998807907104 1.409999966621399 36.0
1.1380000114440918 0.5299999713897705 1.409000039100647 34.0
1.222000002861023 0.6110000014305115 1.4119999408721924 36.0
1.3029999732971191 0.6949999928474426 1.4049999713897705 35.0
1.0470000505447388 0.4729999899864197 1.4110000133514404 33.0
1.125 0.5540000200271606 1.4049999713897705 31.0
1.2079999446868896 0.6380000114440918 1.4119999408721924 35.0
1.284999966621399 0.7239999771118164 1.4040000438690186 35.0
1.0399999618530273 0.4970000088214874 1.4119999408721924 35.0
1.1130000352859497 0.578000009059906 1.4049999713897705 31.0
1.1950000524520874 0.6650000214576721 1.4140000343322754 34.0
1.2669999599456787 0.753000020980835 1.4049999713897705 36.0
1.031999945640564 0.5199999809265137 1.4119999408721924 33.0
1.1059999465942383 0.6060000061988831 1.4110000133514404 33.0
1.1779999732971191 0.6909999847412109 1.4119999408721924 35.0
1.2480000257492065 0.781000018119812 1.4049999713897705 35.0
1.0219999551773071 0.5419999957084656 1.409999966621399 34.0
1.0950000286102295 0.6309999823570251 1.4119999408721924 34.0
1.1629999876022339 0.7179999947547913 1.4129999876022339 36.0
1.2300000190734863 0.8100000023841858 1.406000018119812 36.0
1.0160000324249268 0.5669999718666077 1.4140000343322754 31.0
1.0829999446868896 0.656000018119812 1.4140000343322754 34.0
1.1469999551773071 0.7440000176429749 1.4129999876022339 34.0
1.2079999446868896 0.8360000252723694 1.4049999713897705 35.0
1.003000020980835 0.5879999995231628 1.4110000133514404 34.0
1.069000005722046 0.6800000071525574 1.4129999876022339 34.0
1.13100004196167 0.7699999809265137 1.4149999618530273 36.0
1.1890000104904175 0.8640000224113464 1.406999945640564 37.0
0.9950000047683716 0.6119999885559082 1.4129999876022339 33.0
1.0520000457763672 0.7009999752044678 1.4079999923706055 32.0
1.1130000352859497 0.7950000166893005 1.4140000343322754 34.0
1.1670000553131104 0.8899999856948853 1.406999945640564 36.0
0.984000027179718 0.6349999904632568 1.4129999876022339 36.0
1.0410000085830688 0.7269999980926514 1.4129999876022339 34.0
1.0950000286102295 0.8190000057220459 1.4140000343322754 35.0
1.1449999809265137 0.9160000085830688 1.4079999923706055 35.0
0.9729999899864197 0.6570000052452087 1.4129999876022339 35.0
1.0260000228881836 0.7509999871253967 1.4129999876022339 36.0
1.0750000476837158 0.8429999947547913 1.4129999876022339 36.0
1.1230000257492065 0.9409999847412109 1.409000039100647 35.0
0.9610000252723694 0.6790000200271606 1.4119999408721924 35.0
1.0099999904632568 0.7739999890327454 1.4129999876022339 35.0
1.0570000410079956 0.8669999837875366 1.4149999618530273 35.0
1.100000023841858 0.9660000205039978 1.409999966621399 37.0
0.9509999752044678 0.703000009059906 1.4140000343322754 33.0
0.9940000176429749 0.7960000038146973 1.4129999876022339 36.0
1.0369999408721924 0.890999972820282 1.4160000085830688 38.0
1.0770000219345093 0.9900000095367432 1.4110000133514404 36.0
0.9390000104904175 0.7250000238418579 1.4160000085830688 35.0
0.9769999980926514 0.8180000185966492 1.4119999408721924 35.0
1.0149999856948853 0.9129999876022339 1.4140000343322754 35.0
1.0509999990463257 1.0119999647140503 1.409999966621399 35.0
0.925000011920929 0.746999979019165 1.4140000343322754 35.0
0.9599999785423279 0.8399999737739563 1.4110000133514404 36.0
0.9940000176429749 0.9350000023841858 1.4140000343322754 35.0
1.0260000228881836 1.034000039100647 1.409999966621399 36.0
0.9100000262260437 0.7670000195503235 1.4110000133514404 35.0
0.9409999847412109 0.8610000014305115 1.409999966621399 34.0
0.9739999771118164 0.9580000042915344 1.4149999618530273 35.0
1.0 1.0549999475479126 1.409999966621399 41.0
0.8949999809265137 0.7879999876022339 1.409999966621399 35.0
0.925000011920929 0.8840000033378601 1.4119999408721924 36.0
0.9520000219345093 0.9789999723434448 1.4160000085830688 34.0
0.9739999771118164 1.0759999752044678 1.409999966621399 38.0
0.8820000290870667 0.8109999895095825 1.4129999876022339 33.0
0.906000018119812 0.9039999842643738 1.4110000133514404 34.0
0.9300000071525574 1.0 1.4170000553131104 37.0
0.9480000138282776 1.0959999561309814 1.409999966621399 43.0
0.8659999966621399 0.8320000171661377 1.4110000133514404 35.0
0.8870000243186951 0.925000011920929 1.4110000133514404 35.0
0.906000018119812 1.0190000534057617 1.4149999618530273 36.0
0.9200000166893005 1.1150000095367432 1.409999966621399 40.0
0.8539999723434448 0.8560000061988831 1.4170000553131104 34.0
0.8669999837875366 0.9449999928474426 1.409999966621399 36.0
0.8830000162124634 1.0390000343322754 1.4149999618530273 36.0
0.8930000066757202 1.1339999437332153 1.409999966621399 42.0
0.8370000123977661 0.8759999871253967 1.4149999618530273 33.0
0.8460000157356262 0.9639999866485596 1.409000039100647 34.0
0.8610000014305115 1.059999942779541 1.4179999828338623 36.0
0.8659999966621399 1.152999997138977 1.4119999408721924 42.0
0.8209999799728394 0.8970000147819519 1.4160000085830688 35.0
0.8259999752044678 0.984000027179718 1.409999966621399 34.0
0.8360000252723694 1.0770000219345093 1.4160000085830688 36.0
0.8379999995231628 1.1699999570846558 1.4119999408721924 42.0
0.8050000071525574 0.9190000295639038 1.4179999828338623 35.0
0.8050000071525574 1.003000020980835 1.409999966621399 35.0
0.8119999766349792 1.097000002861023 1.4179999828338623 38.0
0.8059999942779541 1.1820000410079956 1.406999945640564 43.0
0.7860000133514404 0.9380000233650208 1.4160000085830688 35.0
0.7850000262260437 1.0240000486373901 1.4129999876022339 34.0
0.7870000004768372 1.1139999628067017 1.4190000295639038 38.0
0.777999997138977 1.1990000009536743 1.409000039100647 40.0
0.7670000195503235 0.9559999704360962 1.4140000343322754 35.0
0.7630000114440918 1.0410000085830688 1.4119999408721924 33.0
0.7609999775886536 1.128999948501587 1.4170000553131104 35.0
0.75 1.215000033378601 1.4110000133514404 42.0
0.746999979019165 0.9739999771118164 1.4119999408721924 35.0
0.7419999837875366 1.0609999895095825 1.4140000343322754 37.0
0.7350000143051147 1.1460000276565552 1.4170000553131104 35.0
0.7210000157356262 1.2300000190734863 1.4119999408721924 44.0
0.7300000190734863 0.9959999918937683 1.4149999618530273 38.0
0.718999981880188 1.0779999494552612 1.4129999876022339 37.0
0.7089999914169312 1.1619999408721924 1.4179999828338623 35.0
0.6919999718666077 1.24399995803833 1.4119999408721924 41.0
0.7099999785423279 1.0140000581741333 1.4140000343322754 38.0
0.6959999799728394 1.0950000286102295 1.4140000343322754 39.0
0.6830000281333923 1.1770000457763672 1.4179999828338623 35.0
0.6620000004768372 1.25600004196167 1.4119999408721924 37.0
0.6899999976158142 1.034000039100647 1.4160000085830688 37.0
0.671999990940094 1.1109999418258667 1.4129999876022339 39.0
0.6549999713897705 1.1890000104904175 1.4160000085830688 36.0
0.6309999823570251 1.2669999599456787 1.4119999408721924 39.0
0.6679999828338623 1.0499999523162842 1.4119999408721924 35.0
0.6499999761581421 1.128999948501587 1.4160000085830688 36.0
0.6290000081062317 1.2050000429153442 1.4190000295639038 36.0
0.6010000109672546 1.277999997138977 1.4119999408721924 39.0
0.6480000019073486 1.0700000524520874 1.4149999618530273 39.0
0.6259999871253967 1.1449999809265137 1.4170000553131104 34.0
0.6029999852180481 1.2200000286102295 1.4220000505447388 38.0
0.5699999928474426 1.2869999408721924 1.4110000133514404 30.0
0.6259999871253967 1.0859999656677246 1.4129999876022339 37.0
0.6000000238418579 1.1579999923706055 1.4140000343322754 36.0
0.574999988079071 1.2309999465942383 1.4199999570846558 36.0
0.5410000085830688 1.2990000247955322 1.4140000343322754 34.0
0.6039999723434448 1.1030000448226929 1.4129999876022339 37.0
0.5759999752044678 1.1740000247955322 1.4160000085830688 36.0
0.5460000038146973 1.2419999837875366 1.4190000295639038 39.0
0.5099999904632568 1.3070000410079956 1.4140000343322754 37.0
0.5809999704360962 1.1200000047683716 1.4129999876022339 35.0
0.550000011920929 1.187000036239624 1.4149999618530273 35.0
0.5170000195503235 1.2489999532699585 1.4140000343322754 24.0
0.4790000021457672 1.315000057220459 1.4140000343322754 26.0
0.5590000152587891 1.1369999647140503 1.4140000343322754 38.0
0.5239999890327454 1.2000000476837158 1.4140000343322754 37.0
0.49000000953674316 1.2630000114440918 1.4190000295639038 29.0
0.4490000009536743 1.3229999542236328 1.4160000085830688 37.0
0.5350000262260437 1.1519999504089355 1.4129999876022339 37.0
0.49799999594688416 1.2120000123977661 1.4140000343322754 36.0
0.4620000123977661 1.274999976158142 1.4220000505447388 37.0
0.4189999997615814 1.3309999704360962 1.4179999828338623 40.0
0.5120000243186951 1.1690000295639038 1.4149999618530273 40.0
0.4699999988079071 1.2209999561309814 1.4110000133514404 27.0
0.43299999833106995 1.281000018119812 1.4190000295639038 30.0
0.38199999928474426 1.3170000314712524 1.3969999551773071 19.0
0.4869999885559082 1.1829999685287476 1.4140000343322754 41.0
0.4449999928474426 1.2369999885559082 1.4149999618530273 18.0
0.4020000100135803 1.284000039100647 1.4129999876022339 15.0
0.0 0.0 0.0 0.0
0.4620000123977661 1.1970000267028809 1.4129999876022339 40.0
0.4180000126361847 1.246999979019165 1.4140000343322754 23.0
0.37299999594688416 1.2899999618530273 1.4110000133514404 8.0
0.2840000092983246 1.1740000247955322 1.2380000352859497 7.0
0.43700000643730164 1.2130000591278076 1.4160000085830688 36.0
0.3919999897480011 1.2610000371932983 1.4179999828338623 31.0
0.34599998593330383 1.3040000200271606 1.4190000295639038 19.0
0.2529999911785126 1.159000039100647 1.218999981880188 21.0
0.41100001335144043 1.2239999771118164 1.4119999408721924 36.0
0.36399999260902405 1.2699999809265137 1.4170000553131104 30.0
0.28200000524520874 1.1690000295639038 1.2660000324249268 43.0
0.0 0.0 0.0 0.0
0.3840000033378601 1.2350000143051147 1.4110000133514404 28.0
0.335999995470047 1.277999997138977 1.4160000085830688 13.0
0.2540000081062317 1.1629999876022339 1.253999948501587 20.0
0.0 0.0 0.0 0.0
0.3569999933242798 1.246999979019165 1.409000039100647 23.0
0.2809999883174896 1.1749999523162842 1.2940000295639038 49.0
0.0 0.0 0.0 0.0
0.1679999977350235 1.1260000467300415 1.180999994277954 30.0
0.3310000002384186 1.2610000371932983 1.4119999408721924 35.0
0.25 1.1610000133514404 1.2699999809265137 25.0
0.0 0.0 0.0 0.0
0.14399999380111694 1.1299999952316284 1.184999942779541 8.0
0.28600001335144043 1.1990000009536743 1.3309999704360962 97.0
0.0 0.0 0.0 0.0
0.1679999977350235 1.125 1.2009999752044678 27.0
0.11599999666213989 1.1069999933242798 1.1610000133514404 38.0
0.24799999594688416 1.1519999504089355 1.2680000066757202 20.0
0.0 0.0 0.0 0.0
0.1420000046491623 1.1230000257492065 1.1979999542236328 7.0
0.08900000154972076 1.0850000381469727 1.1399999856948853 1.0
0.0 0.0 0.0 0.0
0.16500000655651093 1.1239999532699585 1.2109999656677246 25.0
0.11599999666213989 1.1089999675750732 1.180999994277954 33.0
0.06499999761581421 1.0779999494552612 1.1339999437332153 34.0
0.0 0.0 0.0 0.0
0.14000000059604645 1.125 1.2070000171661377 7.0
0.08900000154972076 1.0859999656677246 1.1540000438690186 1.0
0.0 0.0 0.0 0.0
0.16300000250339508 1.1239999532699585 1.2109999656677246 29.0
0.1120000034570694 1.1059999465942383 1.1829999685287476 32.0
0.06400000303983688 1.0750000476837158 1.1419999599456787 37.0
0.0 0.0 0.0 0.0
0.13699999451637268 1.1169999837875366 1.1950000524520874 7.0
0.0860000029206276 1.0870000123977661 1.1579999923706055 1.0
0.0 0.0 0.0 0.0
-0.006000000052154064 1.218000054359436 1.2910000085830688 13.0
0.10999999940395355 1.1039999723434448 1.1740000247955322 26.0
0.061000000685453415 1.0720000267028809 1.1399999856948853 35.0
0.0 0.0 0.0 0.0
-0.032999999821186066 1.2120000123977661 1.2890000343322754 23.0
0.08299999684095383 1.0850000381469727 1.1490000486373901 3.0
0.0 0.0 0.0 0.0
-0.007000000216066837 1.2100000381469727 1.2869999408721924 15.0
-0.06499999761581421 1.3259999752044678 1.4160000085830688 31.0
0.057999998331069946 1.0750000476837158 1.1319999694824219 26.0
0.0 0.0 0.0 0.0
-0.032999999821186066 1.2089999914169312 1.2879999876022339 15.0
-0.09399999678134918 1.3179999589920044 1.4140000343322754 25.0
0.0 0.0 0.0 0.0
-0.010999999940395355 1.2120000123977661 1.281999945640564 18.0
-0.06599999964237213 1.3270000219345093 1.4170000553131104 30.0
0.0 0.0 0.0 0.0
0.0 0.0 0.0 0.0
-0.039000000804662704 1.2339999675750732 1.3049999475479126 38.0
-0.0949999988079071 1.3270000219345093 1.4190000295639038 26.0
0.0 0.0 0.0 0.0
-0.01600000075995922 1.2130000591278076 1.2640000581741333 33.0
-0.07199999690055847 1.3380000591278076 1.4149999618530273 33.0
0.0 0.0 0.0 0.0
0.0 0.0 0.0 0.0
-0.04800000041723251 1.350000023841858 1.4040000438690186 31.0
-0.10199999809265137 1.3380000591278076 1.4149999618530273 28.0
0.0 0.0 0.0 0.0
0.0 0.0 0.0 0.0
-0.07999999821186066 1.3600000143051147 1.4110000133514404 38.0
0.0 0.0 0.0 0.0
0.0 0.0 0.0 0.0
0.0 0.0 0.0 0.0
-0.11100000143051147 1.3639999628067017 1.4129999876022339 28.0
0.0 0.0 0.0 0.0
0.0 0.0 0.0 0.0
0.0 0.0 0.0 0.0
-0.1420000046491623 1.3550000190734863 1.402999997138977 2.0
0.0 0.0 0.0 0.0
0.0 0.0 0.0 0.0
0.0 0.0 0.0 0.0
0.0 0.0 0.0 0.0
0.0 0.0 0.0 0.0
0.0 0.0 0.0 0.0
0.0 0.0 0.0 0.0
0.0 0.0 0.0 0.0
0.0 0.0 0.0 0.0
0.0 0.0 0.0 0.0
0.0 0.0 0.0 0.0
0.0 0.0 0.0 0.0
0.0 0.0 0.0 0.0
0.0 0.0 0.0 0.0
0.0 0.0 0.0 0.0
0.0 0.0 0.0 0.0
0.0 0.0 0.0 0.0
0.0 0.0 0.0 0.0
0.0 0.0 0.0 0.0
0.0 0.0 0.0 0.0
0.0 0.0 0.0 0.0
0.0 0.0 0.0 0.0
0.0 0.0 0.0 0.0
0.0 0.0 0.0 0.0
0.0 0.0 0.0 0.0
0.0 0.0 0.0 0.0
0.0 0.0 0.0 0.0
0.0 0.0 0.0 0.0
0.0 0.0 0.0 0.0
0.0 0.0 0.0 0.0
0.0 0.0 0.0 0.0
0.0 0.0 0.0 0.0
0.0 0.0 0.0 0.0
0.0 0.0 0.0 0.0
-0.4869999885559082 1.1660000085830688 1.4210000038146973 27.0
0.0 0.0 0.0 0.0
0.0 0.0 0.0 0.0
0.0 0.0 0.0 0.0
-0.5099999904632568 1.1519999504089355 1.4210000038146973 36.0
0.0 0.0 0.0 0.0
0.0 0.0 0.0 0.0
0.0 0.0 0.0 0.0
-0.5329999923706055 1.1380000114440918 1.4229999780654907 36.0
0.0 0.0 0.0 0.0
0.0 0.0 0.0 0.0
-0.5379999876022339 1.1950000524520874 1.4229999780654907 31.0
-0.5559999942779541 1.1239999532699585 1.4249999523162842 38.0
0.0 0.0 0.0 0.0
0.0 0.0 0.0 0.0
-0.5630000233650208 1.180999994277954 1.4220000505447388 36.0
-0.578000009059906 1.1089999675750732 1.4249999523162842 37.0
0.0 0.0 0.0 0.0
-0.5730000138282776 1.2350000143051147 1.4170000553131104 27.0
-0.5870000123977661 1.1660000085830688 1.4210000038146973 36.0
-0.5979999899864197 1.0889999866485596 1.4199999570846558 29.0
0.0 0.0 0.0 0.0
-0.6000000238418579 1.2209999561309814 1.4149999618530273 33.0
-0.6119999885559082 1.1510000228881836 1.4210000038146973 34.0
0.0 0.0 0.0 0.0
-0.6190000176429749 1.284000039100647 1.409999966621399 16.0
-0.6290000081062317 1.2089999914169312 1.4160000085830688 37.0
-0.6330000162124634 1.13100004196167 1.4140000343322754 30.0
0.0 0.0 0.0 0.0
-0.6510000228881836 1.2740000486373901 1.4119999408721924 34.0
-0.656000018119812 1.1959999799728394 1.4160000085830688 31.0
0.0 0.0 0.0 0.0
0.0 0.0 0.0 0.0
-0.6819999814033508 1.2610000371932983 1.4119999408721924 36.0
0.0 0.0 0.0 0.0
0.0 0.0 0.0 0.0
0.0 0.0 0.0 0.0
0.0 0.0 0.0 0.0
0.0 0.0 0.0 0.0
0.0 0.0 0.0 0.0
0.0 0.0 0.0 1.0
0.0 0.0 0.0 0.0
0.0 0.0 0.0 0.0
0.0 0.0 0.0 0.0
0.0 0.0 0.0 0.0
0.0 0.0 0.0 0.0
0.0 0.0 0.0 0.0
0.0 0.0 0.0 0.0
0.0 0.0 0.0 1.0
0.0 0.0 0.0 0.0
0.0 0.0 0.0 0.0
0.0 0.0 0.0 0.0
0.0 0.0 0.0 0.0
0.0 0.0 0.0 1.0
0.0 0.0 0.0 0.0
0.0 0.0 0.0 1.0
0.0 0.0 0.0 1.0
0.0 0.0 0.0 0.0
0.0 0.0 0.0 0.0
0.0 0.0 0.0 0.0
0.0 0.0 0.0 0.0
0.0 0.0 0.0 0.0
0.0 0.0 0.0 0.0
0.0 0.0 0.0 1.0
0.0 0.0 0.0 1.0
0.0 0.0 0.0 0.0
0.0 0.0 0.0 0.0
0.0 0.0 0.0 0.0
0.0 0.0 0.0 0.0
0.0 0.0 0.0 0.0
0.0 0.0 0.0 0.0
0.0 0.0 0.0 0.0
0.0 0.0 0.0 1.0
0.0 0.0 0.0 0.0
0.0 0.0 0.0 0.0
0.0 0.0 0.0 0.0
0.0 0.0 0.0 0.0
0.0 0.0 0.0 0.0
0.0 0.0 0.0 0.0
0.0 0.0 0.0 0.0
0.0 0.0 0.0 1.0
0.0 0.0 0.0 0.0
0.0 0.0 0.0 0.0
0.0 0.0 0.0 0.0
0.0 0.0 0.0 0.0
0.0 0.0 0.0 0.0
0.0 0.0 0.0 0.0
0.0 0.0 0.0 0.0
0.0 0.0 0.0 0.0
0.0 0.0 0.0 0.0
0.0 0.0 0.0 0.0
0.0 0.0 0.0 0.0
0.0 0.0 0.0 0.0
0.0 0.0 0.0 0.0
0.0 0.0 0.0 0.0
0.0 0.0 0.0 0.0
0.0 0.0 0.0 0.0
0.0 0.0 0.0 0.0
0.0 0.0 0.0 0.0
0.0 0.0 0.0 0.0
0.0 0.0 0.0 0.0
0.0 0.0 0.0 0.0
0.0 0.0 0.0 0.0
0.0 0.0 0.0 0.0
0.0 0.0 0.0 0.0
0.0 0.0 0.0 0.0
0.0 0.0 0.0 0.0
0.0 0.0 0.0 0.0
0.0 0.0 0.0 0.0
0.0 0.0 0.0 1.0
0.0 0.0 0.0 0.0
0.0 0.0 0.0 0.0
0.0 0.0 0.0 0.0
0.0 0.0 0.0 0.0
0.0 0.0 0.0 0.0
0.0 0.0 0.0 0.0
0.0 0.0 0.0 0.0
0.0 0.0 0.0 1.0
0.0 0.0 0.0 0.0
0.0 0.0 0.0 0.0
0.0 0.0 0.0 0.0
0.0 0.0 0.0 0.0
0.0 0.0 0.0 0.0
0.0 0.0 0.0 0.0
0.0 0.0 0.0 0.0
0.0 0.0 0.0 1.0
0.0 0.0 0.0 0.0
0.0 0.0 0.0 0.0
0.0 0.0 0.0 0.0
0.0 0.0 0.0 0.0
0.0 0.0 0.0 0.0
0.0 0.0 0.0 0.0
0.0 0.0 0.0 0.0
0.0 0.0 0.0 0.0
0.0 0.0 0.0 0.0
0.0 0.0 0.0 0.0
0.0 0.0 0.0 0.0
0.0 0.0 0.0 0.0
0.0 0.0 0.0 0.0
0.0 0.0 0.0 0.0
0.0 0.0 0.0 0.0
0.0 0.0 0.0 1.0
0.0 0.0 0.0 0.0
0.0 0.0 0.0 0.0
0.0 0.0 0.0 0.0
0.0 0.0 0.0 0.0
0.0 0.0 0.0 0.0
0.0 0.0 0.0 0.0
0.0 0.0 0.0 0.0
0.0 0.0 0.0 0.0
0.0 0.0 0.0 0.0
0.0 0.0 0.0 0.0
0.0 0.0 0.0 1.0
0.0 0.0 0.0 0.0
0.0 0.0 0.0 0.0
0.0 0.0 0.0 0.0
0.0 0.0 0.0 0.0
0.0 0.0 0.0 1.0
0.0 0.0 0.0 0.0
0.0 0.0 0.0 0.0
0.0 0.0 0.0 1.0
0.0 0.0 0.0 0.0
0.0 0.0 0.0 0.0
0.0 0.0 0.0 0.0
0.0 0.0 0.0 0.0
0.0 0.0 0.0 1.0
0.0 0.0 0.0 0.0
0.0 0.0 0.0 0.0
0.0 0.0 0.0 1.0
0.0 0.0 0.0 0.0
0.0 0.0 0.0 1.0
0.0 0.0 0.0 0.0
0.0 0.0 0.0 0.0
0.0 0.0 0.0 1.0
0.0 0.0 0.0 0.0
0.0 0.0 0.0 1.0
0.0 0.0 0.0 1.0
0.0 0.0 0.0 0.0
0.0 0.0 0.0 1.0
0.0 0.0 0.0 0.0
0.0 0.0 0.0 0.0
0.0 0.0 0.0 1.0
0.0 0.0 0.0 0.0
0.0 0.0 0.0 1.0
0.0 0.0 0.0 1.0
0.0 0.0 0.0 0.0
0.0 0.0 0.0 0.0
0.0 0.0 0.0 0.0
0.0 0.0 0.0 0.0
0.0 0.0 0.0 1.0
0.0 0.0 0.0 0.0
0.0 0.0 0.0 0.0
0.0 0.0 0.0 1.0
0.0 0.0 0.0 0.0
0.0 0.0 0.0 1.0
0.0 0.0 0.0 0.0
0.0 0.0 0.0 0.0
0.0 0.0 0.0 1.0
0.0 0.0 0.0 0.0
0.0 0.0 0.0 1.0
0.0 0.0 0.0 1.0
0.0 0.0 0.0 0.0
0.0 0.0 0.0 1.0
0.0 0.0 0.0 0.0
0.0 0.0 0.0 0.0
0.0 0.0 0.0 1.0
0.0 0.0 0.0 0.0
0.0 0.0 0.0 1.0
0.0 0.0 0.0 1.0
0.0 0.0 0.0 0.0
0.0 0.0 0.0 0.0
0.0 0.0 0.0 0.0
0.0 0.0 0.0 0.0
0.0 0.0 0.0 1.0
0.0 0.0 0.0 0.0
0.0 0.0 0.0 1.0
0.0 0.0 0.0 1.0
0.0 0.0 0.0 0.0
0.0 0.0 0.0 1.0
0.0 0.0 0.0 0.0
0.0 0.0 0.0 0.0
0.0 0.0 0.0 1.0
0.0 0.0 0.0 0.0
0.0 0.0 0.0 1.0
0.0 0.0 0.0 0.0
0.0 0.0 0.0 0.0
0.0 0.0 0.0 1.0
0.0 0.0 0.0 0.0
0.0 0.0 0.0 0.0
0.0 0.0 0.0 1.0
0.0 0.0 0.0 0.0
0.0 0.0 0.0 1.0
0.0 0.0 0.0 0.0
0.0 0.0 0.0 0.0
0.0 0.0 0.0 1.0
0.0 0.0 0.0 0.0
0.0 0.0 0.0 0.0
0.0 0.0 0.0 1.0
0.0 0.0 0.0 0.0
0.0 0.0 0.0 1.0
0.0 0.0 0.0 0.0
0.0 0.0 0.0 0.0
0.0 0.0 0.0 1.0
0.0 0.0 0.0 0.0
0.0 0.0 0.0 0.0
0.0 0.0 0.0 1.0
0.0 0.0 0.0 0.0
0.0 0.0 0.0 1.0
0.0 0.0 0.0 0.0
0.0 0.0 0.0 0.0
0.0 0.0 0.0 1.0
0.0 0.0 0.0 0.0
0.0 0.0 0.0 0.0
0.0 0.0 0.0 1.0
0.0 0.0 0.0 0.0
0.0 0.0 0.0 1.0
0.0 0.0 0.0 0.0
0.0 0.0 0.0 0.0
0.0 0.0 0.0 1.0
0.0 0.0 0.0 0.0
0.0 0.0 0.0 0.0
0.0 0.0 0.0 1.0
0.0 0.0 0.0 0.0
0.0 0.0 0.0 1.0
0.0 0.0 0.0 0.0
0.0 0.0 0.0 0.0
0.0 0.0 0.0 1.0
0.0 0.0 0.0 0.0
0.0 0.0 0.0 0.0
0.0 0.0 0.0 1.0
0.0 0.0 0.0 0.0
0.0 0.0 0.0 1.0
0.0 0.0 0.0 0.0
0.0 0.0 0.0 0.0
0.0 0.0 0.0 1.0
0.0 0.0 0.0 0.0
0.0 0.0 0.0 0.0
0.0 0.0 0.0 1.0
0.0 0.0 0.0 0.0
0.0 0.0 0.0 1.0
0.0 0.0 0.0 0.0
0.0 0.0 0.0 0.0
0.0 0.0 0.0 1.0
0.0 0.0 0.0 0.0
0.0 0.0 0.0 0.0
0.0 0.0 0.0 1.0
0.0 0.0 0.0 0.0
0.0 0.0 0.0 1.0
0.0 0.0 0.0 1.0
0.0 0.0 0.0 0.0
0.0 0.0 0.0 1.0
0.0 0.0 0.0 0.0
0.0 0.0 0.0 0.0
0.0 0.0 0.0 1.0
0.0 0.0 0.0 0.0
0.0 0.0 0.0 1.0
0.0 0.0 0.0 0.0
0.0 0.0 0.0 0.0
0.0 0.0 0.0 1.0
0.0 0.0 0.0 0.0
0.0 0.0 0.0 0.0
0.0 0.0 0.0 1.0
0.0 0.0 0.0 0.0
0.0 0.0 0.0 0.0
0.0 0.0 0.0 1.0
0.0 0.0 0.0 0.0
0.0 0.0 0.0 0.0
0.0 0.0 0.0 0.0
0.0 0.0 0.0 0.0
0.0 0.0 0.0 1.0
0.0 0.0 0.0 0.0
0.0 0.0 0.0 1.0
0.0 0.0 0.0 0.0
0.0 0.0 0.0 0.0
0.0 0.0 0.0 0.0
0.0 0.0 0.0 0.0
0.0 0.0 0.0 0.0
0.0 0.0 0.0 1.0
0.0 0.0 0.0 0.0
0.0 0.0 0.0 0.0
0.0 0.0 0.0 0.0
0.0 0.0 0.0 0.0
0.0 0.0 0.0 0.0
0.0 0.0 0.0 0.0
0.0 0.0 0.0 0.0
0.0 0.0 0.0 1.0
0.0 0.0 0.0 0.0
0.0 0.0 0.0 0.0
0.0 0.0 0.0 0.0
0.0 0.0 0.0 0.0
0.0 0.0 0.0 0.0
0.0 0.0 0.0 0.0
0.0 0.0 0.0 0.0
0.0 0.0 0.0 1.0
0.0 0.0 0.0 0.0
0.0 0.0 0.0 0.0
0.0 0.0 0.0 0.0
0.0 0.0 0.0 0.0
0.0 0.0 0.0 0.0
0.0 0.0 0.0 0.0
0.0 0.0 0.0 0.0
0.0 0.0 0.0 0.0
0.0 0.0 0.0 0.0
0.0 0.0 0.0 0.0
0.0 0.0 0.0 0.0
0.0 0.0 0.0 0.0
0.0 0.0 0.0 0.0
0.0 0.0 0.0 0.0
0.0 0.0 0.0 0.0
0.0 0.0 0.0 0.0
0.0 0.0 0.0 0.0
0.0 0.0 0.0 0.0
0.0 0.0 0.0 0.0
0.0 0.0 0.0 0.0
0.0 0.0 0.0 0.0
0.0 0.0 0.0 0.0
0.0 0.0 0.0 0.0
0.0 0.0 0.0 0.0
0.0 0.0 0.0 0.0
0.0 0.0 0.0 0.0
0.0 0.0 0.0 0.0
0.0 0.0 0.0 0.0
0.0 0.0 0.0 0.0
0.0 0.0 0.0 0.0
0.0 0.0 0.0 0.0
0.0 0.0 0.0 0.0
0.0 0.0 0.0 0.0
0.0 0.0 0.0 0.0
0.0 0.0 0.0 0.0
0.0 0.0 0.0 0.0
0.0 0.0 0.0 0.0
0.0 0.0 0.0 0.0
0.0 0.0 0.0 0.0
0.0 0.0 0.0 0.0
0.0 0.0 0.0 0.0
0.0 0.0 0.0 1.0
0.0 0.0 0.0 1.0
0.0 0.0 0.0 0.0
0.0 0.0 0.0 0.0
0.0 0.0 0.0 0.0
0.0 0.0 0.0 0.0
0.0 0.0 0.0 1.0
0.0 0.0 0.0 0.0
0.0 0.0 0.0 1.0
0.0 0.0 0.0 1.0
0.0 0.0 0.0 0.0
0.0 0.0 0.0 1.0
0.0 0.0 0.0 0.0
0.0 0.0 0.0 0.0
0.0 0.0 0.0 1.0
0.0 0.0 0.0 0.0
0.0 0.0 0.0 1.0
0.0 0.0 0.0 1.0
0.0 0.0 0.0 0.0
0.0 0.0 0.0 1.0
0.0 0.0 0.0 0.0
0.0 0.0 0.0 0.0
0.0 0.0 0.0 0.0
0.0 0.0 0.0 0.0
0.0 0.0 0.0 1.0
0.0 0.0 0.0 1.0
0.0 0.0 0.0 0.0
0.0 0.0 0.0 0.0
0.0 0.0 0.0 0.0
0.0 0.0 0.0 0.0
-0.6650000214576721 -1.2050000429153442 1.3860000371932983 15.0
0.0 0.0 0.0 0.0
0.0 0.0 0.0 0.0
0.0 0.0 0.0 1.0
-0.6480000019073486 -1.2380000352859497 1.4110000133514404 18.0
0.0 0.0 0.0 0.0
0.0 0.0 0.0 0.0
0.0 0.0 0.0 0.0
-0.6200000047683716 -1.2510000467300415 1.4140000343322754 31.0
-0.6399999856948853 -1.187000036239624 1.4140000343322754 30.0
0.0 0.0 0.0 0.0
0.0 0.0 0.0 0.0
-0.5910000205039978 -1.2610000371932983 1.4129999876022339 26.0
-0.6140000224113464 -1.2020000219345093 1.4149999618530273 36.0
-0.6320000290870667 -1.1369999647140503 1.4110000133514404 24.0
0.0 0.0 0.0 0.0
0.0 0.0 0.0 0.0
-0.5870000123977661 -1.2130000591278076 1.4129999876022339 33.0
-0.6119999885559082 -1.159999966621399 1.4210000038146973 32.0
0.0 0.0 0.0 0.0
0.0 0.0 0.0 0.0
-0.5600000023841858 -1.225000023841858 1.4129999876022339 28.0
-0.5849999785423279 -1.1710000038146973 1.4160000085830688 36.0
-0.6119999885559082 -1.1089999675750732 1.4190000295639038 21.0
0.0 0.0 0.0 0.0
0.0 0.0 0.0 0.0
-0.5609999895095825 -1.1859999895095825 1.4170000553131104 36.0
-0.5910000205039978 -1.128999948501587 1.4229999780654907 34.0
0.0 0.0 0.0 0.0
0.0 0.0 0.0 0.0
-0.5360000133514404 -1.2020000219345093 1.4199999570846558 32.0
-0.5659999847412109 -1.1440000534057617 1.4199999570846558 32.0
0.0 0.0 0.0 0.0
0.0 0.0 0.0 0.0
-0.5070000290870667 -1.2070000171661377 1.409999966621399 27.0
-0.5419999957084656 -1.159000039100647 1.4179999828338623 34.0
0.0 0.0 0.0 0.0
0.0 0.0 0.0 0.0
0.0 0.0 0.0 0.0
-0.5199999809265137 -1.1790000200271606 1.4220000505447388 33.0
0.0 0.0 0.0 0.0
0.0 0.0 0.0 0.0
0.0 0.0 0.0 0.0
-0.49399998784065247 -1.1920000314712524 1.4179999828338623 25.0
0.0 0.0 0.0 0.0
0.0 0.0 0.0 0.0
0.0 0.0 0.0 0.0
0.0 0.0 0.0 0.0
0.0 0.0 0.0 0.0
0.0 0.0 0.0 0.0
0.0 0.0 0.0 0.0
0.0 0.0 0.0 0.0
0.0 0.0 0.0 0.0
0.0 0.0 0.0 0.0
0.0 0.0 0.0 0.0
0.0 0.0 0.0 0.0
0.0 0.0 0.0 0.0
0.0 0.0 0.0 0.0
0.0 0.0 0.0 0.0
0.0 0.0 0.0 0.0
0.0 0.0 0.0 0.0
0.0 0.0 0.0 0.0
0.0 0.0 0.0 0.0
0.0 0.0 0.0 0.0
0.0 0.0 0.0 0.0
0.0 0.0 0.0 0.0
0.0 0.0 0.0 0.0
0.0 0.0 0.0 0.0
0.0 0.0 0.0 0.0
0.0 0.0 0.0 0.0
0.0 0.0 0.0 0.0
0.0 0.0 0.0 0.0
0.0 0.0 0.0 0.0
0.0 0.0 0.0 0.0
0.0 0.0 0.0 0.0
0.0 0.0 0.0 0.0
0.0 0.0 0.0 0.0
0.0 0.0 0.0 0.0
0.0 0.0 0.0 0.0
0.0 0.0 0.0 0.0
0.0 0.0 0.0 0.0
0.0 0.0 0.0 0.0
0.0 0.0 0.0 0.0
0.0 0.0 0.0 0.0
0.0 0.0 0.0 0.0
0.0 0.0 0.0 0.0
0.0 0.0 0.0 0.0
0.0 0.0 0.0 0.0
0.0 0.0 0.0 0.0
0.0 0.0 0.0 0.0
0.0 0.0 0.0 0.0
0.0 0.0 0.0 0.0
0.0 0.0 0.0 0.0
0.0 0.0 0.0 0.0
0.0 0.0 0.0 0.0
0.0 0.0 0.0 0.0
0.010999999940395355 -0.6510000228881836 0.6940000057220459 0.0
0.0 0.0 0.0 0.0
0.0 0.0 0.0 0.0
0.0 0.0 0.0 0.0
0.02500000037252903 -0.6489999890327454 0.6940000057220459 2.0
0.0 0.0 0.0 0.0
0.0 0.0 0.0 0.0
0.0 0.0 0.0 0.0
0.039000000804662704 -0.6539999842643738 0.7009999752044678 1.0
0.0 0.0 0.0 0.0
0.0 0.0 0.0 0.0
0.0 0.0 0.0 0.0
0.0 0.0 0.0 1.0
0.032999999821186066 -0.6520000100135803 0.6899999976158142 0.0
0.0 0.0 0.0 0.0
0.0 0.0 0.0 0.0
0.0 0.0 0.0 0.0
0.04699999839067459 -0.6499999761581421 0.6890000104904175 0.0
0.0 0.0 0.0 0.0
0.0 0.0 0.0 0.0
0.0 0.0 0.0 0.0
0.061000000685453415 -0.6449999809265137 0.6840000152587891 0.0
0.0 0.0 0.0 0.0
0.023000000044703484 -0.6150000095367432 0.628000020980835 6.0
0.0 0.0 0.0 0.0
0.0 0.0 0.0 0.0
0.0 0.0 0.0 0.0
0.03700000047683716 -0.6179999709129333 0.6290000081062317 6.0
0.0 0.0 0.0 0.0
0.0 0.0 0.0 0.0
0.0 0.0 0.0 0.0
0.052000001072883606 -0.6269999742507935 0.6370000243186951 0.0
0.0 0.0 0.0 0.0
0.0 0.0 0.0 0.0
0.0 0.0 0.0 0.0
0.0 0.0 0.0 0.0
0.0 0.0 0.0 0.0
0.0 0.0 0.0 0.0
0.0 0.0 0.0 0.0
0.0 0.0 0.0 0.0
0.0 0.0 0.0 0.0
0.0 0.0 0.0 0.0
0.0 0.0 0.0 0.0
0.0 0.0 0.0 0.0
0.0 0.0 0.0 0.0
0.0 0.0 0.0 0.0
0.0 0.0 0.0 0.0
0.0 0.0 0.0 0.0
0.0 0.0 0.0 0.0
0.0 0.0 0.0 0.0
0.0 0.0 0.0 0.0
0.0 0.0 0.0 0.0
0.0 0.0 0.0 0.0
0.0 0.0 0.0 0.0
0.0 0.0 0.0 0.0
0.0 0.0 0.0 0.0
0.0 0.0 0.0 0.0
0.0 0.0 0.0 0.0
0.0 0.0 0.0 0.0
0.0 0.0 0.0 0.0
0.0 0.0 0.0 1.0
0.0 0.0 0.0 0.0
0.0 0.0 0.0 0.0
0.0 0.0 0.0 0.0
0.4429999887943268 -1.1959999799728394 1.406000018119812 2.0
0.0 0.0 0.0 0.0
0.0 0.0 0.0 0.0
0.24199999868869781 -0.8069999814033508 0.824999988079071 1.0
0.46799999475479126 -1.1859999895095825 1.409000039100647 25.0
0.0 0.0 0.0 0.0
0.0 0.0 0.0 0.0
0.4189999997615814 -1.2879999876022339 1.3200000524520874 0.0
0.49900001287460327 -1.1929999589920044 1.4299999475479126 4.0
0.47099998593330383 -1.190999984741211 1.3530000448226929 1.0
0.0 0.0 0.0 0.0
0.44699999690055847 -1.2730000019073486 1.3109999895095825 31.0
0.5090000033378601 -1.1480000019073486 1.3910000324249268 9.0
0.48500001430511475 -1.152999997138977 1.3220000267028809 9.0
0.5210000276565552 -1.3029999732971191 1.4199999570846558 1.0
0.515999972820282 -1.3660000562667847 1.4129999876022339 37.0
0.5440000295639038 -1.1610000133514404 1.4229999780654907 3.0
0.5070000290870667 -1.1349999904632568 1.312999963760376 7.0
0.5170000195503235 -1.2120000123977661 1.3300000429153442 3.0
0.5490000247955322 -1.3559999465942383 1.4110000133514404 30.0
0.5630000233650208 -1.1390000581741333 1.4129999876022339 26.0
0.5509999990463257 -1.1640000343322754 1.3600000143051147 3.0
0.574999988079071 -1.2699999809265137 1.4049999713897705 23.0
0.5809999704360962 -1.3450000286102295 1.4079999923706055 13.0
0.5839999914169312 -1.1230000257492065 1.409000039100647 34.0
0.5879999995231628 -1.1759999990463257 1.3880000114440918 1.0
0.6000000238418579 -1.2480000257492065 1.3930000066757202 14.0
0.6140000224113464 -1.3350000381469727 1.4079999923706055 37.0
0.6050000190734863 -1.1069999933242798 1.406999945640564 24.0
0.0 0.0 0.0 0.0
0.6290000081062317 -1.2359999418258667 1.3930000066757202 27.0
0.6480000019073486 -1.3259999752044678 1.409000039100647 37.0
0.6259999871253967 -1.090999960899353 1.4049999713897705 21.0
0.0 0.0 0.0 0.0
0.6610000133514404 -1.2300000190734863 1.399999976158142 9.0
0.6800000071525574 -1.312999963760376 1.406000018119812 24.0
0.6470000147819519 -1.0750000476837158 1.402999997138977 19.0
0.6480000019073486 -1.1109999418258667 1.3580000400543213 13.0
0.6420000195503235 -1.1319999694824219 1.3020000457763672 63.0
0.6499999761581421 -1.1859999895095825 1.281999945640564 2.0
0.6710000038146973 -1.062999963760376 1.409000039100647 25.0
0.6650000214576721 -1.0850000381469727 1.343000054359436 1.0
0.6629999876022339 -1.1109999418258667 1.2920000553131104 3.0
0.0 0.0 0.0 0.0
0.6899999976158142 -1.0460000038146973 1.406000018119812 23.0
0.6949999928474426 -1.0800000429153442 1.3539999723434448 4.0
0.6510000228881836 -1.0379999876022339 1.222000002861023 0.0
0.6380000114440918 -1.0460000038146973 1.1540000438690186 0.0
0.7139999866485596 -1.034999966621399 1.4129999876022339 28.0
0.7419999837875366 -1.100000023841858 1.3990000486373901 24.0
0.6830000281333923 -1.0360000133514404 1.2350000143051147 1.0
0.6610000133514404 -1.0290000438690186 1.1480000019073486 1.0
0.7319999933242798 -1.0149999856948853 1.4079999923706055 33.0
0.7670000195503235 -1.0859999656677246 1.4019999504089355 33.0
0.7070000171661377 -1.0210000276565552 1.2339999675750732 1.0
0.6869999766349792 -1.0160000324249268 1.1469999551773071 1.0
0.7519999742507935 -0.9980000257492065 1.406999945640564 26.0
0.7929999828338623 -1.0729999542236328 1.406999945640564 35.0
0.734000027179718 -1.0099999904632568 1.2380000352859497 1.0
0.7179999947547913 -1.0089999437332153 1.1549999713897705 1.0
0.7739999890327454 -0.9850000143051147 1.4129999876022339 25.0
0.8169999718666077 -1.055999994277954 1.406000018119812 36.0
0.7699999809265137 -1.0119999647140503 1.2589999437332153 2.0
0.0 0.0 0.0 0.0
0.7910000085830688 -0.9649999737739563 1.409000039100647 36.0
0.8399999737739563 -1.0390000343322754 1.406999945640564 37.0
0.871999979019165 -1.093000054359436 1.3819999694824219 16.0
0.0 0.0 0.0 0.0
0.8109999895095825 -0.9490000009536743 1.409999966621399 28.0
0.8610000014305115 -1.0190000534057617 1.4040000438690186 19.0
0.9110000133514404 -1.090999960899353 1.402999997138977 4.0
0.847000002861023 -1.0290000438690186 1.2319999933242798 0.0
0.8270000219345093 -0.9279999732971191 1.406000018119812 31.0
0.878000020980835 -0.9950000047683716 1.3960000276565552 13.0
0.9369999766349792 -1.0720000267028809 1.402999997138977 28.0
0.8799999952316284 -1.0190000534057617 1.2410000562667847 2.0
0.8479999899864197 -0.9139999747276306 1.4110000133514404 22.0
0.8849999904632568 -0.9599999785423279 1.371999979019165 2.0
0.9179999828338623 -1.003999948501587 1.3380000591278076 8.0
0.9860000014305115 -1.090000033378601 1.350000023841858 8.0
0.8640000224113464 -0.8930000066757202 1.4079999923706055 39.0
0.9160000085830688 -0.9509999752044678 1.3869999647140503 2.0
0.9470000267028809 -0.9890000224113464 1.343999981880188 1.0
0.9990000128746033 -1.0520000457763672 1.3289999961853027 5.0
0.8859999775886536 -0.8790000081062317 1.4149999618530273 25.0
0.925000011920929 -0.9200000166893005 1.3700000047683716 1.0
0.968999981880188 -0.9679999947547913 1.3420000076293945 9.0
1.0329999923706055 -1.0379999876022339 1.3370000123977661 2.0
0.8769999742507935 -0.8349999785423279 1.375 1.0
0.9660000205039978 -0.9200000166893005 1.399999976158142 19.0
0.9950000047683716 -0.949999988079071 1.3459999561309814 7.0
1.0640000104904175 -1.0199999809265137 1.3420000076293945 7.0
0.8920000195503235 -0.8140000104904175 1.371000051498413 0.0
0.9919999837875366 -0.9049999713897705 1.409000039100647 15.0
1.0529999732971191 -0.9599999785423279 1.3910000324249268 14.0
1.0989999771118164 -1.00600004196167 1.3530000448226929 8.0
0.9279999732971191 -0.8130000233650208 1.4019999504089355 16.0
1.0119999647140503 -0.8840000033378601 1.409000039100647 37.0
1.0880000591278076 -0.9480000138282776 1.406999945640564 25.0
1.1679999828338623 -1.0199999809265137 1.4049999713897705 39.0
0.9470000267028809 -0.796999990940094 1.406999945640564 33.0
1.031000018119812 -0.8619999885559082 1.4079999923706055 33.0
1.1130000352859497 -0.9269999861717224 1.409999966621399 42.0
1.194000005722046 -0.9929999709129333 1.402999997138977 41.0
0.9620000123977661 -0.7760000228881836 1.406000018119812 33.0
1.0499999523162842 -0.8389999866485596 1.406999945640564 38.0
1.1330000162124634 -0.9010000228881836 1.406999945640564 38.0
1.222000002861023 -0.968999981880188 1.4049999713897705 38.0
0.9779999852180481 -0.7559999823570251 1.406000018119812 34.0
1.069000005722046 -0.8169999718666077 1.4079999923706055 40.0
1.1579999923706055 -0.878000020980835 1.409999966621399 34.0
1.246000051498413 -0.9409999847412109 1.4040000438690186 40.0
0.996999979019165 -0.7379999756813049 1.4119999408721924 42.0
1.0880000591278076 -0.7950000166893005 1.409000039100647 38.0
1.1790000200271606 -0.8529999852180481 1.409999966621399 35.0
1.2730000019073486 -0.9150000214576721 1.4049999713897705 42.0
1.0099999904632568 -0.7160000205039978 1.409999966621399 40.0
1.1030000448226929 -0.7699999809265137 1.406000018119812 38.0
1.1990000009536743 -0.8270000219345093 1.409000039100647 35.0
1.2970000505447388 -0.8870000243186951 1.4049999713897705 40.0
1.0240000486373901 -0.6949999928474426 1.409999966621399 39.0
1.121000051498413 -0.746999979019165 1.406999945640564 24.0
1.2209999561309814 -0.8019999861717224 1.409999966621399 41.0
1.3209999799728394 -0.8579999804496765 1.406000018119812 40.0
1.0379999876022339 -0.6740000247955322 1.409999966621399 40.0
1.1380000114440918 -0.7229999899864197 1.406999945640564 40.0
1.2410000562667847 -0.7749999761581421 1.4110000133514404 43.0
1.340999960899353 -0.8270000219345093 1.4019999504089355 40.0
1.0520000457763672 -0.652999997138977 1.409999966621399 41.0
1.1549999713897705 -0.6990000009536743 1.406999945640564 40.0
1.2580000162124634 -0.746999979019165 1.409000039100647 44.0
1.3559999465942383 -0.7919999957084656 1.3949999809265137 23.0
1.065999984741211 -0.6320000290870667 1.4110000133514404 40.0
1.1710000038146973 -0.6740000247955322 1.4079999923706055 42.0
1.2769999504089355 -0.7200000286102295 1.409000039100647 42.0
1.3539999723434448 -0.7490000128746033 1.371000051498413 36.0
1.0800000429153442 -0.6100000143051147 1.4119999408721924 42.0
1.184999942779541 -0.6489999890327454 1.406000018119812 41.0
1.2929999828338623 -0.6909999847412109 1.406999945640564 40.0
1.3960000276565552 -0.7300000190734863 1.3930000066757202 42.0
1.090999960899353 -0.5870000123977661 1.409999966621399 42.0
1.1990000009536743 -0.6230000257492065 1.4049999713897705 38.0
1.312000036239624 -0.6629999876022339 1.409999966621399 44.0
1.4220000505447388 -0.7009999752044678 1.3990000486373901 9.0
1.1039999723434448 -0.5649999976158142 1.4119999408721924 41.0
1.215000033378601 -0.5979999899864197 1.406999945640564 39.0
1.3259999752044678 -0.6330000162124634 1.406999945640564 43.0
1.4459999799728394 -0.671999990940094 1.4049999713897705 27.0
1.1139999628067017 -0.5410000085830688 1.409000039100647 40.0
1.2289999723434448 -0.5730000138282776 1.4079999923706055 44.0
1.340000033378601 -0.6029999852180481 1.4049999713897705 31.0
1.4609999656677246 -0.6370000243186951 1.4010000228881836 39.0
1.125 -0.5180000066757202 1.409000039100647 39.0
1.2400000095367432 -0.5450000166893005 1.4049999713897705 40.0
1.3619999885559082 -0.5759999752044678 1.4119999408721924 35.0
1.4809999465942383 -0.6050000190734863 1.4040000438690186 43.0
1.1380000114440918 -0.4959999918937683 1.4110000133514404 41.0
1.2549999952316284 -0.5199999809265137 1.4079999923706055 41.0
1.3760000467300415 -0.5450000166893005 1.4110000133514404 34.0
1.4950000047683716 -0.5690000057220459 1.4010000228881836 45.0
1.1460000276565552 -0.47200000286102295 1.409000039100647 40.0
1.2680000066757202 -0.49300000071525574 1.4079999923706055 41.0
1.3890000581741333 -0.5139999985694885 1.409999966621399 33.0
1.5180000066757202 -0.5379999876022339 1.4079999923706055 49.0
1.1579999923706055 -0.4490000009536743 1.4110000133514404 40.0
1.2790000438690186 -0.4650000035762787 1.4079999923706055 44.0
1.3980000019073486 -0.4819999933242798 1.406000018119812 32.0
1.527999997138977 -0.5009999871253967 1.4040000438690186 44.0
1.1679999828338623 -0.42500001192092896 1.4110000133514404 39.0
1.2890000343322754 -0.43700000643730164 1.406000018119812 40.0
1.4149999618530273 -0.4519999921321869 1.409999966621399 40.0
1.5420000553131104 -0.4659999907016754 1.4040000438690186 9.0
1.1759999990463257 -0.4009999930858612 1.409999966621399 41.0
1.3009999990463257 -0.4099999964237213 1.4079999923706055 41.0
1.4259999990463257 -0.41999998688697815 1.409999966621399 38.0
1.5570000410079956 -0.4309999942779541 1.406000018119812 44.0
1.187000036239624 -0.37700000405311584 1.4110000133514404 42.0
1.309000015258789 -0.38199999928474426 1.406000018119812 42.0
1.434999942779541 -0.3880000114440918 1.4079999923706055 33.0
1.5670000314712524 -0.39399999380111694 1.4040000438690186 47.0
1.1950000524520874 -0.3529999852180481 1.4110000133514404 41.0
1.3170000314712524 -0.3529999852180481 1.4049999713897705 41.0
1.4459999799728394 -0.35600000619888306 1.409000039100647 31.0
1.5770000219345093 -0.3569999933242798 1.402999997138977 45.0
1.2029999494552612 -0.328000009059906 1.409999966621399 40.0
1.3259999752044678 -0.32499998807907104 1.4040000438690186 43.0
1.4529999494552612 -0.3230000138282776 1.406999945640564 31.0
1.5880000591278076 -0.32100000977516174 1.4040000438690186 43.0
1.2079999446868896 -0.30300000309944153 1.406999945640564 42.0
1.3380000591278076 -0.296999990940094 1.409000039100647 45.0
1.4639999866485596 -0.29100000858306885 1.409000039100647 38.0
1.5959999561309814 -0.28299999237060547 1.402999997138977 43.0
1.2170000076293945 -0.27799999713897705 1.409000039100647 41.0
1.340999960899353 -0.2669999897480011 1.4040000438690186 41.0
1.4739999771118164 -0.257999986410141 1.4110000133514404 39.0
1.6050000190734863 -0.2460000067949295 1.4040000438690186 43.0
1.222000002861023 -0.2529999911785126 1.406999945640564 40.0
1.3509999513626099 -0.23800000548362732 1.406999945640564 48.0
1.4800000190734863 -0.22499999403953552 1.409999966621399 40.0
1.6109999418258667 -0.20900000631809235 1.402999997138977 43.0
1.2289999723434448 -0.2280000001192093 1.4079999923706055 42.0
1.3569999933242798 -0.20900000631809235 1.406000018119812 45.0
1.4889999628067017 -0.19200000166893005 1.4119999408721924 33.0
1.6160000562667847 -0.17100000381469727 1.4019999504089355 46.0
1.2330000400543213 -0.20200000703334808 1.4049999713897705 40.0
1.3609999418258667 -0.18000000715255737 1.4049999713897705 44.0
1.4900000095367432 -0.15800000727176666 1.4079999923706055 36.0
1.621000051498413 -0.13300000131130219 1.4010000228881836 43.0
1.2400000095367432 -0.1770000010728836 1.406999945640564 44.0
1.3660000562667847 -0.15000000596046448 1.4049999713897705 46.0
1.4950000047683716 -0.12399999797344208 1.409000039100647 38.0
1.6239999532699585 -0.0949999988079071 1.399999976158142 46.0
1.2419999837875366 -0.15000000596046448 1.402999997138977 41.0
1.371000051498413 -0.11999999731779099 1.4049999713897705 44.0
1.4989999532699585 -0.09000000357627869 1.4079999923706055 38.0
1.6260000467300415 -0.05700000002980232 1.399999976158142 42.0
1.25 -0.125 1.406999945640564 41.0
1.3700000047683716 -0.09000000357627869 1.3990000486373901 41.0
1.5 -0.0560000017285347 1.406000018119812 40.0
1.63100004196167 -0.017999999225139618 1.4019999504089355 49.0
1.25 -0.0989999994635582 1.4019999504089355 41.0
1.3769999742507935 -0.05999999865889549 1.4040000438690186 44.0
1.503000020980835 -0.02199999988079071 1.406999945640564 41.0
1.6339999437332153 0.01899999938905239 1.4040000438690186 43.0
1.253999948501587 -0.0729999989271164 1.402999997138977 44.0
1.38100004196167 -0.029999999329447746 1.4049999713897705 46.0
1.503000020980835 0.010999999940395355 1.406000018119812 38.0
1.6299999952316284 0.05700000002980232 1.399999976158142 44.0
1.2630000114440918 -0.04600000008940697 1.4079999923706055 42.0
1.3839999437332153 0.0 1.406000018119812 45.0
1.5080000162124634 0.04500000178813934 1.409000039100647 38.0
1.6339999437332153 0.09600000083446503 1.4040000438690186 44.0
1.2619999647140503 -0.019999999552965164 1.4040000438690186 40.0
1.3830000162124634 0.028999999165534973 1.402999997138977 41.0
1.5080000162124634 0.07900000363588333 1.409000039100647 34.0
1.628999948501587 0.13300000131130219 1.4019999504089355 45.0
1.2699999809265137 0.006000000052154064 1.4110000133514404 39.0
1.3849999904632568 0.05999999865889549 1.4040000438690186 41.0
1.5080000162124634 0.11400000005960464 1.409999966621399 34.0
1.628000020980835 0.1720000058412552 1.402999997138977 45.0
1.2699999809265137 0.032999999821186066 1.409000039100647 38.0
1.3849999904632568 0.09000000357627869 1.4040000438690186 42.0
1.5049999952316284 0.14800000190734863 1.409000039100647 34.0
1.6239999532699585 0.20999999344348907 1.402999997138977 45.0
1.2740000486373901 0.05999999865889549 1.409999966621399 40.0
1.3880000114440918 0.12099999934434891 1.4079999923706055 41.0
1.503000020980835 0.18199999630451202 1.409999966621399 32.0
1.621999979019165 0.24799999594688416 1.4049999713897705 41.0
1.2730000019073486 0.08699999749660492 1.4079999923706055 37.0
1.3860000371932983 0.1509999930858612 1.406999945640564 39.0
1.4989999532699585 0.2160000056028366 1.409000039100647 30.0
1.6139999628067017 0.28600001335144043 1.402999997138977 46.0
1.2740000486373901 0.11400000005960464 1.409000039100647 37.0
1.3839999437332153 0.18199999630451202 1.406999945640564 40.0
1.49399995803833 0.25 1.4079999923706055 30.0
1.6080000400543213 0.3240000009536743 1.4040000438690186 41.0
1.2740000486373901 0.14100000262260437 1.409000039100647 39.0
1.3860000371932983 0.21299999952316284 1.4110000133514404 42.0
1.4910000562667847 0.2840000092983246 1.409999966621399 28.0
1.6019999980926514 0.3619999885559082 1.406000018119812 42.0
1.2740000486373901 0.16899999976158142 1.409999966621399 40.0
1.378999948501587 0.24300000071525574 1.406999945640564 37.0
1.4809999465942383 0.31700000166893005 1.406000018119812 30.0
1.5920000076293945 0.39800000190734863 1.4049999713897705 43.0
1.2699999809265137 0.19599999487400055 1.406999945640564 39.0
1.3760000467300415 0.27399998903274536 1.4079999923706055 40.0
1.4759999513626099 0.35100001096725464 1.406999945640564 32.0
1.5829999446868896 0.4359999895095825 1.4049999713897705 41.0
1.2690000534057617 0.2240000069141388 1.406999945640564 38.0
1.371999979019165 0.3050000071525574 1.409000039100647 38.0
1.4670000076293945 0.3840000033378601 1.406000018119812 35.0
1.5750000476837158 0.4729999899864197 1.406999945640564 41.0
1.2690000534057617 0.25200000405311584 1.409999966621399 35.0
1.3630000352859497 0.33500000834465027 1.4049999713897705 34.0
1.4589999914169312 0.4180000126361847 1.406000018119812 35.0
1.559999942779541 0.5080000162124634 1.4040000438690186 42.0
1.2660000324249268 0.27900001406669617 1.409000039100647 36.0
1.3569999933242798 0.36500000953674316 1.4049999713897705 36.0
1.4509999752044678 0.45100000500679016 1.406999945640564 37.0
1.5460000038146973 0.5440000295639038 1.4040000438690186 36.0
1.2619999647140503 0.3070000112056732 1.4079999923706055 36.0
1.3530000448226929 0.3959999978542328 1.406999945640564 41.0
1.4420000314712524 0.48399999737739563 1.4079999923706055 37.0
1.534999966621399 0.5799999833106995 1.4049999713897705 33.0
1.25600004196167 0.33399999141693115 1.406000018119812 36.0
1.3459999561309814 0.4259999990463257 1.406999945640564 37.0
1.4290000200271606 0.515999972820282 1.406000018119812 37.0
1.5190000534057617 0.6150000095367432 1.4040000438690186 20.0
1.2549999952316284 0.3630000054836273 1.409000039100647 33.0
1.3389999866485596 0.4569999873638153 1.4079999923706055 35.0
1.4179999828338623 0.5490000247955322 1.4049999713897705 36.0
1.5049999952316284 0.6499999761581421 1.4049999713897705 34.0
1.2519999742507935 0.3919999897480011 1.4119999408721924 31.0
1.3300000429153442 0.4869999885559082 1.406999945640564 36.0
1.4079999923706055 0.5820000171661377 1.4079999923706055 37.0
1.4859999418258667 0.6830000281333923 1.402999997138977 36.0
1.2450000047683716 0.4189999997615814 1.409999966621399 32.0
1.3200000524520874 0.515999972820282 1.406000018119812 36.0
1.3930000066757202 0.6129999756813049 1.406000018119812 35.0
1.4709999561309814 0.7179999947547913 1.4049999713897705 35.0
1.2380000352859497 0.44699999690055847 1.4079999923706055 31.0
1.312000036239624 0.546999990940094 1.4079999923706055 37.0
1.3830000162124634 0.6460000276565552 1.409000039100647 35.0
1.4539999961853027 0.7519999742507935 1.4049999713897705 34.0
1.2300000190734863 0.4740000069141388 1.406999945640564 31.0
1.3009999990463257 0.5770000219345093 1.4079999923706055 35.0
1.3669999837875366 0.6759999990463257 1.406999945640564 38.0
1.4359999895095825 0.7850000262260437 1.406000018119812 34.0
1.2239999771118164 0.503000020980835 1.409000039100647 29.0
1.2899999618530273 0.6060000061988831 1.4079999923706055 38.0
1.3489999771118164 0.7059999704360962 1.4049999713897705 35.0
1.4170000553131104 0.8169999718666077 1.406000018119812 35.0
1.218999981880188 0.5320000052452087 1.4110000133514404 30.0
1.277999997138977 0.6349999904632568 1.4079999923706055 35.0
1.3350000381469727 0.7369999885559082 1.406999945640564 36.0
1.3960000276565552 0.8489999771118164 1.406000018119812 36.0
1.2109999656677246 0.5600000023841858 1.4119999408721924 30.0
1.2660000324249268 0.6650000214576721 1.4079999923706055 39.0
1.3170000314712524 0.765999972820282 1.4049999713897705 35.0
1.3769999742507935 0.8809999823570251 1.4079999923706055 34.0
1.2020000219345093 0.5879999995231628 1.4119999408721924 31.0
1.2510000467300415 0.6930000185966492 1.406000018119812 37.0
1.3040000200271606 0.7990000247955322 1.409999966621399 32.0
1.3539999723434448 0.9110000133514404 1.406000018119812 33.0
1.190999984741211 0.6159999966621399 1.4110000133514404 32.0
1.2359999418258667 0.7210000157356262 1.4049999713897705 35.0
1.2860000133514404 0.828000009059906 1.409000039100647 35.0
1.3320000171661377 0.9409999847412109 1.406999945640564 36.0
1.1790000200271606 0.6420000195503235 1.4079999923706055 31.0
1.2259999513626099 0.7509999871253967 1.409000039100647 37.0
1.2660000324249268 0.8560000061988831 1.406999945640564 30.0
1.3079999685287476 0.9700000286102295 1.406000018119812 35.0
1.1699999570846558 0.6710000038146973 1.409999966621399 35.0
1.2079999446868896 0.777999997138977 1.406999945640564 40.0
1.246000051498413 0.8840000033378601 1.406999945640564 32.0
1.2860000133514404 1.0 1.409000039100647 36.0
1.1579999923706055 0.6980000138282776 1.409999966621399 34.0
1.194000005722046 0.8059999942779541 1.4079999923706055 35.0
1.2259999513626099 0.9120000004768372 1.406999945640564 32.0
1.2549999952316284 1.0230000019073486 1.4019999504089355 35.0
1.1460000276565552 0.7260000109672546 1.409999966621399 33.0
1.1770000457763672 0.8339999914169312 1.4079999923706055 37.0
1.2050000429153442 0.9390000104904175 1.406999945640564 32.0
1.2309999465942383 1.0509999990463257 1.402999997138977 34.0
1.13100004196167 0.7519999742507935 1.4079999923706055 32.0
1.1619999408721924 0.8629999756813049 1.409999966621399 34.0
1.1859999895095825 0.9679999947547913 1.409000039100647 35.0
1.2100000381469727 1.0820000171661377 1.4079999923706055 37.0
1.1169999837875366 0.7789999842643738 1.406999945640564 32.0
1.1419999599456787 0.8880000114440918 1.406999945640564 36.0
1.1619999408721924 0.9929999709129333 1.406999945640564 33.0
1.1799999475479126 1.1050000190734863 1.4040000438690186 35.0
1.1039999723434448 0.8069999814033508 1.406999945640564 32.0
1.1239999532699585 0.9150000214576721 1.4079999923706055 35.0
1.1410000324249268 1.0199999809265137 1.409000039100647 35.0
1.1519999504089355 1.128999948501587 1.402999997138977 37.0
1.090999960899353 0.8349999785423279 1.409999966621399 31.0
1.1089999675750732 0.9440000057220459 1.4129999876022339 34.0
1.1180000305175781 1.0449999570846558 1.409000039100647 35.0
1.1260000467300415 1.1540000438690186 1.4040000438690186 34.0
1.0709999799728394 0.8579999804496765 1.4040000438690186 35.0
1.0870000123977661 0.9679999947547913 1.409999966621399 32.0
1.093999981880188 1.0700000524520874 1.409000039100647 35.0
1.1009999513626099 1.180999994277954 1.4079999923706055 41.0
1.059000015258789 0.8870000243186951 1.409000039100647 30.0
1.069000005722046 0.9959999918937683 1.4129999876022339 33.0
1.0700000524520874 1.0950000286102295 1.409000039100647 35.0
1.0700000524520874 1.2009999752044678 1.4049999713897705 37.0
1.0440000295639038 0.9150000214576721 1.4110000133514404 34.0
1.0449999570846558 1.0180000066757202 1.409000039100647 31.0
1.0449999570846558 1.1180000305175781 1.4079999923706055 36.0
1.0429999828338623 1.2259999513626099 1.4079999923706055 37.0
1.0240000486373901 0.9390000104904175 1.406999945640564 32.0
1.0260000228881836 1.0449999570846558 1.4119999408721924 36.0
1.0210000276565552 1.1430000066757202 1.4110000133514404 37.0
1.0130000114440918 1.246999979019165 1.4079999923706055 38.0
1.0080000162124634 0.9660000205039978 1.409999966621399 33.0
1.003000020980835 1.0679999589920044 1.4110000133514404 36.0
0.9940000176429749 1.1640000343322754 1.4079999923706055 35.0
0.984000027179718 1.2690000534057617 1.409000039100647 39.0
0.9879999756813049 0.9900000095367432 1.406999945640564 33.0
0.9810000061988831 1.093000054359436 1.4110000133514404 36.0
0.9679999947547913 1.1859999895095825 1.409000039100647 33.0
0.953000009059906 1.2879999876022339 1.409000039100647 38.0
0.9710000157356262 1.0180000066757202 1.4110000133514404 35.0
0.9570000171661377 1.1150000095367432 1.409999966621399 36.0
0.9419999718666077 1.2089999914169312 1.4110000133514404 35.0
0.921999990940094 1.3070000410079956 1.409000039100647 40.0
0.9490000009536743 1.0410000085830688 1.4079999923706055 35.0
0.9330000281333923 1.1380000114440918 1.409999966621399 35.0
0.9139999747276306 1.2280000448226929 1.409000039100647 33.0
0.8930000066757202 1.3270000219345093 1.4110000133514404 36.0
0.9290000200271606 1.0670000314712524 1.409999966621399 34.0
0.9100000262260437 1.1610000133514404 1.4110000133514404 38.0
0.8870000243186951 1.25 1.4110000133514404 35.0
0.8619999885559082 1.3459999561309814 1.4129999876022339 38.0
0.9070000052452087 1.090000033378601 1.4079999923706055 37.0
0.8830000162124634 1.180999994277954 1.4079999923706055 34.0
0.859000027179718 1.2699999809265137 1.4119999408721924 37.0
0.828000009059906 1.3589999675750732 1.409999966621399 44.0
0.8859999775886536 1.1150000095367432 1.409999966621399 38.0
0.859000027179718 1.2039999961853027 1.409999966621399 38.0
0.8309999704360962 1.2890000343322754 1.4119999408721924 36.0
0.796999990940094 1.3760000467300415 1.4110000133514404 44.0
0.8629999756813049 1.1380000114440918 1.4079999923706055 40.0
0.8330000042915344 1.2239999771118164 1.409000039100647 38.0
0.8019999861717224 1.3070000410079956 1.4119999408721924 37.0
0.7639999985694885 1.3910000324249268 1.4110000133514404 41.0
0.8399999737739563 1.1610000133514404 1.4079999923706055 44.0
0.8080000281333923 1.246000051498413 1.4119999408721924 36.0
0.7720000147819519 1.3240000009536743 1.4119999408721924 36.0
0.734000027179718 1.409000039100647 1.4149999618530273 41.0
0.8180000185966492 1.1859999895095825 1.4110000133514404 40.0
0.7799999713897705 1.2649999856948853 1.4110000133514404 36.0
0.7429999709129333 1.3420000076293945 1.4129999876022339 38.0
0.699999988079071 1.4220000505447388 1.4140000343322754 28.0
0.7919999957084656 1.2059999704360962 1.4079999923706055 39.0
0.7540000081062317 1.2860000133514404 1.4119999408721924 37.0
0.7129999995231628 1.3580000400543213 1.4129999876022339 38.0
0.6650000214576721 1.4290000200271606 1.409999966621399 36.0
0.7699999809265137 1.2339999675750732 1.4149999618530273 38.0
0.7250000238418579 1.3029999732971191 1.4110000133514404 36.0
0.6819999814033508 1.371999979019165 1.4129999876022339 36.0
0.6340000033378601 1.4450000524520874 1.4140000343322754 24.0
0.7450000047683716 1.2549999952316284 1.4140000343322754 37.0
0.6970000267028809 1.3220000267028809 1.4119999408721924 36.0
0.6520000100135803 1.3899999856948853 1.4149999618530273 26.0
0.6000000238418579 1.4550000429153442 1.4129999876022339 41.0
0.7179999947547913 1.274999976158142 1.4140000343322754 40.0
0.6690000295639038 1.340000033378601 1.4119999408721924 38.0
0.6200000047683716 1.4010000228881836 1.4129999876022339 28.0
0.5659999847412109 1.4639999866485596 1.4119999408721924 40.0
0.6909999847412109 1.2960000038146973 1.4129999876022339 39.0
0.6370000243186951 1.3509999513626099 1.406999945640564 26.0
0.5879999995231628 1.4129999876022339 1.4119999408721924 32.0
0.5329999923706055 1.4759999513626099 1.4149999618530273 43.0
0.6620000004768372 1.312999963760376 1.4110000133514404 40.0
0.609000027179718 1.371999979019165 1.4119999408721924 36.0
0.5569999814033508 1.4279999732971191 1.4140000343322754 37.0
0.4860000014305115 1.4429999589920044 1.3760000467300415 29.0
0.6340000033378601 1.3320000171661377 1.4110000133514404 38.0
0.5799999833106995 1.3890000581741333 1.4140000343322754 25.0
0.5249999761581421 1.4390000104904175 1.4140000343322754 39.0
0.4269999861717224 1.3660000562667847 1.2970000505447388 21.0
0.6069999933242798 1.3550000190734863 1.4149999618530273 28.0
0.5479999780654907 1.399999976158142 1.409999966621399 36.0
0.49000000953674316 1.440999984741211 1.406000018119812 33.0
0.382999986410141 1.3309999704360962 1.2569999694824219 32.0
0.5770000219345093 1.371000051498413 1.4119999408721924 28.0
0.5170000195503235 1.4149999618530273 1.4110000133514404 39.0
0.43299999833106995 1.3730000257492065 1.3289999961853027 21.0
0.3580000102519989 1.3539999723434448 1.2740000486373901 5.0
0.546999990940094 1.3869999647140503 1.409999966621399 35.0
0.4860000014305115 1.4279999732971191 1.409999966621399 37.0
0.38600000739097595 1.3270000219345093 1.2769999504089355 8.0
0.33000001311302185 1.3669999837875366 1.281999945640564 5.0
0.5170000195503235 1.4049999713897705 1.4110000133514404 40.0
0.4320000112056732 1.3700000047683716 1.340999960899353 17.0
0.35899999737739563 1.3450000286102295 1.2869999408721924 2.0
0.3009999990463257 1.3830000162124634 1.2929999828338623 2.0
0.48500001430511475 1.4190000295639038 1.409999966621399 39.0
0.38600000739097595 1.3259999752044678 1.2879999876022339 9.0
0.3319999873638153 1.3609999418258667 1.2960000038146973 7.0
0.0 0.0 0.0 0.0
0.4350000023841858 1.3760000467300415 1.3519999980926514 21.0
0.3569999933242798 1.3389999866485596 1.2899999618530273 2.0
0.3019999861717224 1.3730000257492065 1.3009999990463257 1.0
0.0 0.0 0.0 0.0
0.38600000739097595 1.3250000476837158 1.2879999876022339 10.0
0.32899999618530273 1.3580000400543213 1.2979999780654907 4.0
0.0 0.0 0.0 0.0
0.18299999833106995 1.218999981880188 1.1349999904632568 1.0
0.35600000619888306 1.3370000123977661 1.2879999876022339 2.0
0.0 0.0 0.0 0.0
0.0 0.0 0.0 0.0
0.15399999916553497 1.2070000171661377 1.121999979019165 1.0
0.3269999921321869 1.3550000190734863 1.2929999828338623 4.0
0.0 0.0 0.0 0.0
0.1809999942779541 1.1990000009536743 1.1230000257492065 1.0
0.12700000405311584 1.2000000476837158 1.1160000562667847 1.0
0.0 0.0 0.0 0.0
0.0 0.0 0.0 0.0
0.1550000011920929 1.2000000476837158 1.121000051498413 1.0
0.10199999809265137 1.2089999914169312 1.125 2.0
0.0 0.0 0.0 0.0
0.17800000309944153 1.1959999799728394 1.1169999837875366 1.0
0.12800000607967377 1.2029999494552612 1.121999979019165 1.0
0.0729999989271164 1.1799999475479126 1.0989999771118164 1.0
0.0 0.0 0.0 0.0
0.1509999930858612 1.2059999704360962 1.121999979019165 1.0
0.10199999809265137 1.2130000591278076 1.128999948501587 2.0
0.04899999871850014 1.2200000286102295 1.1369999647140503 6.0
0.17800000309944153 1.2239999771118164 1.1319999694824219 1.0
0.12399999797344208 1.2109999656677246 1.1230000257492065 1.0
0.07400000095367432 1.190999984741211 1.1069999933242798 2.0
0.023000000044703484 1.2319999933242798 1.149999976158142 65.0
0.14800000190734863 1.218999981880188 1.1200000047683716 1.0
0.09799999743700027 1.2259999513626099 1.1319999694824219 2.0
0.04899999871850014 1.222000002861023 1.1360000371932983 18.0
-0.003000000026077032 1.2899999618530273 1.2079999446868896 10.0
0.12099999934434891 1.2300000190734863 1.1239999532699585 1.0
0.07000000029802322 1.2200000286102295 1.1239999532699585 2.0
0.02199999988079071 1.222000002861023 1.1349999904632568 11.0
-0.03500000014901161 1.503000020980835 1.4110000133514404 40.0
0.09099999815225601 1.2209999561309814 1.1100000143051147 1.0
0.0430000014603138 1.2300000190734863 1.1299999952316284 51.0
-0.006000000052154064 1.5219999551773071 1.4140000343322754 7.0
-0.06800000369548798 1.5 1.4119999408721924 38.0
0.06400000303983688 1.2400000095367432 1.121999979019165 47.0
0.01600000075995922 1.3170000314712524 1.2079999446868896 11.0
-0.039000000804662704 1.5190000534057617 1.4129999876022339 38.0
-0.10000000149011612 1.4930000305175781 1.4110000133514404 39.0
0.03400000184774399 1.2319999933242798 1.1100000143051147 11.0
-0.01600000075995922 1.5410000085830688 1.4110000133514404 38.0
-0.07199999690055847 1.5160000324249268 1.4119999408721924 40.0
-0.13099999725818634 1.4889999628067017 1.4129999876022339 40.0
0.007000000216066837 1.5770000219345093 1.4160000085830688 4.0
-0.05000000074505806 1.5410000085830688 1.409999966621399 37.0
-0.10599999874830246 1.5140000581741333 1.4119999408721924 39.0
-0.16200000047683716 1.4780000448226929 1.409000039100647 34.0
-0.02800000086426735 1.5759999752044678 1.4110000133514404 36.0
-0.08500000089406967 1.5399999618530273 1.409000039100647 37.0
-0.13899999856948853 1.5110000371932983 1.4129999876022339 38.0
-0.1940000057220459 1.4709999561309814 1.409000039100647 19.0
-0.06499999761581421 1.5779999494552612 1.409000039100647 34.0
-0.12099999934434891 1.5460000038146973 1.4149999618530273 39.0
-0.17100000381469727 1.5 1.406000018119812 7.0
-0.1889999955892563 1.2359999418258667 1.190000057220459 7.0
-0.10300000011920929 1.5870000123977661 1.4149999618530273 34.0
-0.15600000321865082 1.5420000553131104 1.4119999408721924 34.0
-0.20200000703334808 1.4769999980926514 1.3890000581741333 15.0
0.0 0.0 0.0 0.0
-0.14100000262260437 1.5859999656677246 1.4119999408721924 36.0
-0.18700000643730164 1.5089999437332153 1.3839999437332153 67.0
-0.20000000298023224 1.2599999904632568 1.190000057220459 16.0
0.0 0.0 0.0 0.0
-0.1770000010728836 1.5789999961853027 1.4049999713897705 14.0
-0.1889999955892563 1.2860000133514404 1.180999994277954 10.0
0.0 0.0 0.0 0.0
0.0 0.0 0.0 0.0
-0.1809999942779541 1.3320000171661377 1.184999942779541 13.0
-0.22300000488758087 1.312000036239624 1.2089999914169312 6.0
0.0 0.0 0.0 0.0
0.0 0.0 0.0 0.0
-0.21799999475479126 1.3619999885559082 1.2120000123977661 11.0
0.0 0.0 0.0 0.0
0.0 0.0 0.0 0.0
0.0 0.0 0.0 0.0
-0.24799999594688416 1.3459999561309814 1.2000000476837158 22.0
0.0 0.0 0.0 0.0
0.0 0.0 0.0 0.0
0.0 0.0 0.0 0.0
-0.2759999930858612 1.3229999542236328 1.1820000410079956 13.0
0.0 0.0 0.0 0.0
0.0 0.0 0.0 0.0
0.0 0.0 0.0 0.0
0.0 0.0 0.0 0.0
0.0 0.0 0.0 0.0
0.0 0.0 0.0 0.0
0.0 0.0 0.0 0.0
0.0 0.0 0.0 0.0
0.0 0.0 0.0 0.0
0.0 0.0 0.0 0.0
0.0 0.0 0.0 0.0
0.0 0.0 0.0 0.0
0.0 0.0 0.0 0.0
0.0 0.0 0.0 0.0
0.0 0.0 0.0 0.0
0.0 0.0 0.0 0.0
0.0 0.0 0.0 0.0
0.0 0.0 0.0 0.0
0.0 0.0 0.0 0.0
0.0 0.0 0.0 0.0
0.0 0.0 0.0 0.0
0.0 0.0 0.0 0.0
0.0 0.0 0.0 0.0
0.0 0.0 0.0 0.0
0.0 0.0 0.0 0.0
0.0 0.0 0.0 0.0
0.0 0.0 0.0 0.0
0.0 0.0 0.0 0.0
0.0 0.0 0.0 0.0
0.0 0.0 0.0 0.0
-0.6159999966621399 1.281999945640564 1.3990000486373901 8.0
0.0 0.0 0.0 0.0
0.0 0.0 0.0 0.0
0.0 0.0 0.0 0.0
-0.6499999761581421 1.284000039100647 1.4190000295639038 29.0
0.0 0.0 0.0 0.0
0.0 0.0 0.0 0.0
-0.6650000214576721 1.3279999494552612 1.3949999809265137 8.0
-0.6759999990463257 1.2699999809265137 1.4210000038146973 43.0
0.0 0.0 0.0 0.0
0.0 0.0 0.0 0.0
-0.6990000009536743 1.3229999542236328 1.406000018119812 5.0
-0.6990000009536743 1.2480000257492065 1.4160000085830688 24.0
0.0 0.0 0.0 0.0
-0.6980000138282776 1.3200000524520874 1.3359999656677246 5.0
-0.7110000252723694 1.2769999504089355 1.3730000257492065 3.0
0.0 0.0 0.0 0.0
0.0 0.0 0.0 0.0
-0.7720000147819519 1.3819999694824219 1.4149999618530273 16.0
0.0 0.0 0.0 0.0
0.0 0.0 0.0 0.0
0.0 0.0 0.0 0.0
0.0 0.0 0.0 0.0
0.0 0.0 0.0 0.0
0.0 0.0 0.0 0.0
0.0 0.0 0.0 0.0
0.0 0.0 0.0 0.0
0.0 0.0 0.0 0.0
0.0 0.0 0.0 1.0
0.0 0.0 0.0 0.0
0.0 0.0 0.0 0.0
0.0 0.0 0.0 0.0
0.0 0.0 0.0 0.0
0.0 0.0 0.0 0.0
0.0 0.0 0.0 0.0
0.0 0.0 0.0 0.0
0.0 0.0 0.0 1.0
0.0 0.0 0.0 0.0
0.0 0.0 0.0 0.0
0.0 0.0 0.0 0.0
0.0 0.0 0.0 0.0
0.0 0.0 0.0 0.0
0.0 0.0 0.0 0.0
0.0 0.0 0.0 0.0
0.0 0.0 0.0 0.0
0.0 0.0 0.0 0.0
0.0 0.0 0.0 0.0
0.0 0.0 0.0 0.0
0.0 0.0 0.0 0.0
0.0 0.0 0.0 0.0
0.0 0.0 0.0 0.0
0.0 0.0 0.0 0.0
0.0 0.0 0.0 0.0
0.0 0.0 0.0 0.0
0.0 0.0 0.0 0.0
0.0 0.0 0.0 0.0
0.0 0.0 0.0 0.0
0.0 0.0 0.0 0.0
0.0 0.0 0.0 0.0
0.0 0.0 0.0 0.0
0.0 0.0 0.0 0.0
0.0 0.0 0.0 0.0
0.0 0.0 0.0 0.0
0.0 0.0 0.0 0.0
0.0 0.0 0.0 0.0
0.0 0.0 0.0 0.0
0.0 0.0 0.0 0.0
0.0 0.0 0.0 0.0
0.0 0.0 0.0 0.0
0.0 0.0 0.0 0.0
0.0 0.0 0.0 0.0
0.0 0.0 0.0 0.0
0.0 0.0 0.0 0.0
0.0 0.0 0.0 0.0
0.0 0.0 0.0 0.0
0.0 0.0 0.0 0.0
0.0 0.0 0.0 0.0
0.0 0.0 0.0 0.0
0.0 0.0 0.0 0.0
0.0 0.0 0.0 0.0
0.0 0.0 0.0 0.0
0.0 0.0 0.0 0.0
0.0 0.0 0.0 0.0
0.0 0.0 0.0 0.0
0.0 0.0 0.0 1.0
0.0 0.0 0.0 0.0
0.0 0.0 0.0 0.0
0.0 0.0 0.0 0.0
0.0 0.0 0.0 0.0
0.0 0.0 0.0 0.0
0.0 0.0 0.0 0.0
0.0 0.0 0.0 0.0
0.0 0.0 0.0 0.0
0.0 0.0 0.0 0.0
0.0 0.0 0.0 0.0
0.0 0.0 0.0 0.0
0.0 0.0 0.0 0.0
0.0 0.0 0.0 0.0
0.0 0.0 0.0 0.0
0.0 0.0 0.0 0.0
0.0 0.0 0.0 1.0
0.0 0.0 0.0 0.0
0.0 0.0 0.0 0.0
0.0 0.0 0.0 0.0
0.0 0.0 0.0 0.0
0.0 0.0 0.0 0.0
0.0 0.0 0.0 0.0
0.0 0.0 0.0 0.0
0.0 0.0 0.0 1.0
0.0 0.0 0.0 0.0
0.0 0.0 0.0 0.0
0.0 0.0 0.0 0.0
0.0 0.0 0.0 0.0
0.0 0.0 0.0 0.0
0.0 0.0 0.0 0.0
0.0 0.0 0.0 0.0
0.0 0.0 0.0 1.0
0.0 0.0 0.0 0.0
0.0 0.0 0.0 0.0
0.0 0.0 0.0 0.0
0.0 0.0 0.0 0.0
0.0 0.0 0.0 0.0
0.0 0.0 0.0 0.0
0.0 0.0 0.0 0.0
0.0 0.0 0.0 1.0
0.0 0.0 0.0 0.0
0.0 0.0 0.0 0.0
0.0 0.0 0.0 0.0
0.0 0.0 0.0 0.0
0.0 0.0 0.0 0.0
0.0 0.0 0.0 0.0
0.0 0.0 0.0 0.0
0.0 0.0 0.0 1.0
0.0 0.0 0.0 0.0
0.0 0.0 0.0 0.0
0.0 0.0 0.0 0.0
0.0 0.0 0.0 0.0
-1.6330000162124634 0.6389999985694885 1.4210000038146973 11.0
0.0 0.0 0.0 0.0
0.0 0.0 0.0 0.0
0.0 0.0 0.0 1.0
-1.6480000019073486 0.6000000238418579 1.4199999570846558 3.0
0.0 0.0 0.0 0.0
0.0 0.0 0.0 0.0
0.0 0.0 0.0 0.0
0.0 0.0 0.0 0.0
0.0 0.0 0.0 0.0
0.0 0.0 0.0 0.0
0.0 0.0 0.0 1.0
0.0 0.0 0.0 0.0
0.0 0.0 0.0 0.0
0.0 0.0 0.0 0.0
0.0 0.0 0.0 0.0
0.0 0.0 0.0 0.0
0.0 0.0 0.0 0.0
0.0 0.0 0.0 0.0
0.0 0.0 0.0 1.0
0.0 0.0 0.0 0.0
0.0 0.0 0.0 0.0
0.0 0.0 0.0 0.0
0.0 0.0 0.0 0.0
0.0 0.0 0.0 0.0
0.0 0.0 0.0 0.0
0.0 0.0 0.0 0.0
0.0 0.0 0.0 1.0
0.0 0.0 0.0 0.0
0.0 0.0 0.0 0.0
0.0 0.0 0.0 0.0
0.0 0.0 0.0 0.0
0.0 0.0 0.0 0.0
0.0 0.0 0.0 0.0
0.0 0.0 0.0 0.0
0.0 0.0 0.0 1.0
0.0 0.0 0.0 0.0
0.0 0.0 0.0 0.0
0.0 0.0 0.0 0.0
0.0 0.0 0.0 0.0
0.0 0.0 0.0 0.0
0.0 0.0 0.0 0.0
0.0 0.0 0.0 0.0
0.0 0.0 0.0 1.0
0.0 0.0 0.0 0.0
0.0 0.0 0.0 0.0
0.0 0.0 0.0 1.0
0.0 0.0 0.0 0.0
0.0 0.0 0.0 0.0
0.0 0.0 0.0 0.0
0.0 0.0 0.0 0.0
0.0 0.0 0.0 1.0
0.0 0.0 0.0 0.0
0.0 0.0 0.0 0.0
0.0 0.0 0.0 1.0
0.0 0.0 0.0 0.0
0.0 0.0 0.0 0.0
0.0 0.0 0.0 0.0
0.0 0.0 0.0 0.0
0.0 0.0 0.0 1.0
0.0 0.0 0.0 0.0
0.0 0.0 0.0 0.0
0.0 0.0 0.0 1.0
0.0 0.0 0.0 0.0
0.0 0.0 0.0 0.0
0.0 0.0 0.0 0.0
0.0 0.0 0.0 0.0
0.0 0.0 0.0 1.0
0.0 0.0 0.0 0.0
0.0 0.0 0.0 0.0
0.0 0.0 0.0 0.0
0.0 0.0 0.0 0.0
0.0 0.0 0.0 0.0
0.0 0.0 0.0 0.0
0.0 0.0 0.0 0.0
0.0 0.0 0.0 1.0
0.0 0.0 0.0 0.0
0.0 0.0 0.0 0.0
0.0 0.0 0.0 1.0
0.0 0.0 0.0 0.0
0.0 0.0 0.0 0.0
0.0 0.0 0.0 0.0
0.0 0.0 0.0 0.0
0.0 0.0 0.0 1.0
0.0 0.0 0.0 0.0
0.0 0.0 0.0 0.0
0.0 0.0 0.0 1.0
0.0 0.0 0.0 0.0
0.0 0.0 0.0 0.0
0.0 0.0 0.0 0.0
0.0 0.0 0.0 0.0
0.0 0.0 0.0 1.0
0.0 0.0 0.0 0.0
0.0 0.0 0.0 0.0
0.0 0.0 0.0 1.0
0.0 0.0 0.0 0.0
0.0 0.0 0.0 0.0
0.0 0.0 0.0 0.0
0.0 0.0 0.0 0.0
0.0 0.0 0.0 1.0
0.0 0.0 0.0 0.0
0.0 0.0 0.0 0.0
0.0 0.0 0.0 1.0
0.0 0.0 0.0 0.0
0.0 0.0 0.0 0.0
0.0 0.0 0.0 0.0
0.0 0.0 0.0 0.0
0.0 0.0 0.0 1.0
0.0 0.0 0.0 0.0
0.0 0.0 0.0 0.0
0.0 0.0 0.0 1.0
0.0 0.0 0.0 0.0
0.0 0.0 0.0 0.0
0.0 0.0 0.0 0.0
0.0 0.0 0.0 0.0
0.0 0.0 0.0 1.0
0.0 0.0 0.0 0.0
0.0 0.0 0.0 0.0
0.0 0.0 0.0 1.0
0.0 0.0 0.0 0.0
0.0 0.0 0.0 0.0
0.0 0.0 0.0 0.0
0.0 0.0 0.0 0.0
0.0 0.0 0.0 1.0
0.0 0.0 0.0 0.0
0.0 0.0 0.0 0.0
0.0 0.0 0.0 1.0
0.0 0.0 0.0 0.0
0.0 0.0 0.0 0.0
0.0 0.0 0.0 0.0
0.0 0.0 0.0 0.0
0.0 0.0 0.0 1.0
0.0 0.0 0.0 0.0
0.0 0.0 0.0 0.0
0.0 0.0 0.0 1.0
0.0 0.0 0.0 0.0
0.0 0.0 0.0 0.0
0.0 0.0 0.0 0.0
0.0 0.0 0.0 0.0
0.0 0.0 0.0 1.0
0.0 0.0 0.0 0.0
0.0 0.0 0.0 0.0
0.0 0.0 0.0 1.0
0.0 0.0 0.0 0.0
0.0 0.0 0.0 0.0
0.0 0.0 0.0 0.0
0.0 0.0 0.0 0.0
0.0 0.0 0.0 1.0
0.0 0.0 0.0 0.0
0.0 0.0 0.0 0.0
0.0 0.0 0.0 0.0
0.0 0.0 0.0 0.0
0.0 0.0 0.0 0.0
0.0 0.0 0.0 0.0
0.0 0.0 0.0 0.0
0.0 0.0 0.0 1.0
0.0 0.0 0.0 0.0
0.0 0.0 0.0 0.0
0.0 0.0 0.0 0.0
0.0 0.0 0.0 0.0
0.0 0.0 0.0 0.0
0.0 0.0 0.0 0.0
0.0 0.0 0.0 0.0
0.0 0.0 0.0 1.0
0.0 0.0 0.0 0.0
0.0 0.0 0.0 0.0
0.0 0.0 0.0 1.0
0.0 0.0 0.0 0.0
0.0 0.0 0.0 0.0
0.0 0.0 0.0 0.0
0.0 0.0 0.0 0.0
0.0 0.0 0.0 1.0
0.0 0.0 0.0 0.0
0.0 0.0 0.0 0.0
0.0 0.0 0.0 0.0
0.0 0.0 0.0 0.0
0.0 0.0 0.0 0.0
0.0 0.0 0.0 1.0
0.0 0.0 0.0 0.0
0.0 0.0 0.0 1.0
0.0 0.0 0.0 0.0
0.0 0.0 0.0 0.0
0.0 0.0 0.0 0.0
0.0 0.0 0.0 0.0
0.0 0.0 0.0 0.0
0.0 0.0 0.0 0.0
0.0 0.0 0.0 0.0
0.0 0.0 0.0 1.0
0.0 0.0 0.0 0.0
0.0 0.0 0.0 0.0
0.0 0.0 0.0 0.0
0.0 0.0 0.0 0.0
0.0 0.0 0.0 0.0
0.0 0.0 0.0 0.0
0.0 0.0 0.0 0.0
0.0 0.0 0.0 1.0
0.0 0.0 0.0 0.0
0.0 0.0 0.0 0.0
0.0 0.0 0.0 0.0
0.0 0.0 0.0 0.0
0.0 0.0 0.0 0.0
0.0 0.0 0.0 0.0
0.0 0.0 0.0 0.0
0.0 0.0 0.0 0.0
0.0 0.0 0.0 0.0
0.0 0.0 0.0 0.0
0.0 0.0 0.0 0.0
0.0 0.0 0.0 0.0
0.0 0.0 0.0 0.0
0.0 0.0 0.0 0.0
0.0 0.0 0.0 0.0
0.0 0.0 0.0 1.0
0.0 0.0 0.0 0.0
0.0 0.0 0.0 0.0
0.0 0.0 0.0 0.0
0.0 0.0 0.0 0.0
0.0 0.0 0.0 0.0
0.0 0.0 0.0 0.0
0.0 0.0 0.0 0.0
0.0 0.0 0.0 0.0
0.0 0.0 0.0 0.0
0.0 0.0 0.0 0.0
0.0 0.0 0.0 0.0
0.0 0.0 0.0 0.0
0.0 0.0 0.0 0.0
0.0 0.0 0.0 0.0
0.0 0.0 0.0 0.0
0.0 0.0 0.0 0.0
0.0 0.0 0.0 0.0
0.0 0.0 0.0 0.0
0.0 0.0 0.0 0.0
0.0 0.0 0.0 0.0
0.0 0.0 0.0 0.0
0.0 0.0 0.0 0.0
0.0 0.0 0.0 0.0
0.0 0.0 0.0 0.0
0.0 0.0 0.0 0.0
0.0 0.0 0.0 0.0
0.0 0.0 0.0 0.0
0.0 0.0 0.0 0.0
0.0 0.0 0.0 0.0
0.0 0.0 0.0 0.0
0.0 0.0 0.0 0.0
0.0 0.0 0.0 0.0
0.0 0.0 0.0 0.0
0.0 0.0 0.0 0.0
0.0 0.0 0.0 0.0
0.0 0.0 0.0 0.0
0.0 0.0 0.0 0.0
0.0 0.0 0.0 0.0
0.0 0.0 0.0 0.0
0.0 0.0 0.0 0.0
0.0 0.0 0.0 0.0
0.0 0.0 0.0 0.0
0.0 0.0 0.0 0.0
0.0 0.0 0.0 0.0
0.0 0.0 0.0 0.0
0.0 0.0 0.0 0.0
0.0 0.0 0.0 0.0
0.0 0.0 0.0 0.0
0.0 0.0 0.0 0.0
-0.6549999713897705 -1.2100000381469727 1.1970000267028809 15.0
0.0 0.0 0.0 0.0
0.0 0.0 0.0 0.0
0.0 0.0 0.0 1.0
0.0 0.0 0.0 0.0
0.0 0.0 0.0 0.0
0.0 0.0 0.0 0.0
0.0 0.0 0.0 0.0
0.0 0.0 0.0 0.0
-0.6520000100135803 -1.2230000495910645 1.2289999723434448 14.0
0.0 0.0 0.0 0.0
0.0 0.0 0.0 1.0
0.0 0.0 0.0 0.0
0.0 0.0 0.0 0.0
0.0 0.0 0.0 0.0
0.0 0.0 0.0 0.0
0.0 0.0 0.0 0.0
0.0 0.0 0.0 0.0
-0.6510000228881836 -1.2280000448226929 1.2519999742507935 12.0
0.0 0.0 0.0 0.0
0.0 0.0 0.0 0.0
0.0 0.0 0.0 0.0
0.0 0.0 0.0 0.0
0.0 0.0 0.0 0.0
0.0 0.0 0.0 0.0
0.0 0.0 0.0 0.0
0.0 0.0 0.0 0.0
0.0 0.0 0.0 0.0
0.0 0.0 0.0 0.0
0.0 0.0 0.0 0.0
0.0 0.0 0.0 0.0
0.0 0.0 0.0 0.0
0.0 0.0 0.0 0.0
0.0 0.0 0.0 0.0
0.0 0.0 0.0 0.0
0.0 0.0 0.0 0.0
0.0 0.0 0.0 0.0
0.0 0.0 0.0 0.0
0.0 0.0 0.0 0.0
0.0 0.0 0.0 0.0
0.0 0.0 0.0 0.0
0.0 0.0 0.0 0.0
0.0 0.0 0.0 0.0
0.0 0.0 0.0 0.0
0.0 0.0 0.0 0.0
0.0 0.0 0.0 0.0
0.0 0.0 0.0 0.0
-0.3199999928474426 -1.5959999561309814 1.4119999408721924 31.0
0.0 0.0 0.0 0.0
0.0 0.0 0.0 0.0
0.0 0.0 0.0 0.0
-0.2849999964237213 -1.6019999980926514 1.4140000343322754 32.0
-0.33799999952316284 -1.590000033378601 1.4110000133514404 26.0
0.0 0.0 0.0 0.0
0.0 0.0 0.0 0.0
0.0 0.0 0.0 0.0
-0.30300000309944153 -1.5950000286102295 1.409000039100647 31.0
0.0 0.0 0.0 0.0
0.0 0.0 0.0 0.0
-0.11100000143051147 -0.828000009059906 0.7279999852180481 9.0
-0.2680000066757202 -1.6030000448226929 1.4110000133514404 37.0
-0.32100000977516174 -1.600000023841858 1.4110000133514404 32.0
0.0 0.0 0.0 0.0
-0.09099999815225601 -0.8149999976158142 0.7160000205039978 9.0
0.0 0.0 0.0 0.0
-0.2840000092983246 -1.6059999465942383 1.409000039100647 33.0
-0.34299999475479126 -1.6030000448226929 1.4110000133514404 30.0
-0.07199999690055847 -0.7940000295639038 0.6959999799728394 14.0
-0.10000000149011612 -0.8209999799728394 0.7170000076293945 5.0
0.0 0.0 0.0 0.0
-0.3070000112056732 -1.6150000095367432 1.409000039100647 38.0
-0.054999999701976776 -0.7960000038146973 0.6980000138282776 12.0
-0.08100000023841858 -0.8149999976158142 0.7099999785423279 8.0
-0.1080000028014183 -0.8259999752044678 0.7160000205039978 5.0
0.0 0.0 0.0 0.0
-0.03700000047683716 -0.7870000004768372 0.6909999847412109 17.0
-0.06300000101327896 -0.8050000071525574 0.699999988079071 8.0
-0.08699999749660492 -0.8100000023841858 0.699999988079071 6.0
-0.11900000274181366 -0.8410000205039978 0.7229999899864197 6.0
-0.019999999552965164 -0.781000018119812 0.6859999895095825 12.0
-0.04500000178813934 -0.8019999861717224 0.6959999799728394 8.0
-0.06800000369548798 -0.8050000071525574 0.6919999718666077 8.0
-0.09700000286102295 -0.824999988079071 0.7039999961853027 10.0
-0.004000000189989805 -0.7829999923706055 0.6880000233650208 9.0
-0.026000000536441803 -0.7839999794960022 0.6800000071525574 10.0
-0.05000000074505806 -0.8009999990463257 0.6859999895095825 8.0
-0.07599999755620956 -0.8080000281333923 0.6850000023841858 9.0
0.012000000104308128 -0.7699999809265137 0.6779999732971191 15.0
-0.008999999612569809 -0.7739999890327454 0.6710000038146973 10.0
-0.03200000151991844 -0.7990000247955322 0.6819999814033508 7.0
-0.0560000017285347 -0.7990000247955322 0.6740000247955322 13.0
0.02800000086426735 -0.7620000243186951 0.671999990940094 16.0
0.007000000216066837 -0.7770000100135803 0.6729999780654907 9.0
-0.013000000268220901 -0.7839999794960022 0.6679999828338623 10.0
-0.03700000047683716 -0.7940000295639038 0.6660000085830688 14.0
0.04399999976158142 -0.765999972820282 0.6769999861717224 11.0
0.024000000208616257 -0.7699999809265137 0.6669999957084656 11.0
0.004000000189989805 -0.7770000100135803 0.6600000262260437 10.0
-0.01899999938905239 -0.7879999876022339 0.6579999923706055 11.0
0.061000000685453415 -0.765999972820282 0.6790000200271606 15.0
0.03999999910593033 -0.7630000114440918 0.6610000133514404 10.0
0.020999999716877937 -0.7699999809265137 0.652999997138977 9.0
0.0 -0.7870000004768372 0.6539999842643738 14.0
0.07699999958276749 -0.7649999856948853 0.6800000071525574 13.0
0.05700000002980232 -0.7680000066757202 0.6660000085830688 10.0
0.039000000804662704 -0.7720000147819519 0.6539999842643738 11.0
0.017000000923871994 -0.7789999842643738 0.6460000276565552 17.0
0.09399999678134918 -0.7699999809265137 0.6880000233650208 12.0
0.07400000095367432 -0.7680000066757202 0.6669999957084656 10.0
0.0560000017285347 -0.7680000066757202 0.6499999761581421 10.0
0.035999998450279236 -0.7789999842643738 0.6439999938011169 16.0
0.11299999803304672 -0.7879999876022339 0.7059999704360962 9.0
0.09099999815225601 -0.7670000195503235 0.6679999828338623 9.0
0.07400000095367432 -0.7749999761581421 0.656000018119812 10.0
0.05400000140070915 -0.7770000100135803 0.6399999856948853 16.0
0.12999999523162842 -0.7900000214576721 0.7120000123977661 9.0
0.11100000143051147 -0.7889999747276306 0.6880000233650208 7.0
0.09200000017881393 -0.777999997138977 0.6589999794960022 10.0
0.07199999690055847 -0.7749999761581421 0.6380000114440918 15.0
0.15399999916553497 -0.824999988079071 0.746999979019165 10.0
0.12999999523162842 -0.7919999957084656 0.6930000185966492 7.0
0.1120000034570694 -0.7889999747276306 0.6690000295639038 7.0
0.09099999815225601 -0.781000018119812 0.6420000195503235 14.0
0.17800000309944153 -0.8519999980926514 0.7760000228881836 9.0
0.15299999713897705 -0.8230000138282776 0.722000002861023 8.0
0.13199999928474426 -0.7979999780654907 0.6779999732971191 7.0
0.11100000143051147 -0.7870000004768372 0.6460000276565552 10.0
0.19699999690055847 -0.8550000190734863 0.7829999923706055 9.0
0.1809999942779541 -0.8650000095367432 0.7620000243186951 9.0
0.15700000524520874 -0.8349999785423279 0.7099999785423279 7.0
0.13300000131130219 -0.8029999732971191 0.6589999794960022 8.0
0.21799999475479126 -0.8610000014305115 0.7929999828338623 10.0
0.20100000500679016 -0.8659999966621399 0.765999972820282 8.0
0.18700000643730164 -0.8830000162124634 0.753000020980835 9.0
0.16200000047683716 -0.8529999852180481 0.7009999752044678 9.0
0.2370000034570694 -0.8610000014305115 0.7979999780654907 9.0
0.2240000069141388 -0.8769999742507935 0.7789999842643738 9.0
0.20900000631809235 -0.8849999904632568 0.7570000290870667 7.0
0.19200000166893005 -0.8960000276565552 0.7369999885559082 10.0
0.26899999380111694 -0.902999997138977 0.8429999947547913 2.0
0.24400000274181366 -0.8759999871253967 0.7829999923706055 7.0
0.23100000619888306 -0.8899999856948853 0.7639999985694885 9.0
0.21699999272823334 -0.906000018119812 0.7459999918937683 9.0
0.4269999861717224 -1.3309999704360962 1.2519999742507935 1.0
0.0 0.0 0.0 0.0
0.28600001335144043 -1.003000020980835 0.8650000095367432 5.0
0.26499998569488525 -1.0010000467300415 0.8270000219345093 7.0
0.43799999356269836 -1.2710000276565552 1.2050000429153442 33.0
0.4259999990463257 -1.3049999475479126 1.180999994277954 1.0
0.4519999921321869 -1.4589999914169312 1.2640000581741333 2.0
0.4410000145435333 -1.5190000534057617 1.2580000162124634 4.0
0.5419999957084656 -1.472000002861023 1.406999945640564 39.0
0.44600000977516174 -1.2699999809265137 1.156999945640564 34.0
0.42500001192092896 -1.2690000534057617 1.1059999465942383 25.0
0.531000018119812 -1.6770000457763672 1.3940000534057617 74.0
0.5730000138282776 -1.4620000123977661 1.409999966621399 38.0
0.5770000219345093 -1.534999966621399 1.4079999923706055 34.0
0.47600001096725464 -1.3220000267028809 1.1579999923706055 152.0
0.4359999895095825 -1.2730000019073486 1.062000036239624 40.0
0.6029999852180481 -1.4479999542236328 1.409000039100647 38.0
0.6100000143051147 -1.5210000276565552 1.406999945640564 33.0
0.6159999966621399 -1.5959999561309814 1.406999945640564 20.0
0.6000000238418579 -1.625 1.3639999628067017 10.0
0.6320000290870667 -1.434000015258789 1.409999966621399 37.0
0.6439999938011169 -1.5080000162124634 1.406999945640564 33.0
0.6430000066757202 -1.5579999685287476 1.3830000162124634 37.0
0.5989999771118164 -1.5110000371932983 1.2740000486373901 15.0
0.6610000133514404 -1.4179999828338623 1.4079999923706055 35.0
0.621999979019165 -1.3739999532699585 1.2929999828338623 28.0
0.6050000190734863 -1.3760000467300415 1.2309999465942383 31.0
0.5979999899864197 -1.4079999923706055 1.1950000524520874 35.0
0.625 -1.2699999809265137 1.274999976158142 45.0
0.6140000224113464 -1.2799999713897705 1.215999960899353 36.0
0.6110000014305115 -1.3070000410079956 1.1799999475479126 38.0
0.6060000061988831 -1.3370000123977661 1.1440000534057617 38.0
0.6779999732971191 -1.309000015258789 1.3289999961853027 88.0
0.625 -1.2330000400543213 1.184000015258789 0.0
0.6150000095367432 -1.2410000562667847 1.1299999952316284 41.0
0.6150000095367432 -1.2760000228881836 1.100000023841858 54.0
0.0 0.0 0.0 0.0
0.6190000176429749 -1.1579999923706055 1.1230000257492065 32.0
0.6209999918937683 -1.184000015258789 1.0889999866485596 63.0
0.6309999823570251 -1.2330000400543213 1.0720000267028809 50.0
0.6320000290870667 -1.1050000190734863 1.1480000019073486 1.0
0.6230000257492065 -1.1069999933242798 1.0859999656677246 50.0
0.6320000290870667 -1.1410000324249268 1.059999942779541 12.0
0.6430000066757202 -1.1859999895095825 1.0399999618530273 63.0
0.6269999742507935 -1.0449999570846558 1.100000023841858 42.0
0.6349999904632568 -1.0729999542236328 1.065000057220459 12.0
0.6489999890327454 -1.1109999418258667 1.0429999828338623 11.0
0.671999990940094 -1.1710000038146973 1.0379999876022339 0.0
0.6489999890327454 -1.031999945640564 1.1009999513626099 11.0
0.652999997138977 -1.0490000247955322 1.0540000200271606 12.0
0.6700000166893005 -1.090000033378601 1.0360000133514404 1.0
0.6970000267028809 -1.149999976158142 1.0299999713897705 7.0
0.6700000166893005 -1.0180000066757202 1.1019999980926514 10.0
0.6759999990463257 -1.034999966621399 1.0549999475479126 12.0
0.6890000104904175 -1.065000057220459 1.0240000486373901 12.0
0.7289999723434448 -1.1410000324249268 1.034000039100647 3.0
0.6940000057220459 -1.0080000162124634 1.1059999465942383 10.0
0.7020000219345093 -1.024999976158142 1.059000015258789 12.0
0.7269999980926514 -1.069000005722046 1.0429999828338623 0.0
0.746999979019165 -1.1089999675750732 1.0180000066757202 1.0
0.7269999980926514 -1.0110000371932983 1.125 5.0
0.7250000238418579 -1.0110000371932983 1.059000015258789 12.0
0.7419999837875366 -1.0390000343322754 1.0269999504089355 8.0
0.7870000004768372 -1.1119999885559082 1.034000039100647 2.0
0.7440000176429749 -0.9909999966621399 1.121000051498413 11.0
0.7590000033378601 -1.0110000371932983 1.0750000476837158 13.0
0.7789999842643738 -1.0399999618530273 1.0429999828338623 7.0
0.8169999718666077 -1.097000002861023 1.034999966621399 2.0
0.0 0.0 0.0 0.0
0.7929999828338623 -1.0089999437332153 1.090999960899353 13.0
0.8029999732971191 -1.0230000019073486 1.0429999828338623 59.0
0.8450000286102295 -1.0800000429153442 1.034999966621399 1.0
0.0 0.0 0.0 0.0
0.8309999704360962 -1.0110000371932983 1.1109999418258667 46.0
0.8420000076293945 -1.0219999551773071 1.059999942779541 12.0
0.8679999709129333 -1.055999994277954 1.027999997138977 3.0
0.8730000257492065 -1.0230000019073486 1.2170000076293945 0.0
0.8669999837875366 -1.0089999437332153 1.128999948501587 10.0
0.8830000162124634 -1.0240000486373901 1.0800000429153442 60.0
0.9020000100135803 -1.0449999570846558 1.034999966621399 32.0
0.9120000004768372 -1.0240000486373901 1.2410000562667847 1.0
0.9480000138282776 -1.055999994277954 1.2029999494552612 5.0
0.9300000071525574 -1.0299999713897705 1.1059999465942383 7.0
0.9459999799728394 -1.0440000295639038 1.0529999732971191 63.0
0.9729999899864197 -1.0479999780654907 1.2940000295639038 3.0
0.0 0.0 0.0 0.0
0.9629999995231628 -1.0180000066757202 1.1150000095367432 29.0
0.9850000143051147 -1.0369999408721924 1.065999984741211 61.0
1.0269999504089355 -1.062000036239624 1.3370000123977661 5.0
0.0 0.0 0.0 0.0
0.0 0.0 0.0 0.0
1.0329999923706055 -1.0360000133514404 1.0880000591278076 56.0
1.055999994277954 -1.0470000505447388 1.3459999561309814 2.0
1.059000015258789 -1.034000039100647 1.25 2.0
1.277999997138977 -1.2330000400543213 1.4079999923706055 29.0
1.3580000400543213 -1.2990000247955322 1.3930000066757202 33.0
1.0839999914169312 -1.031000018119812 1.3530000448226929 9.0
1.215000033378601 -1.1349999904632568 1.4040000438690186 31.0
1.309999942779541 -1.2070000171661377 1.409000039100647 36.0
1.378000020980835 -1.25600004196167 1.378000020980835 32.0
1.1380000114440918 -1.0379999876022339 1.3930000066757202 16.0
1.24399995803833 -1.1119999885559082 1.406999945640564 27.0
1.340999960899353 -1.1790000200271606 1.409999966621399 41.0
1.2970000505447388 -1.1269999742507935 1.2669999599456787 15.0
1.1710000038146973 -1.024999976158142 1.406999945640564 39.0
1.2610000371932983 -1.0779999494552612 1.3969999551773071 21.0
1.371000051498413 -1.1519999504089355 1.4119999408721924 36.0
1.2949999570846558 -1.0720000267028809 1.2369999885559082 45.0
1.194000005722046 -1.0010000467300415 1.4079999923706055 38.0
1.2920000553131104 -1.0570000410079956 1.4049999713897705 43.0
1.3969999551773071 -1.1200000047683716 1.409000039100647 33.0
1.3009999990463257 -1.0260000228881836 1.215999960899353 54.0
1.2130000591278076 -0.9750000238418579 1.406999945640564 40.0
1.315999984741211 -1.0290000438690186 1.4040000438690186 40.0
1.3660000562667847 -1.0449999570846558 1.3509999513626099 38.0
1.3009999990463257 -0.9760000109672546 1.190000057220459 53.0
1.2350000143051147 -0.9509999752044678 1.4079999923706055 37.0
1.3389999866485596 -1.0 1.402999997138977 41.0
1.3079999685287476 -0.953000009059906 1.2690000534057617 22.0
1.312000036239624 -0.9359999895095825 1.1770000457763672 56.0
1.253000020980835 -0.925000011920929 1.406000018119812 39.0
1.3639999628067017 -0.9729999899864197 1.4049999713897705 44.0
1.3049999475479126 -0.906000018119812 1.24399995803833 39.0
1.315000057220459 -0.890999972820282 1.156999945640564 53.0
1.2730000019073486 -0.8989999890327454 1.406000018119812 31.0
1.3849999904632568 -0.9430000185966492 1.4040000438690186 47.0
1.312000036239624 -0.8669999837875366 1.2289999723434448 54.0
1.3140000104904175 -0.8450000286102295 1.1349999904632568 59.0
1.2929999828338623 -0.8730000257492065 1.406000018119812 37.0
1.4010000228881836 -0.9089999794960022 1.3969999551773071 38.0
1.319000005722046 -0.8289999961853027 1.215999960899353 58.0
1.3209999799728394 -0.8059999942779541 1.121999979019165 57.0
1.3140000104904175 -0.8479999899864197 1.409000039100647 42.0
1.371000051498413 -0.8479999899864197 1.347000002861023 35.0
1.3179999589920044 -0.7860000133514404 1.1950000524520874 60.0
1.3209999799728394 -0.7630000114440918 1.1039999723434448 57.0
1.3320000171661377 -0.8209999799728394 1.409000039100647 42.0
1.3220000267028809 -0.777999997138977 1.2799999713897705 13.0
1.3229999542236328 -0.7490000128746033 1.1820000410079956 56.0
1.3220000267028809 -0.722000002861023 1.0870000123977661 59.0
1.340999960899353 -0.7879999876022339 1.3990000486373901 24.0
1.312999963760376 -0.734000027179718 1.253999948501587 28.0
1.3250000476837158 -0.7099999785423279 1.1670000553131104 24.0
1.3320000171661377 -0.6859999895095825 1.0789999961853027 16.0
1.347000002861023 -0.7540000081062317 1.3880000114440918 27.0
1.3289999961853027 -0.7059999704360962 1.253000020980835 10.0
1.3300000429153442 -0.6740000247955322 1.1549999713897705 6.0
1.3760000467300415 -0.6679999828338623 1.0989999771118164 50.0
1.3819999694824219 -0.7360000014305115 1.406000018119812 40.0
1.347000002861023 -0.6769999861717224 1.253999948501587 4.0
1.3849999904632568 -0.6620000004768372 1.187999963760376 38.0
1.4249999523162842 -0.6499999761581421 1.1239999532699585 42.0
1.3969999551773071 -0.7070000171661377 1.4040000438690186 33.0
1.4700000286102295 -0.6990000009536743 1.3519999980926514 5.0
1.4299999475479126 -0.6439999938011169 1.2109999656677246 45.0
1.4730000495910645 -0.6299999952316284 1.1480000019073486 45.0
1.4110000133514404 -0.6769999861717224 1.4019999504089355 29.0
1.5449999570846558 -0.6940000057220459 1.4040000438690186 30.0
1.5190000534057617 -0.6430000066757202 1.2719999551773071 130.0
1.5269999504089355 -0.6110000014305115 1.1749999523162842 46.0
1.4290000200271606 -0.6499999761581421 1.4049999713897705 22.0
1.5609999895095825 -0.6600000262260437 1.4040000438690186 35.0
1.6890000104904175 -0.6690000295639038 1.3990000486373901 54.0
1.5839999914169312 -0.5899999737739563 1.2070000171661377 42.0
1.4259999990463257 -0.6119999885559082 1.3869999647140503 60.0
1.5750000476837158 -0.625 1.4019999504089355 43.0
1.7130000591278076 -0.6340000033378601 1.4049999713897705 34.0
1.6670000553131104 -0.5759999752044678 1.25600004196167 46.0
1.4529999494552612 -0.5879999995231628 1.399999976158142 39.0
1.5989999771118164 -0.593999981880188 1.409000039100647 42.0
1.7289999723434448 -0.5950000286102295 1.4040000438690186 35.0
1.840999960899353 -0.5870000123977661 1.3739999532699585 3.0
1.4769999980926514 -0.5619999766349792 1.409000039100647 38.0
1.6030000448226929 -0.5559999942779541 1.3990000486373901 45.0
1.7410000562667847 -0.5550000071525574 1.4010000228881836 51.0
1.8910000324249268 -0.5540000200271606 1.3990000486373901 42.0
1.4869999885559082 -0.5299999713897705 1.406000018119812 42.0
1.61899995803833 -0.5220000147819519 1.4010000228881836 33.0
1.7610000371932983 -0.5170000195503235 1.4049999713897705 41.0
1.909000039100647 -0.5099999904632568 1.4010000228881836 40.0
1.4989999532699585 -0.49900001287460327 1.4049999713897705 44.0
1.6369999647140503 -0.4880000054836273 1.4049999713897705 39.0
1.7760000228881836 -0.47699999809265137 1.4049999713897705 40.0
1.9229999780654907 -0.4650000035762787 1.4010000228881836 39.0
1.5160000324249268 -0.4699999988079071 1.409000039100647 12.0
1.649999976158142 -0.4519999921321869 1.4049999713897705 44.0
1.7860000133514404 -0.4359999895095825 1.4040000438690186 40.0
1.934999942779541 -0.41999998688697815 1.3990000486373901 39.0
1.5199999809265137 -0.4359999895095825 1.402999997138977 43.0
1.6610000133514404 -0.41600000858306885 1.4040000438690186 46.0
1.8029999732971191 -0.3970000147819519 1.406999945640564 38.0
1.9470000267028809 -0.37400001287460327 1.399999976158142 37.0
1.5369999408721924 -0.4059999883174896 1.406999945640564 43.0
1.6729999780654907 -0.3799999952316284 1.4049999713897705 42.0
1.809999942779541 -0.35499998927116394 1.4040000438690186 39.0
1.9539999961853027 -0.3269999921321869 1.3969999551773071 40.0
1.5460000038146973 -0.37299999594688416 1.406000018119812 40.0
1.680999994277954 -0.34299999475479126 1.402999997138977 44.0
1.819000005722046 -0.3140000104904175 1.402999997138977 38.0
1.9670000076293945 -0.28200000524520874 1.3990000486373901 39.0
1.555999994277954 -0.3409999907016754 1.406000018119812 42.0
1.690000057220459 -0.3059999942779541 1.4019999504089355 43.0
1.8289999961853027 -0.2720000147819519 1.4040000438690186 39.0
1.9739999771118164 -0.23499999940395355 1.3980000019073486 38.0
1.562999963760376 -0.30799999833106995 1.4040000438690186 40.0
1.6990000009536743 -0.26899999380111694 1.4019999504089355 44.0
1.8389999866485596 -0.23100000619888306 1.4049999713897705 41.0
1.9819999933242798 -0.18799999356269836 1.3990000486373901 39.0
1.5770000219345093 -0.2759999930858612 1.4079999923706055 38.0
1.7039999961853027 -0.23100000619888306 1.399999976158142 42.0
1.8420000076293945 -0.1889999955892563 1.4019999504089355 39.0
1.9880000352859497 -0.14100000262260437 1.3980000019073486 40.0
1.5820000171661377 -0.24199999868869781 1.4049999713897705 40.0
1.7109999656677246 -0.1940000057220459 1.399999976158142 43.0
1.850000023841858 -0.1469999998807907 1.402999997138977 41.0
1.9900000095367432 -0.09399999678134918 1.3969999551773071 39.0
1.5889999866485596 -0.20900000631809235 1.4049999713897705 38.0
1.7230000495910645 -0.15700000524520874 1.4040000438690186 42.0
1.8530000448226929 -0.10400000214576721 1.4019999504089355 42.0
1.9930000305175781 -0.04699999839067459 1.3960000276565552 40.0
1.6009999513626099 -0.17599999904632568 1.4079999923706055 40.0
1.7269999980926514 -0.11800000071525574 1.402999997138977 41.0
1.8559999465942383 -0.06199999898672104 1.4010000228881836 42.0
2.0 0.0 1.3990000486373901 43.0
1.6059999465942383 -0.1420000046491623 1.406999945640564 40.0
1.7339999675750732 -0.07999999821186066 1.4040000438690186 41.0
1.8600000143051147 -0.01899999938905239 1.4019999504089355 40.0
2.003000020980835 0.04699999839067459 1.399999976158142 40.0
1.6089999675750732 -0.10700000077486038 1.4049999713897705 40.0
1.7359999418258667 -0.041999999433755875 1.402999997138977 41.0
1.8650000095367432 0.023000000044703484 1.4040000438690186 42.0
2.000999927520752 0.09399999678134918 1.3990000486373901 40.0
1.6130000352859497 -0.0729999989271164 1.402999997138977 40.0
1.7380000352859497 -0.003000000026077032 1.4010000228881836 40.0
1.8660000562667847 0.06499999761581421 1.4040000438690186 40.0
2.002000093460083 0.14100000262260437 1.4010000228881836 40.0
1.61899995803833 -0.03799999877810478 1.4040000438690186 41.0
1.7380000352859497 0.03400000184774399 1.399999976158142 41.0
1.86899995803833 0.1080000028014183 1.406000018119812 42.0
1.9930000305175781 0.18799999356269836 1.3960000276565552 37.0
1.6200000047683716 -0.004000000189989805 1.4019999504089355 37.0
1.746000051498413 0.07400000095367432 1.4049999713897705 39.0
1.8669999837875366 0.1509999930858612 1.4049999713897705 42.0
1.9930000305175781 0.23600000143051147 1.399999976158142 40.0
1.6260000467300415 0.03099999949336052 1.4040000438690186 40.0
1.7430000305175781 0.1120000034570694 1.4019999504089355 37.0
1.8639999628067017 0.1940000057220459 1.4040000438690186 42.0
1.9869999885559082 0.28200000524520874 1.3990000486373901 38.0
1.6269999742507935 0.06599999964237213 1.402999997138977 38.0
1.7430000305175781 0.1509999930858612 1.4019999504089355 39.0
1.8630000352859497 0.2370000034570694 1.406000018119812 44.0
1.9819999933242798 0.33000001311302185 1.3990000486373901 37.0
1.63100004196167 0.10100000351667404 1.4040000438690186 36.0
1.7410000562667847 0.1899999976158142 1.4010000228881836 39.0
1.8559999465942383 0.27900001406669617 1.402999997138977 40.0
1.9739999771118164 0.37599998712539673 1.399999976158142 38.0
1.6369999647140503 0.13699999451637268 1.409000039100647 40.0
1.7419999837875366 0.23000000417232513 1.402999997138977 37.0
1.8509999513626099 0.32199999690055847 1.4040000438690186 40.0
1.9670000076293945 0.4230000078678131 1.4010000228881836 37.0
1.6349999904632568 0.17299999296665192 1.406999945640564 41.0
1.7359999418258667 0.2680000066757202 1.399999976158142 38.0
1.850000023841858 0.3659999966621399 1.4079999923706055 39.0
1.9520000219345093 0.46799999475479126 1.3969999551773071 33.0
1.6339999437332153 0.20900000631809235 1.406000018119812 38.0
1.7359999418258667 0.30799999833106995 1.4040000438690186 33.0
1.8420000076293945 0.40799999237060547 1.406999945640564 39.0
1.9450000524520874 0.5149999856948853 1.399999976158142 38.0
1.6339999437332153 0.24500000476837158 1.406999945640564 37.0
1.7339999675750732 0.3479999899864197 1.406000018119812 37.0
1.8329999446868896 0.44999998807907104 1.406000018119812 40.0
1.9359999895095825 0.5609999895095825 1.4019999504089355 32.0
1.6319999694824219 0.2809999883174896 1.406000018119812 36.0
1.7269999980926514 0.3869999945163727 1.4040000438690186 41.0
1.8259999752044678 0.49300000071525574 1.4079999923706055 36.0
1.9229999780654907 0.6069999933242798 1.402999997138977 32.0
1.6269999742507935 0.31700000166893005 1.4040000438690186 36.0
1.722000002861023 0.4259999990463257 1.4049999713897705 37.0
1.8140000104904175 0.5339999794960022 1.406000018119812 34.0
1.902999997138977 0.6499999761581421 1.3990000486373901 29.0
1.625 0.3540000021457672 1.4049999713897705 38.0
1.715999960899353 0.4659999907016754 1.406000018119812 38.0
1.8049999475479126 0.5770000219345093 1.4079999923706055 35.0
1.8919999599456787 0.6949999928474426 1.4019999504089355 28.0
1.6200000047683716 0.38999998569488525 1.4040000438690186 41.0
1.7059999704360962 0.5040000081062317 1.4040000438690186 36.0
1.7929999828338623 0.6179999709129333 1.4079999923706055 33.0
1.875 0.7390000224113464 1.4019999504089355 28.0
1.6130000352859497 0.4259999990463257 1.4019999504089355 39.0
1.7000000476837158 0.5440000295639038 1.406999945640564 37.0
1.7799999713897705 0.6589999794960022 1.4079999923706055 33.0
1.8580000400543213 0.7829999923706055 1.402999997138977 27.0
1.6059999465942383 0.4620000123977661 1.399999976158142 40.0
1.687999963760376 0.5820000171661377 1.4049999713897705 35.0
1.7649999856948853 0.699999988079071 1.406999945640564 31.0
1.8359999656677246 0.8240000009536743 1.4010000228881836 24.0
1.6089999675750732 0.5009999871253967 1.4079999923706055 35.0
1.6759999990463257 0.6200000047683716 1.402999997138977 35.0
1.746999979019165 0.7400000095367432 1.406000018119812 30.0
1.819000005722046 0.8679999709129333 1.4040000438690186 22.0
1.6019999980926514 0.5379999876022339 1.4079999923706055 34.0
1.6699999570846558 0.6610000133514404 1.4079999923706055 32.0
1.7289999723434448 0.7789999842643738 1.4040000438690186 28.0
1.7940000295639038 0.9089999794960022 1.4010000228881836 24.0
1.5920000076293945 0.5740000009536743 1.406000018119812 34.0
1.6540000438690186 0.6980000138282776 1.4049999713897705 31.0
1.7100000381469727 0.8180000185966492 1.4019999504089355 25.0
1.7760000228881836 0.9520000219345093 1.4040000438690186 23.0
1.5820000171661377 0.6110000014305115 1.4049999713897705 32.0
1.6390000581741333 0.7360000014305115 1.4040000438690186 30.0
1.7000000476837158 0.8610000014305115 1.409000039100647 27.0
1.7519999742507935 0.9919999837875366 1.4040000438690186 22.0
1.5770000219345093 0.6489999890327454 1.4079999923706055 32.0
1.6260000467300415 0.7739999890327454 1.4049999713897705 29.0
1.6770000457763672 0.8980000019073486 1.4049999713897705 23.0
1.7300000190734863 1.0329999923706055 1.4049999713897705 21.0
1.5640000104904175 0.6840000152587891 1.406000018119812 32.0
1.6100000143051147 0.8109999895095825 1.4040000438690186 27.0
1.656999945640564 0.9359999895095825 1.4049999713897705 23.0
1.7000000476837158 1.069000005722046 1.4019999504089355 19.0
1.5529999732971191 0.7210000157356262 1.406000018119812 29.0
1.5980000495910645 0.8500000238418579 1.406999945640564 27.0
1.6399999856948853 0.9769999980926514 1.409000039100647 23.0
1.6749999523162842 1.1080000400543213 1.402999997138977 20.0
1.5420000553131104 0.7590000033378601 1.406999945640564 26.0
1.5789999961853027 0.8870000243186951 1.4049999713897705 25.0
1.6160000562667847 1.0130000114440918 1.406000018119812 21.0
1.649999976158142 1.1469999551773071 1.4040000438690186 22.0
1.5379999876022339 0.800000011920929 1.4149999618530273 14.0
1.565000057220459 0.925000011920929 1.4079999923706055 25.0
1.590000033378601 1.0479999780654907 1.4040000438690186 20.0
1.6230000257492065 1.184999942779541 1.4049999713897705 21.0
1.5149999856948853 0.8309999704360962 1.4049999713897705 18.0
1.5479999780654907 0.9629999995231628 1.409999966621399 16.0
1.569000005722046 1.0859999656677246 1.406000018119812 21.0
1.5889999866485596 1.2170000076293945 1.399999976158142 20.0
1.4989999532699585 0.8669999837875366 1.4040000438690186 25.0
1.5190000534057617 0.9940000176429749 1.4010000228881836 19.0
1.5479999780654907 1.1239999532699585 1.409000039100647 8.0
1.565999984741211 1.2569999694824219 1.406999945640564 13.0
1.4839999675750732 0.902999997138977 1.4049999713897705 23.0
1.503999948501587 1.031999945640564 1.4049999713897705 25.0
1.5180000066757202 1.156000018119812 1.4040000438690186 21.0
1.5360000133514404 1.2920000553131104 1.406999945640564 23.0
1.468000054359436 0.9390000104904175 1.4049999713897705 25.0
1.4819999933242798 1.0670000314712524 1.4040000438690186 25.0
1.496000051498413 1.194000005722046 1.4079999923706055 22.0
1.50600004196167 1.3270000219345093 1.4079999923706055 23.0
1.4509999752044678 0.9750000238418579 1.4049999713897705 23.0
1.4600000381469727 1.1019999980926514 1.4040000438690186 24.0
1.472000002861023 1.2300000190734863 1.409999966621399 23.0
1.4709999561309814 1.3569999933242798 1.406000018119812 25.0
1.437000036239624 1.0130000114440918 1.4079999923706055 26.0
1.4359999895095825 1.1360000371932983 1.402999997138977 24.0
1.440000057220459 1.2599999904632568 1.406000018119812 22.0
1.440000057220459 1.3910000324249268 1.406999945640564 19.0
1.4149999618530273 1.0460000038146973 1.4040000438690186 24.0
1.4119999408721924 1.1699999570846558 1.402999997138977 23.0
1.4170000553131104 1.2970000505447388 1.4110000133514404 24.0
1.406000018119812 1.4210000038146973 1.406000018119812 24.0
1.3969999551773071 1.0820000171661377 1.406000018119812 25.0
1.3880000114440918 1.2039999961853027 1.402999997138977 25.0
1.3830000162124634 1.3250000476837158 1.406000018119812 25.0
1.3730000257492065 1.4529999494552612 1.4079999923706055 27.0
1.375 1.1169999837875366 1.4049999713897705 26.0
1.3630000352859497 1.2369999885559082 1.402999997138977 26.0
1.3559999465942383 1.3589999675750732 1.409000039100647 25.0
1.340000033378601 1.4850000143051147 1.409999966621399 26.0
1.3550000190734863 1.1519999504089355 1.406000018119812 25.0
1.3389999866485596 1.2719999551773071 1.406000018119812 25.0
1.3259999752044678 1.3910000324249268 1.409999966621399 26.0
1.3020000457763672 1.5099999904632568 1.406999945640564 29.0
1.3329999446868896 1.1859999895095825 1.406000018119812 25.0
1.309999942779541 1.3020000457763672 1.402999997138977 24.0
1.2949999570846558 1.4220000505447388 1.4110000133514404 26.0
1.2669999599456787 1.5379999876022339 1.4079999923706055 29.0
1.309999942779541 1.2200000286102295 1.406000018119812 25.0
1.2879999876022339 1.3389999866485596 1.4079999923706055 27.0
1.2630000114440918 1.4509999752044678 1.409999966621399 26.0
1.2330000400543213 1.5679999589920044 1.4110000133514404 31.0
1.284999966621399 1.253999948501587 1.4049999713897705 26.0
1.2580000162124634 1.36899995803833 1.406999945640564 26.0
1.2330000400543213 1.4830000400543213 1.4140000343322754 30.0
1.1959999799728394 1.593999981880188 1.4119999408721924 33.0
1.2619999647140503 1.2890000343322754 1.406999945640564 25.0
1.2289999723434448 1.399999976158142 1.4079999923706055 28.0
1.1979999542236328 1.5089999437332153 1.4119999408721924 31.0
1.1579999923706055 1.61899995803833 1.4119999408721924 30.0
1.2369999885559082 1.3220000267028809 1.4079999923706055 30.0
1.2009999752044678 1.4320000410079956 1.409999966621399 29.0
1.1629999876022339 1.534000039100647 1.409999966621399 33.0
1.121000051498413 1.6440000534057617 1.4129999876022339 22.0
1.2089999914169312 1.3530000448226929 1.406999945640564 29.0
1.1699999570846558 1.4609999656677246 1.409000039100647 31.0
1.13100004196167 1.5640000104904175 1.4129999876022339 31.0
1.0809999704360962 1.6649999618530273 1.4119999408721924 18.0
1.1829999685287476 1.3860000371932983 1.4079999923706055 30.0
1.1369999647140503 1.4880000352859497 1.4079999923706055 31.0
1.097000002861023 1.590999960899353 1.4149999618530273 34.0
1.034999966621399 1.6749999523162842 1.4019999504089355 27.0
1.1540000438690186 1.4170000553131104 1.406999945640564 31.0
1.1069999933242798 1.5180000066757202 1.409999966621399 33.0
1.059000015258789 1.6139999628067017 1.4129999876022339 21.0
0.9959999918937683 1.6959999799728394 1.402999997138977 42.0
1.125 1.4490000009536743 1.406999945640564 31.0
1.0740000009536743 1.5449999570846558 1.409000039100647 35.0
1.0260000228881836 1.6419999599456787 1.4170000553131104 30.0
0.9599999785423279 1.722000002861023 1.4079999923706055 14.0
1.093999981880188 1.4769999980926514 1.4049999713897705 32.0
1.0399999618530273 1.5720000267028809 1.409000039100647 34.0
0.9900000095367432 1.6670000553131104 1.4190000295639038 33.0
0.921999990940094 1.746000051498413 1.4119999408721924 6.0
1.0640000104904175 1.5080000162124634 1.406000018119812 33.0
1.0069999694824219 1.600000023841858 1.4110000133514404 23.0
0.9509999752044678 1.687000036239624 1.4170000553131104 32.0
0.8889999985694885 1.7769999504089355 1.4229999780654907 6.0
1.034000039100647 1.5390000343322754 1.4079999923706055 31.0
0.9710000157356262 1.6230000257492065 1.409999966621399 33.0
0.9139999747276306 1.7109999656677246 1.4190000295639038 32.0
0.847000002861023 1.7929999828338623 1.4220000505447388 10.0
1.003000020980835 1.5709999799728394 1.409999966621399 34.0
0.9390000104904175 1.652999997138977 1.4140000343322754 34.0
0.8740000128746033 1.7269999980926514 1.4160000085830688 30.0
0.8040000200271606 1.8040000200271606 1.4179999828338623 14.0
0.9700000286102295 1.600000023841858 1.4110000133514404 24.0
0.9020000100135803 1.6770000457763672 1.4129999876022339 33.0
0.8339999914169312 1.7450000047683716 1.4149999618530273 26.0
0.7630000114440918 1.8209999799728394 1.4199999570846558 18.0
0.9359999895095825 1.6269999742507935 1.4110000133514404 33.0
0.8640000224113464 1.6979999542236328 1.4119999408721924 33.0
0.7950000166893005 1.7630000114440918 1.4140000343322754 19.0
0.718999981880188 1.8289999961853027 1.4160000085830688 18.0
0.9010000228881836 1.6549999713897705 1.4119999408721924 33.0
0.8270000219345093 1.7209999561309814 1.4129999876022339 33.0
0.7549999952316284 1.781000018119812 1.4140000343322754 8.0
0.6769999861717224 1.840000033378601 1.4149999618530273 30.0
0.8659999966621399 1.680999994277954 1.4119999408721924 30.0
0.7900000214576721 1.74399995803833 1.4140000343322754 32.0
0.7170000076293945 1.8009999990463257 1.4170000553131104 2.0
0.6349999904632568 1.8519999980926514 1.4160000085830688 28.0
0.8299999833106995 1.7070000171661377 1.4129999876022339 33.0
0.7490000128746033 1.7589999437332153 1.409999966621399 28.0
0.6779999732971191 1.8209999799728394 1.4210000038146973 6.0
0.5929999947547913 1.8619999885559082 1.4149999618530273 23.0
0.7919999957084656 1.7330000400543213 1.4129999876022339 32.0
0.7099999785423279 1.7769999504089355 1.409000039100647 20.0
0.6340000033378601 1.8270000219345093 1.4140000343322754 11.0
0.5429999828338623 1.8450000286102295 1.3949999809265137 68.0
0.7540000081062317 1.7549999952316284 1.4119999408721924 31.0
0.6690000295639038 1.7929999828338623 1.406999945640564 4.0
0.5920000076293945 1.840000033378601 1.4129999876022339 21.0
0.4819999933242798 1.781000018119812 1.340999960899353 150.0
0.7149999737739563 1.777999997138977 1.4119999408721924 27.0
0.6349999904632568 1.8289999961853027 1.4210000038146973 14.0
0.5120000243186951 1.722000002861023 1.312999963760376 150.0
0.4659999907016754 1.8890000581741333 1.4160000085830688 33.0
0.6759999990463257 1.8009999990463257 1.4129999876022339 4.0
0.5860000252723694 1.8200000524520874 1.4010000228881836 25.0
0.47699999809265137 1.74399995803833 1.3220000267028809 150.0
0.42399999499320984 1.8969999551773071 1.4170000553131104 21.0
0.6380000114440918 1.8309999704360962 1.4190000295639038 13.0
0.5080000162124634 1.7120000123977661 1.305999994277954 150.0
0.4690000116825104 1.8830000162124634 1.4190000295639038 32.0
0.0 0.0 0.0 0.0
0.5960000157356262 1.8480000495910645 1.4160000085830688 17.0
0.4749999940395355 1.7450000047683716 1.3209999799728394 150.0
0.4269999861717224 1.8910000324249268 1.4170000553131104 20.0
0.0 0.0 0.0 0.0
0.5329999923706055 1.7929999828338623 1.3600000143051147 126.0
0.46700000762939453 1.8860000371932983 1.4170000553131104 29.0
0.0 0.0 0.0 0.0
0.296999990940094 1.9079999923706055 1.4149999618530273 34.0
0.4959999918937683 1.8259999752044678 1.371000051498413 111.0
0.42500001192092896 1.9019999504089355 1.4190000295639038 20.0
0.3440000116825104 1.9210000038146973 1.4270000457763672 0.0
0.2549999952316284 1.9129999876022339 1.4170000553131104 33.0
0.4690000116825104 1.9040000438690186 1.4170000553131104 30.0
0.0 0.0 0.0 0.0
0.30000001192092896 1.9190000295639038 1.4199999570846558 31.0
0.21299999952316284 1.9160000085830688 1.4170000553131104 33.0
0.4259999990463257 1.9210000038146973 1.4160000085830688 18.0
0.3409999907016754 1.937999963760376 1.4279999732971191 1.0
0.25699999928474426 1.9259999990463257 1.4210000038146973 32.0
0.17100000381469727 1.9160000085830688 1.4170000553131104 34.0
0.0 0.0 0.0 0.0
0.29499998688697815 1.934999942779541 1.4179999828338623 31.0
0.21400000154972076 1.9290000200271606 1.4190000295639038 31.0
0.1289999932050705 1.9179999828338623 1.4179999828338623 35.0
0.33899998664855957 1.9609999656677246 1.4240000247955322 1.0
0.25200000405311584 1.9459999799728394 1.4199999570846558 31.0
0.17100000381469727 1.9329999685287476 1.4190000295639038 32.0
0.08699999749660492 1.9160000085830688 1.4179999828338623 33.0
0.2919999957084656 1.965000033378601 1.4170000553131104 29.0
0.2070000022649765 1.9529999494552612 1.4179999828338623 30.0
0.12800000607967377 1.9390000104904175 1.4210000038146973 35.0
0.04500000178813934 1.9129999876022339 1.4160000085830688 35.0
0.24699999392032623 1.9839999675750732 1.4210000038146973 31.0
0.16200000047683716 1.9589999914169312 1.4179999828338623 31.0
0.08500000089406967 1.940999984741211 1.4199999570846558 31.0
0.004000000189989805 1.9110000133514404 1.4170000553131104 34.0
0.20000000298023224 1.9919999837875366 1.4179999828338623 29.0
0.11800000071525574 1.9670000076293945 1.4190000295639038 33.0
0.04100000113248825 1.9429999589920044 1.4210000038146973 34.0
-0.035999998450279236 1.909999966621399 1.4190000295639038 33.0
0.15299999713897705 1.9980000257492065 1.4149999618530273 31.0
0.0729999989271164 1.9730000495910645 1.4199999570846558 34.0
-0.0010000000474974513 1.9390000104904175 1.4179999828338623 33.0
-0.07800000160932541 1.906999945640564 1.4199999570846558 34.0
0.10599999874830246 2.009999990463257 1.4179999828338623 31.0
0.02800000086426735 1.975000023841858 1.4179999828338623 34.0
-0.04399999976158142 1.9420000314712524 1.4199999570846558 35.0
-0.11599999666213989 1.8539999723434448 1.3849999904632568 77.0
0.05900000035762787 2.015000104904175 1.4149999618530273 29.0
-0.01600000075995922 1.9759999513626099 1.4170000553131104 35.0
-0.08699999749660492 1.9359999895095825 1.4170000553131104 33.0
-0.1420000046491623 1.6970000267028809 1.2710000276565552 3.0
0.010999999940395355 2.0230000019073486 1.4160000085830688 31.0
-0.06199999898672104 1.9819999933242798 1.4199999570846558 33.0
-0.11599999666213989 1.7330000400543213 1.2710000276565552 26.0
0.0 0.0 0.0 0.0
-0.035999998450279236 2.0299999713897705 1.4160000085830688 32.0
-0.10300000011920929 1.8980000019073486 1.3589999675750732 47.0
0.0 0.0 0.0 0.0
0.0 0.0 0.0 0.0
-0.08500000089406967 2.0339999198913574 1.4170000553131104 29.0
-0.13199999928474426 1.7170000076293945 1.2300000190734863 6.0
0.0 0.0 0.0 0.0
-0.18700000643730164 1.2549999952316284 0.9520000219345093 12.0
-0.11500000208616257 1.7660000324249268 1.2280000448226929 31.0
0.0 0.0 0.0 0.0
-0.17399999499320984 1.2970000505447388 0.9570000171661377 0.0
-0.2160000056028366 1.2619999647140503 0.9629999995231628 1.0
0.0 0.0 0.0 0.0
-0.16899999976158142 1.3669999837875366 0.9800000190734863 0.0
-0.20200000703334808 1.2890000343322754 0.9539999961853027 12.0
-0.23999999463558197 1.2410000562667847 0.9520000219345093 12.0
0.0 0.0 0.0 0.0
-0.1940000057220459 1.3250000476837158 0.9520000219345093 10.0
-0.23100000619888306 1.2869999408721924 0.9570000171661377 1.0
-0.2680000066757202 1.2450000047683716 0.9599999785423279 1.0
-0.18700000643730164 1.3609999418258667 0.9449999928474426 21.0
-0.22699999809265137 1.3350000381469727 0.9610000252723694 1.0
-0.25999999046325684 1.281000018119812 0.9559999704360962 13.0
-0.2919999957084656 1.225000023841858 0.9509999752044678 11.0
-0.22300000488758087 1.38100004196167 0.9589999914169312 1.0
-0.25600001215934753 1.3179999589920044 0.9520000219345093 11.0
-0.2879999876022339 1.274999976158142 0.9559999704360962 1.0
-0.32100000977516174 1.2309999465942383 0.9620000123977661 1.0
-0.2549999952316284 1.3669999837875366 0.9509999752044678 10.0
-0.2879999876022339 1.3229999542236328 0.9589999914169312 1.0
-0.3140000104904175 1.2589999437332153 0.9490000009536743 12.0
-0.34200000762939453 1.2059999704360962 0.949999988079071 8.0
-0.2879999876022339 1.3650000095367432 0.9509999752044678 11.0
-0.3160000145435333 1.305999994277954 0.949999988079071 10.0
-0.34599998593330383 1.2669999599456787 0.9610000252723694 1.0
0.0 0.0 0.0 0.0
-0.32199999690055847 1.3619999885559082 0.9520000219345093 10.0
-0.35100001096725464 1.3170000314712524 0.9620000123977661 1.0
-0.3700000047683716 1.246000051498413 0.9520000219345093 8.0
0.0 0.0 0.0 0.0
-0.35499998927116394 1.3569999933242798 0.9520000219345093 9.0
-0.3790000081062317 1.2999999523162842 0.9539999961853027 9.0
0.0 0.0 0.0 0.0
0.0 0.0 0.0 0.0
-0.3880000114440918 1.3509999513626099 0.9509999752044678 9.0
-0.40799999237060547 1.2910000085830688 0.9539999961853027 7.0
0.0 0.0 0.0 0.0
0.0 0.0 0.0 0.0
-0.42100000381469727 1.343000054359436 0.949999988079071 10.0
0.0 0.0 0.0 0.0
0.0 0.0 0.0 0.0
0.0 0.0 0.0 0.0
-0.44600000977516174 1.3140000104904175 0.9340000152587891 14.0
0.0 0.0 0.0 0.0
0.0 0.0 0.0 0.0
0.0 0.0 0.0 0.0
0.0 0.0 0.0 0.0
0.0 0.0 0.0 0.0
0.0 0.0 0.0 0.0
0.0 0.0 0.0 0.0
0.0 0.0 0.0 0.0
0.0 0.0 0.0 0.0
0.0 0.0 0.0 0.0
0.0 0.0 0.0 0.0
0.0 0.0 0.0 0.0
0.0 0.0 0.0 0.0
0.0 0.0 0.0 0.0
0.0 0.0 0.0 0.0
0.0 0.0 0.0 0.0
0.0 0.0 0.0 0.0
0.0 0.0 0.0 0.0
0.0 0.0 0.0 0.0
0.0 0.0 0.0 0.0
0.0 0.0 0.0 0.0
0.0 0.0 0.0 0.0
0.0 0.0 0.0 0.0
0.0 0.0 0.0 0.0
0.0 0.0 0.0 0.0
0.0 0.0 0.0 0.0
0.0 0.0 0.0 0.0
0.0 0.0 0.0 0.0
0.0 0.0 0.0 0.0
0.0 0.0 0.0 0.0
0.0 0.0 0.0 0.0
0.0 0.0 0.0 0.0
0.0 0.0 0.0 0.0
0.0 0.0 0.0 0.0
0.0 0.0 0.0 0.0
0.0 0.0 0.0 0.0
0.0 0.0 0.0 0.0
0.0 0.0 0.0 0.0
0.0 0.0 0.0 0.0
0.0 0.0 0.0 0.0
0.0 0.0 0.0 0.0
0.0 0.0 0.0 0.0
0.0 0.0 0.0 0.0
0.0 0.0 0.0 0.0
0.0 0.0 0.0 0.0
0.0 0.0 0.0 0.0
0.0 0.0 0.0 0.0
0.0 0.0 0.0 0.0
0.0 0.0 0.0 1.0
0.0 0.0 0.0 0.0
0.0 0.0 0.0 0.0
0.0 0.0 0.0 0.0
0.0 0.0 0.0 0.0
0.0 0.0 0.0 0.0
0.0 0.0 0.0 0.0
0.0 0.0 0.0 0.0
0.0 0.0 0.0 1.0
0.0 0.0 0.0 0.0
0.0 0.0 0.0 0.0
0.0 0.0 0.0 1.0
0.0 0.0 0.0 0.0
0.0 0.0 0.0 0.0
0.0 0.0 0.0 0.0
0.0 0.0 0.0 0.0
0.0 0.0 0.0 0.0
0.0 0.0 0.0 0.0
0.0 0.0 0.0 0.0
0.0 0.0 0.0 1.0
0.0 0.0 0.0 0.0
0.0 0.0 0.0 0.0
0.0 0.0 0.0 0.0
0.0 0.0 0.0 0.0
0.0 0.0 0.0 0.0
0.0 0.0 0.0 0.0
0.0 0.0 0.0 0.0
0.0 0.0 0.0 0.0
0.0 0.0 0.0 0.0
0.0 0.0 0.0 0.0
0.0 0.0 0.0 0.0
0.0 0.0 0.0 0.0
0.0 0.0 0.0 0.0
0.0 0.0 0.0 0.0
0.0 0.0 0.0 0.0
-1.6380000114440918 1.4980000257492065 1.4299999475479126 20.0
0.0 0.0 0.0 0.0
0.0 0.0 0.0 0.0
0.0 0.0 0.0 0.0
-1.6690000295639038 1.4550000429153442 1.4249999523162842 28.0
0.0 0.0 0.0 0.0
0.0 0.0 0.0 0.0
0.0 0.0 0.0 0.0
-1.7050000429153442 1.4160000085830688 1.4240000247955322 35.0
0.0 0.0 0.0 0.0
0.0 0.0 0.0 0.0
0.0 0.0 0.0 0.0
-1.7400000095367432 1.3760000467300415 1.4229999780654907 36.0
-1.6330000162124634 1.2869999408721924 1.4249999523162842 20.0
0.0 0.0 0.0 0.0
0.0 0.0 0.0 0.0
-1.7760000228881836 1.3359999656677246 1.4240000247955322 39.0
-1.6679999828338623 1.253999948501587 1.4290000200271606 28.0
0.0 0.0 0.0 0.0
0.0 0.0 0.0 0.0
-1.8109999895095825 1.2960000038146973 1.4249999523162842 36.0
-1.6920000314712524 1.2120000123977661 1.4240000247955322 36.0
0.0 0.0 0.0 0.0
0.0 0.0 0.0 0.0
-1.843999981880188 1.2549999952316284 1.4249999523162842 36.0
-1.725000023841858 1.1759999990463257 1.4279999732971191 44.0
0.0 0.0 0.0 0.0
0.0 0.0 0.0 0.0
-1.8730000257492065 1.2100000381469727 1.4229999780654907 36.0
-1.746999979019165 1.1339999437332153 1.4229999780654907 38.0
-1.6330000162124634 1.065999984741211 1.4229999780654907 21.0
0.0 0.0 0.0 0.0
-1.902999997138977 1.1660000085830688 1.4229999780654907 37.0
-1.7790000438690186 1.097000002861023 1.4270000457763672 43.0
-1.659999966621399 1.031999945640564 1.4249999523162842 21.0
0.0 0.0 0.0 0.0
-1.930999994277954 1.121000051498413 1.4220000505447388 36.0
-1.8029999732971191 1.055999994277954 1.4249999523162842 44.0
-1.680999994277954 0.9950000047683716 1.4240000247955322 28.0
0.0 0.0 0.0 0.0
-1.9609999656677246 1.0759999752044678 1.4229999780654907 39.0
-1.8309999704360962 1.0169999599456787 1.4279999732971191 41.0
-1.7029999494552612 0.9580000042915344 1.4240000247955322 35.0
0.0 0.0 0.0 0.0
-1.9900000095367432 1.031999945640564 1.4249999523162842 36.0
-1.8550000190734863 0.9750000238418579 1.4270000457763672 40.0
-1.718000054359436 0.9169999957084656 1.4190000295639038 40.0
0.0 0.0 0.0 0.0
-2.0139999389648438 0.9829999804496765 1.4220000505447388 35.0
-1.878000020980835 0.9330000281333923 1.4279999732971191 40.0
-1.74399995803833 0.8830000162124634 1.4229999780654907 37.0
-1.61899995803833 0.8399999737739563 1.4279999732971191 23.0
-2.0409998893737793 0.9369999766349792 1.4240000247955322 38.0
-1.902999997138977 0.8920000195503235 1.4290000200271606 44.0
-1.7649999856948853 0.8450000286102295 1.4240000247955322 38.0
-1.6380000114440918 0.8069999814033508 1.4290000200271606 22.0
-2.061000108718872 0.8880000114440918 1.4220000505447388 33.0
-1.9179999828338623 0.8460000157356262 1.4249999523162842 41.0
-1.781000018119812 0.8050000071525574 1.4220000505447388 39.0
-1.6549999713897705 0.7730000019073486 1.4290000200271606 22.0
-2.0859999656677246 0.8399999737739563 1.4229999780654907 36.0
-1.940999984741211 0.8040000200271606 1.4279999732971191 34.0
-1.8040000200271606 0.7689999938011169 1.4259999990463257 36.0
-1.6640000343322754 0.7360000014305115 1.4240000247955322 25.0
-2.111999988555908 0.7929999828338623 1.4270000457763672 36.0
-1.9589999914169312 0.7590000033378601 1.4259999990463257 39.0
-1.815999984741211 0.7269999980926514 1.4220000505447388 37.0
-1.6820000410079956 0.7020000219345093 1.4259999990463257 29.0
-2.130000114440918 0.7429999709129333 1.4259999990463257 35.0
-1.9759999513626099 0.7139999866485596 1.4259999990463257 36.0
-1.8359999656677246 0.6890000104904175 1.4249999523162842 26.0
-1.7000000476837158 0.6679999828338623 1.4279999732971191 18.0
-2.1459999084472656 0.6919999718666077 1.4249999523162842 36.0
-1.9950000047683716 0.6700000166893005 1.4270000457763672 27.0
-1.8559999465942383 0.6499999761581421 1.4279999732971191 14.0
-1.7209999561309814 0.6349999904632568 1.434000015258789 9.0
-2.1619999408721924 0.640999972820282 1.4240000247955322 30.0
-2.01200008392334 0.625 1.4279999732971191 27.0
-1.878000020980835 0.6119999885559082 1.4329999685287476 3.0
0.0 0.0 0.0 0.0
-2.174999952316284 0.5879999995231628 1.4220000505447388 5.0
-2.0260000228881836 0.5789999961853027 1.4270000457763672 14.0
0.0 0.0 0.0 0.0
0.0 0.0 0.0 0.0
0.0 0.0 0.0 0.0
0.0 0.0 0.0 0.0
0.0 0.0 0.0 0.0
0.0 0.0 0.0 0.0
0.0 0.0 0.0 0.0
0.0 0.0 0.0 0.0
0.0 0.0 0.0 0.0
0.0 0.0 0.0 0.0
0.0 0.0 0.0 0.0
0.0 0.0 0.0 0.0
0.0 0.0 0.0 0.0
0.0 0.0 0.0 0.0
0.0 0.0 0.0 0.0
0.0 0.0 0.0 0.0
0.0 0.0 0.0 0.0
0.0 0.0 0.0 0.0
0.0 0.0 0.0 0.0
0.0 0.0 0.0 0.0
0.0 0.0 0.0 0.0
0.0 0.0 0.0 0.0
0.0 0.0 0.0 0.0
0.0 0.0 0.0 0.0
0.0 0.0 0.0 0.0
0.0 0.0 0.0 0.0
0.0 0.0 0.0 0.0
0.0 0.0 0.0 0.0
0.0 0.0 0.0 0.0
0.0 0.0 0.0 0.0
0.0 0.0 0.0 0.0
0.0 0.0 0.0 0.0
0.0 0.0 0.0 0.0
0.0 0.0 0.0 0.0
0.0 0.0 0.0 0.0
0.0 0.0 0.0 0.0
0.0 0.0 0.0 0.0
0.0 0.0 0.0 0.0
0.0 0.0 0.0 0.0
0.0 0.0 0.0 0.0
0.0 0.0 0.0 0.0
0.0 0.0 0.0 0.0
0.0 0.0 0.0 0.0
0.0 0.0 0.0 0.0
0.0 0.0 0.0 0.0
0.0 0.0 0.0 0.0
0.0 0.0 0.0 0.0
0.0 0.0 0.0 0.0
0.0 0.0 0.0 0.0
0.0 0.0 0.0 0.0
-2.2799999713897705 -0.0949999988079071 1.4359999895095825 2.0
0.0 0.0 0.0 0.0
0.0 0.0 0.0 0.0
0.0 0.0 0.0 0.0
0.0 0.0 0.0 0.0
0.0 0.0 0.0 0.0
0.0 0.0 0.0 0.0
0.0 0.0 0.0 0.0
0.0 0.0 0.0 0.0
0.0 0.0 0.0 0.0
0.0 0.0 0.0 0.0
0.0 0.0 0.0 0.0
0.0 0.0 0.0 0.0
0.0 0.0 0.0 0.0
0.0 0.0 0.0 0.0
0.0 0.0 0.0 0.0
0.0 0.0 0.0 0.0
0.0 0.0 0.0 0.0
0.0 0.0 0.0 0.0
0.0 0.0 0.0 0.0
0.0 0.0 0.0 0.0
0.0 0.0 0.0 0.0
0.0 0.0 0.0 0.0
0.0 0.0 0.0 0.0
0.0 0.0 0.0 0.0
0.0 0.0 0.0 0.0
0.0 0.0 0.0 0.0
0.0 0.0 0.0 0.0
0.0 0.0 0.0 0.0
0.0 0.0 0.0 0.0
0.0 0.0 0.0 0.0
0.0 0.0 0.0 0.0
0.0 0.0 0.0 0.0
0.0 0.0 0.0 0.0
0.0 0.0 0.0 0.0
0.0 0.0 0.0 0.0
0.0 0.0 0.0 0.0
0.0 0.0 0.0 0.0
0.0 0.0 0.0 0.0
0.0 0.0 0.0 0.0
0.0 0.0 0.0 0.0
0.0 0.0 0.0 0.0
0.0 0.0 0.0 0.0
0.0 0.0 0.0 0.0
-1.4700000286102295 -0.4519999921321869 0.9700000286102295 1.0
0.0 0.0 0.0 0.0
0.0 0.0 0.0 0.0
0.0 0.0 0.0 0.0
-1.4420000314712524 -0.47999998927116394 0.9599999785423279 2.0
-1.4759999513626099 -0.4399999976158142 1.031000018119812 30.0
0.0 0.0 0.0 0.0
0.0 0.0 0.0 0.0
-1.4049999713897705 -0.5040000081062317 0.9430000185966492 2.0
-1.4579999446868896 -0.47099998593330383 1.0260000228881836 30.0
0.0 0.0 0.0 0.0
0.0 0.0 0.0 0.0
-1.3799999952316284 -0.531000018119812 0.9350000023841858 2.0
-1.437000036239624 -0.5 1.0180000066757202 20.0
0.0 0.0 0.0 0.0
0.0 0.0 0.0 0.0
-1.3869999647140503 -0.5709999799728394 0.9490000009536743 1.0
-1.399999976158142 -0.5230000019073486 1.0 7.0
-1.409000039100647 -0.47200000286102295 1.0490000247955322 18.0
0.0 0.0 0.0 0.0
-1.4730000495910645 -0.6470000147819519 1.0190000534057617 28.0
-1.4079999923706055 -0.5630000233650208 1.0140000581741333 3.0
-1.4010000228881836 -0.5040000081062317 1.0490000247955322 49.0
0.0 0.0 0.0 0.0
-1.4579999446868896 -0.6809999942779541 1.0199999809265137 40.0
-1.4179999828338623 -0.6039999723434448 1.0299999713897705 24.0
-1.3910000324249268 -0.5350000262260437 1.0499999523162842 47.0
0.0 0.0 0.0 0.0
-1.4589999914169312 -0.722000002861023 1.0329999923706055 32.0
-1.4279999732971191 -0.6470000147819519 1.0470000505447388 42.0
-1.4040000438690186 -0.5759999752044678 1.0670000314712524 8.0
-1.3289999961853027 -0.47999998927116394 1.0509999990463257 0.0
-1.4889999628067017 -0.7799999713897705 1.0670000314712524 5.0
-1.468000054359436 -0.7059999704360962 1.0880000591278076 72.0
-1.4450000524520874 -0.6309999823570251 1.1069999933242798 7.0
-1.2949999570846558 -0.49900001287460327 1.0299999713897705 0.0
-1.965000033378601 -1.0880000591278076 1.4259999990463257 34.0
-1.8880000114440918 -0.9610000252723694 1.4140000343322754 15.0
-1.4759999513626099 -0.6840000152587891 1.1410000324249268 2.0
-1.7879999876022339 -0.7350000143051147 1.430999994277954 17.0
-1.940000057220459 -1.1319999694824219 1.4270000457763672 33.0
-1.8849999904632568 -1.0130000114440918 1.4279999732971191 38.0
0.0 0.0 0.0 0.0
-1.753000020980835 -0.765999972820282 1.4129999876022339 13.0
-1.9129999876022339 -1.1770000457763672 1.4290000200271606 33.0
-1.8639999628067017 -1.055999994277954 1.4290000200271606 40.0
-1.8200000524520874 -0.9440000057220459 1.434000015258789 1.0
-1.753999948501587 -0.8130000233650208 1.4240000247955322 29.0
-1.8860000371932983 -1.2200000286102295 1.4299999475479126 33.0
-1.8380000591278076 -1.097000002861023 1.4279999732971191 39.0
-1.7910000085830688 -0.9800000190734863 1.4249999523162842 35.0
-1.7369999885559082 -0.8510000109672546 1.4210000038146973 5.0
-1.8569999933242798 -1.2619999647140503 1.430999994277954 31.0
-1.812000036239624 -1.1380000114440918 1.4259999990463257 37.0
-1.7690000534057617 -1.0199999809265137 1.4240000247955322 35.0
0.0 0.0 0.0 0.0
-1.8240000009536743 -1.3009999990463257 1.4290000200271606 33.0
-1.7899999618530273 -1.180999994277954 1.4290000200271606 37.0
-1.7480000257492065 -1.059999942779541 1.4229999780654907 33.0
0.0 0.0 0.0 0.0
-1.7929999828338623 -1.3420000076293945 1.4290000200271606 34.0
-1.7630000114440918 -1.2209999561309814 1.4279999732971191 36.0
-1.7259999513626099 -1.100000023841858 1.4220000505447388 31.0
-1.6970000267028809 -0.9760000109672546 1.4259999990463257 25.0
-1.7589999437332153 -1.3799999952316284 1.4279999732971191 28.0
-1.7350000143051147 -1.2599999904632568 1.4279999732971191 31.0
-1.7039999961853027 -1.1399999856948853 1.4229999780654907 30.0
-1.6770000457763672 -1.0140000581741333 1.4229999780654907 23.0
-1.7269999980926514 -1.4199999570846558 1.4299999475479126 25.0
-1.7089999914169312 -1.3009999990463257 1.4299999475479126 27.0
-1.6749999523162842 -1.1759999990463257 1.4170000553131104 24.0
-1.659000039100647 -1.0540000200271606 1.4240000247955322 22.0
-1.6950000524520874 -1.4589999914169312 1.430999994277954 21.0
-1.6740000247955322 -1.3350000381469727 1.4249999523162842 20.0
-1.6460000276565552 -1.2109999656677246 1.4140000343322754 22.0
0.0 0.0 0.0 0.0
-1.6469999551773071 -1.4839999675750732 1.4199999570846558 14.0
-1.6380000114440918 -1.3669999837875366 1.4199999570846558 14.0
0.0 0.0 0.0 0.0
0.0 0.0 0.0 0.0
0.0 0.0 0.0 0.0
0.0 0.0 0.0 0.0
0.0 0.0 0.0 0.0
0.0 0.0 0.0 0.0
0.0 0.0 0.0 0.0
0.0 0.0 0.0 0.0
0.0 0.0 0.0 0.0
0.0 0.0 0.0 0.0
0.0 0.0 0.0 1.0
0.0 0.0 0.0 0.0
0.0 0.0 0.0 0.0
0.0 0.0 0.0 0.0
0.0 0.0 0.0 0.0
0.0 0.0 0.0 0.0
0.0 0.0 0.0 0.0
0.0 0.0 0.0 0.0
0.0 0.0 0.0 1.0
0.0 0.0 0.0 0.0
0.0 0.0 0.0 0.0
0.0 0.0 0.0 0.0
0.0 0.0 0.0 0.0
0.0 0.0 0.0 0.0
0.0 0.0 0.0 0.0
0.0 0.0 0.0 0.0
0.0 0.0 0.0 1.0
0.0 0.0 0.0 1.0
0.0 0.0 0.0 0.0
0.0 0.0 0.0 0.0
0.0 0.0 0.0 0.0
0.0 0.0 0.0 0.0
0.0 0.0 0.0 0.0
0.0 0.0 0.0 0.0
0.0 0.0 0.0 1.0
0.0 0.0 0.0 1.0
0.0 0.0 0.0 1.0
0.0 0.0 0.0 1.0
0.0 0.0 0.0 0.0
0.0 0.0 0.0 0.0
0.0 0.0 0.0 0.0
0.0 0.0 0.0 0.0
0.0 0.0 0.0 1.0
0.0 0.0 0.0 0.0
0.0 0.0 0.0 1.0
0.0 0.0 0.0 1.0
0.0 0.0 0.0 0.0
0.0 0.0 0.0 0.0
0.0 0.0 0.0 0.0
0.0 0.0 0.0 0.0
0.0 0.0 0.0 0.0
0.0 0.0 0.0 0.0
0.0 0.0 0.0 1.0
0.0 0.0 0.0 1.0
0.0 0.0 0.0 0.0
0.0 0.0 0.0 0.0
0.0 0.0 0.0 0.0
0.0 0.0 0.0 0.0
0.0 0.0 0.0 0.0
0.0 0.0 0.0 0.0
0.0 0.0 0.0 0.0
0.0 0.0 0.0 1.0
0.0 0.0 0.0 0.0
0.0 0.0 0.0 0.0
0.0 0.0 0.0 0.0
0.0 0.0 0.0 0.0
0.0 0.0 0.0 0.0
0.0 0.0 0.0 0.0
0.0 0.0 0.0 0.0
0.0 0.0 0.0 0.0
0.0 0.0 0.0 0.0
0.0 0.0 0.0 0.0
0.0 0.0 0.0 0.0
0.0 0.0 0.0 0.0
0.0 0.0 0.0 0.0
0.0 0.0 0.0 0.0
0.0 0.0 0.0 0.0
0.0 0.0 0.0 0.0
0.0 0.0 0.0 0.0
0.0 0.0 0.0 0.0
0.0 0.0 0.0 0.0
0.0 0.0 0.0 0.0
0.0 0.0 0.0 0.0
0.0 0.0 0.0 0.0
0.0 0.0 0.0 0.0
0.0 0.0 0.0 0.0
-0.6489999890327454 -1.7929999828338623 1.2510000467300415 35.0
0.0 0.0 0.0 0.0
0.0 0.0 0.0 0.0
0.0 0.0 0.0 0.0
-0.6069999933242798 -1.7999999523162842 1.2480000257492065 44.0
0.0 0.0 0.0 0.0
0.0 0.0 0.0 0.0
0.0 0.0 0.0 0.0
-0.5649999976158142 -1.805999994277954 1.24399995803833 48.0
-0.6330000162124634 -1.7949999570846558 1.253000020980835 37.0
0.0 0.0 0.0 0.0
0.0 0.0 0.0 0.0
-0.5220000147819519 -1.8049999475479126 1.2369999885559082 45.0
-0.5910000205039978 -1.8040000200271606 1.2489999532699585 42.0
0.0 0.0 0.0 0.0
0.0 0.0 0.0 0.0
-0.48100000619888306 -1.8109999895095825 1.2339999675750732 44.0
-0.546999990940094 -1.8049999475479126 1.2400000095367432 48.0
-0.6159999966621399 -1.8040000200271606 1.253000020980835 45.0
0.0 0.0 0.0 0.0
-0.4390000104904175 -1.809999942779541 1.2280000448226929 46.0
-0.5040000081062317 -1.8079999685287476 1.2339999675750732 44.0
-0.5699999928474426 -1.8040000200271606 1.2410000562667847 44.0
-0.6460000276565552 -1.7940000295639038 1.25 34.0
-0.39800000190734863 -1.8109999895095825 1.2239999771118164 51.0
-0.4620000123977661 -1.812000036239624 1.2280000448226929 45.0
-0.5270000100135803 -1.809000015258789 1.2330000400543213 47.0
-0.6010000109672546 -1.7979999780654907 1.2380000352859497 48.0
-0.3569999933242798 -1.815999984741211 1.2230000495910645 50.0
-0.4189999997615814 -1.8109999895095825 1.2200000286102295 49.0
-0.4830000102519989 -1.8079999685287476 1.222000002861023 50.0
-0.5559999942779541 -1.8029999732971191 1.2280000448226929 45.0
0.0 0.0 0.0 0.0
-0.3779999911785126 -1.815000057220459 1.215999960899353 50.0
-0.4410000145435333 -1.8170000314712524 1.218999981880188 50.0
-0.5109999775886536 -1.8049999475479126 1.215000033378601 43.0
-0.1340000033378601 -0.8809999823570251 0.5899999737739563 17.0
0.0 0.0 0.0 0.0
-0.39500001072883606 -1.8070000410079956 1.2029999494552612 52.0
-0.46700000762939453 -1.8109999895095825 1.2079999446868896 44.0
-0.1120000034570694 -0.8669999837875366 0.5789999961853027 21.0
-0.1459999978542328 -0.8999999761581421 0.597000002861023 8.0
-0.3529999852180481 -1.8109999895095825 1.1970000267028809 51.0
-0.421999990940094 -1.8140000104904175 1.1979999542236328 49.0
-0.09200000017881393 -0.8519999980926514 0.5680000185966492 22.0
-0.12099999934434891 -0.8700000047683716 0.574999988079071 11.0
0.0 0.0 0.0 0.0
-0.37700000405311584 -1.809999942779541 1.184000015258789 52.0
-0.0729999989271164 -0.8489999771118164 0.5649999976158142 22.0
-0.10100000351667404 -0.8669999837875366 0.5709999799728394 11.0
-0.13099999725818634 -0.8859999775886536 0.5789999961853027 10.0
0.0 0.0 0.0 0.0
-0.05400000140070915 -0.843999981880188 0.5619999766349792 22.0
-0.08100000023841858 -0.8600000143051147 0.5649999976158142 11.0
-0.10899999737739563 -0.8759999871253967 0.5690000057220459 10.0
-0.14399999380111694 -0.902999997138977 0.5809999704360962 9.0
-0.03500000014901161 -0.8379999995231628 0.5580000281333923 21.0
-0.061000000685453415 -0.8529999852180481 0.5590000152587891 14.0
-0.08799999952316284 -0.8679999709129333 0.5609999895095825 11.0
-0.11900000274181366 -0.8790000081062317 0.5619999766349792 17.0
-0.017000000923871994 -0.8339999914169312 0.5550000071525574 21.0
-0.041999999433755875 -0.8460000157356262 0.5529999732971191 14.0
-0.06700000166893005 -0.8579999804496765 0.5519999861717224 12.0
-0.09700000286102295 -0.871999979019165 0.5529999732971191 20.0
0.0 -0.8299999833106995 0.5529999732971191 21.0
-0.023000000044703484 -0.8420000076293945 0.550000011920929 14.0
-0.04699999839067459 -0.8529999852180481 0.546999990940094 13.0
-0.07599999755620956 -0.8709999918937683 0.5490000247955322 20.0
0.017000000923871994 -0.8240000009536743 0.5490000247955322 21.0
-0.004000000189989805 -0.8349999785423279 0.5450000166893005 14.0
-0.02800000086426735 -0.843999981880188 0.5400000214576721 14.0
-0.054999999701976776 -0.8560000061988831 0.5370000004768372 21.0
0.03500000014901161 -0.8209999799728394 0.5479999780654907 21.0
0.013000000268220901 -0.8320000171661377 0.5419999957084656 15.0
-0.00800000037997961 -0.8389999866485596 0.5350000262260437 14.0
-0.03400000184774399 -0.8560000061988831 0.5339999794960022 21.0
0.05299999937415123 -0.8199999928474426 0.5479999780654907 21.0
0.03099999949336052 -0.8289999961853027 0.5400000214576721 15.0
0.009999999776482582 -0.8370000123977661 0.5329999923706055 15.0
-0.014000000432133675 -0.8510000109672546 0.5289999842643738 21.0
0.07000000029802322 -0.8209999799728394 0.5509999990463257 21.0
0.05000000074505806 -0.8259999752044678 0.5379999876022339 16.0
0.028999999165534973 -0.8320000171661377 0.5289999842643738 14.0
0.004999999888241291 -0.8460000157356262 0.5239999890327454 21.0
0.08799999952316284 -0.8230000138282776 0.5529999732971191 21.0
0.06800000369548798 -0.8299999833106995 0.5410000085830688 15.0
0.04800000041723251 -0.8299999833106995 0.5270000100135803 14.0
0.02500000037252903 -0.8460000157356262 0.5220000147819519 21.0
0.10599999874830246 -0.824999988079071 0.5559999942779541 21.0
0.08699999749660492 -0.828000009059906 0.5410000085830688 15.0
0.06700000166893005 -0.8330000042915344 0.527999997138977 15.0
0.04500000178813934 -0.8429999947547913 0.5189999938011169 21.0
0.12399999797344208 -0.8220000267028809 0.5559999942779541 18.0
0.10499999672174454 -0.8270000219345093 0.5410000085830688 14.0
0.08699999749660492 -0.8320000171661377 0.527999997138977 15.0
0.06499999761581421 -0.8429999947547913 0.5170000195503235 21.0
0.14399999380111694 -0.8349999785423279 0.5669999718666077 13.0
0.125 -0.8349999785423279 0.546999990940094 12.0
0.10599999874830246 -0.8309999704360962 0.5270000100135803 15.0
0.0860000029206276 -0.8420000076293945 0.515999972820282 21.0
0.1679999977350235 -0.8650000095367432 0.5899999737739563 8.0
0.14499999582767487 -0.8399999737739563 0.5529999732971191 10.0
0.12600000202655792 -0.8389999866485596 0.5329999923706055 12.0
0.10599999874830246 -0.8410000205039978 0.5149999856948853 21.0
0.21400000154972076 -0.9829999804496765 0.6740000247955322 0.0
0.17000000178813934 -0.8679999709129333 0.5720000267028809 7.0
0.14800000190734863 -0.8479999899864197 0.5389999747276306 10.0
0.12700000405311584 -0.8450000286102295 0.5170000195503235 15.0
0.42800000309944153 -1.7860000133514404 1.2309999465942383 4.0
0.21400000154972076 -0.9769999980926514 0.6470000147819519 4.0
0.1720000058412552 -0.8700000047683716 0.5540000200271606 7.0
0.14900000393390656 -0.8560000061988831 0.5239999890327454 11.0
0.49000000953674316 -1.8650000095367432 1.2940000295639038 44.0
0.23100000619888306 -0.9549999833106995 0.6349999904632568 5.0
0.20100000500679016 -0.9039999842643738 0.5770000219345093 6.0
0.17399999499320984 -0.875 0.5360000133514404 10.0
0.5320000052452087 -1.8639999628067017 1.3009999990463257 46.0
0.2590000033378601 -0.9760000109672546 0.6520000100135803 6.0
0.23000000417232513 -0.9340000152587891 0.5989999771118164 5.0
0.2029999941587448 -0.906000018119812 0.5559999942779541 7.0
0.5759999752044678 -1.8680000305175781 1.312000036239624 44.0
0.28999999165534973 -1.003999948501587 0.6740000247955322 4.0
0.2619999945163727 -0.9679999947547913 0.621999979019165 5.0
0.2370000034570694 -0.9480000138282776 0.5820000171661377 5.0
0.41999998688697815 -1.2660000324249268 0.8949999809265137 26.0
0.5879999995231628 -1.8739999532699585 1.2649999856948853 9.0
0.296999990940094 -1.0049999952316284 0.6489999890327454 4.0
0.27000001072883606 -0.9819999933242798 0.6050000190734863 5.0
0.4560000002384186 -1.281000018119812 0.9129999876022339 6.0
0.42800000309944153 -1.2649999856948853 0.8600000143051147 33.0
0.0 0.0 0.0 0.0
0.3089999854564667 -1.027999997138977 0.6349999904632568 3.0
0.5830000042915344 -1.5360000133514404 1.1039999723434448 66.0
0.5070000290870667 -1.3969999551773071 0.9559999704360962 10.0
0.4390000104904175 -1.2680000066757202 0.8270000219345093 36.0
0.4230000078678131 -1.2899999618530273 0.8009999990463257 2.0
0.5950000286102295 -1.472000002861023 1.0670000314712524 21.0
0.5979999899864197 -1.5410000085830688 1.062000036239624 54.0
0.5910000205039978 -1.5870000123977661 1.0420000553131104 6.0
0.4490000009536743 -1.2669999599456787 0.7900000214576721 37.0
0.6150000095367432 -1.4329999685287476 1.0479999780654907 10.0
0.6159999966621399 -1.4889999628067017 1.034000039100647 10.0
0.6309999823570251 -1.5820000171661377 1.0460000038146973 5.0
0.6309999823570251 -1.6540000438690186 1.0369999408721924 0.0
0.6420000195503235 -1.4119999408721924 1.0429999828338623 5.0
0.6520000100135803 -1.4809999465942383 1.0369999408721924 8.0
0.6669999957084656 -1.565999984741211 1.0429999828338623 7.0
0.671999990940094 -1.6419999599456787 1.0360000133514404 3.0
0.6690000295639038 -1.3949999809265137 1.0399999618530273 6.0
0.6859999895095825 -1.468999981880188 1.0379999876022339 6.0
0.0 0.0 0.0 0.0
0.6499999761581421 -1.4839999675750732 0.9430000185966492 3.0
0.699999988079071 -1.3830000162124634 1.0420000553131104 2.0
0.0 0.0 0.0 0.0
0.6970000267028809 -1.4490000009536743 0.9810000061988831 0.0
0.6890000104904175 -1.4759999513626099 0.9449999928474426 11.0
0.6809999942779541 -1.277999997138977 0.9739999771118164 2.0
0.6710000038146973 -1.2869999408721924 0.9269999861717224 1.0
0.7110000252723694 -1.3930000066757202 0.9520000219345093 3.0
0.7229999899864197 -1.4559999704360962 0.9390000104904175 10.0
0.7080000042915344 -1.2630000114440918 0.9729999899864197 5.0
0.6850000023841858 -1.2450000047683716 0.906000018119812 8.0
0.7089999914169312 -1.312999963760376 0.906000018119812 5.0
0.0 0.0 0.0 0.0
0.7160000205039978 -1.2170000076293945 0.9490000009536743 7.0
0.7210000157356262 -1.2430000305175781 0.9160000085830688 11.0
0.7149999737739563 -1.253999948501587 0.875 14.0
0.8040000200271606 -1.440999984741211 0.9470000267028809 0.0
0.7409999966621399 -1.1990000009536743 0.9470000267028809 7.0
0.7710000276565552 -1.2660000324249268 0.9440000057220459 7.0
0.7549999952316284 -1.25600004196167 0.8859999775886536 0.0
0.7350000143051147 -1.246000051498413 0.8270000219345093 1.0
0.7739999890327454 -1.1959999799728394 0.9570000171661377 3.0
0.7739999890327454 -1.2079999446868896 0.9120000004768372 21.0
0.7710000276565552 -1.218999981880188 0.8709999918937683 9.0
0.7699999809265137 -1.2359999418258667 0.8299999833106995 0.0
0.781000018119812 -1.152999997138977 0.9359999895095825 7.0
0.7820000052452087 -1.1629999876022339 0.8899999856948853 24.0
0.7789999842643738 -1.1699999570846558 0.8460000157356262 19.0
0.0 0.0 0.0 0.0
0.7850000262260437 -1.1080000400543213 0.9110000133514404 5.0
0.7910000085830688 -1.1230000257492065 0.8709999918937683 0.0
0.0 0.0 0.0 0.0
0.0 0.0 0.0 0.0
0.8159999847412109 -1.1019999980926514 0.9200000166893005 7.0
0.8100000023841858 -1.0980000495910645 0.8640000224113464 4.0
0.0 0.0 0.0 0.0
0.0 0.0 0.0 0.0
0.8399999737739563 -1.0850000381469727 0.9200000166893005 21.0
0.8560000061988831 -1.1069999933242798 0.8859999775886536 5.0
0.8659999966621399 -1.1239999532699585 0.8489999771118164 3.0
0.0 0.0 0.0 0.0
0.8679999709129333 -1.0740000009536743 0.9259999990463257 8.0
0.8730000257492065 -1.0789999961853027 0.8769999742507935 34.0
0.8939999938011169 -1.1059999465942383 0.8489999771118164 10.0
0.0 0.0 0.0 0.0
0.9010000228881836 -1.0670000314712524 0.9359999895095825 29.0
0.9440000057220459 -1.1150000095367432 0.921999990940094 0.0
0.9430000185966492 -1.1119999885559082 0.8690000176429749 0.0
0.0 0.0 0.0 0.0
0.0 0.0 0.0 0.0
1.0019999742507935 -1.1330000162124634 0.9539999961853027 5.0
1.2740000486373901 -1.434999942779541 1.1410000324249268 50.0
1.2710000276565552 -1.4320000410079956 1.069000005722046 60.0
1.031999945640564 -1.1239999532699585 1.0210000276565552 11.0
1.0260000228881836 -1.1089999675750732 0.9509999752044678 5.0
1.2799999713897705 -1.3760000467300415 1.1150000095367432 49.0
1.277999997138977 -1.371999979019165 1.0440000295639038 51.0
1.0529999732971191 -1.0989999771118164 1.0180000066757202 11.0
1.246000051498413 -1.2879999876022339 1.1269999742507935 97.0
1.2799999713897705 -1.3140000104904175 1.0859999656677246 53.0
1.277999997138977 -1.3070000410079956 1.0149999856948853 48.0
1.1130000352859497 -1.1139999628067017 1.0529999732971191 53.0
1.2979999780654907 -1.2829999923706055 1.1460000276565552 3.0
1.3079999685287476 -1.281999945640564 1.0820000171661377 3.0
1.2879999876022339 -1.2549999952316284 0.9950000047683716 10.0
1.2949999570846558 -1.2410000562667847 1.1979999542236328 3.0
1.2860000133514404 -1.215999960899353 1.1100000143051147 43.0
1.2910000085830688 -1.2079999446868896 1.0420000553131104 46.0
1.2899999618530273 -1.1970000267028809 0.9700000286102295 57.0
1.2869999408721924 -1.1829999685287476 1.1660000085830688 52.0
1.2869999408721924 -1.1649999618530273 1.0870000123977661 48.0
1.2999999523162842 -1.1619999408721924 1.0260000228881836 34.0
1.3380000591278076 -1.1829999685287476 0.9829999804496765 2.0
1.2890000343322754 -1.1360000371932983 1.1460000276565552 49.0
1.2929999828338623 -1.11899995803833 1.069000005722046 54.0
1.2999999523162842 -1.1080000400543213 1.003000020980835 56.0
1.2999999523162842 -1.093999981880188 0.9319999814033508 51.0
1.2920000553131104 -1.090999960899353 1.1269999742507935 50.0
1.2999999523162842 -1.0750000476837158 1.0529999732971191 54.0
1.3009999990463257 -1.0579999685287476 0.9829999804496765 52.0
1.3029999732971191 -1.0449999570846558 0.9139999747276306 50.0
1.2990000247955322 -1.0509999990463257 1.1119999885559082 57.0
1.3020000457763672 -1.0290000438690186 1.034000039100647 47.0
1.3049999475479126 -1.0119999647140503 0.9660000205039978 52.0
1.3079999685287476 -0.996999979019165 0.8980000019073486 57.0
1.2990000247955322 -1.00600004196167 1.093000054359436 54.0
1.3070000410079956 -0.9869999885559082 1.0190000534057617 57.0
1.312999963760376 -0.9700000286102295 0.953000009059906 60.0
1.312000036239624 -0.9509999752044678 0.8820000290870667 54.0
1.3049999475479126 -0.9670000076293945 1.0789999961853027 54.0
1.3070000410079956 -0.9419999718666077 1.0010000467300415 57.0
1.312000036239624 -0.9229999780654907 0.9340000152587891 57.0
1.3109999895095825 -0.902999997138977 0.8650000095367432 66.0
1.305999994277954 -0.925000011920929 1.062000036239624 56.0
1.3140000104904175 -0.902999997138977 0.9890000224113464 57.0
1.315000057220459 -0.8809999823570251 0.9200000166893005 62.0
1.319000005722046 -0.8619999885559082 0.8539999723434448 69.0
1.309000015258789 -0.8870000243186951 1.0479999780654907 53.0
1.312999963760376 -0.8600000143051147 0.972000002861023 59.0
1.3170000314712524 -0.8379999995231628 0.906000018119812 66.0
1.319000005722046 -0.8169999718666077 0.8389999866485596 67.0
1.3109999895095825 -0.8479999899864197 1.0329999923706055 56.0
1.315000057220459 -0.8199999928474426 0.9589999914169312 66.0
1.3209999799728394 -0.7979999780654907 0.8939999938011169 68.0
1.319000005722046 -0.7739999890327454 0.824999988079071 65.0
1.315999984741211 -0.8119999766349792 1.0219999551773071 61.0
1.319000005722046 -0.7829999923706055 0.9480000138282776 65.0
1.3240000009536743 -0.7590000033378601 0.8830000162124634 68.0
1.319000005722046 -0.7319999933242798 0.8119999766349792 20.0
1.315999984741211 -0.7749999761581421 1.0080000162124634 62.0
1.3229999542236328 -0.7459999918937683 0.9359999895095825 67.0
1.3259999752044678 -0.7200000286102295 0.8709999918937683 64.0
1.3140000104904175 -0.6880000233650208 0.796999990940094 16.0
1.3179999589920044 -0.7379999756813049 0.9959999918937683 63.0
1.3259999752044678 -0.7089999914169312 0.925000011920929 38.0
1.3370000123977661 -0.6859999895095825 0.8659999966621399 1.0
1.3459999561309814 -0.6639999747276306 0.8050000071525574 14.0
1.3240000009536743 -0.7049999833106995 0.9879999756813049 12.0
1.3259999752044678 -0.6710000038146973 0.9129999876022339 3.0
1.3799999952316284 -0.6679999828338623 0.8820000290870667 53.0
1.4140000343322754 -0.6549999713897705 0.8330000042915344 50.0
1.3270000219345093 -0.6710000038146973 0.9779999852180481 4.0
1.3839999437332153 -0.6629999876022339 0.9419999718666077 48.0
1.4240000247955322 -0.6489999890327454 0.8980000019073486 50.0
1.465000033378601 -0.6370000243186951 0.8519999980926514 48.0
1.3839999437332153 -0.6629999876022339 1.0080000162124634 48.0
1.4299999475479126 -0.6460000276565552 0.9610000252723694 46.0
1.4730000495910645 -0.6299999952316284 0.9179999828338623 45.0
1.5169999599456787 -0.6159999966621399 0.871999979019165 45.0
1.4299999475479126 -0.6480000019073486 1.0290000438690186 42.0
1.4769999980926514 -0.628000020980835 0.9810000061988831 43.0
1.5260000228881836 -0.6119999885559082 0.9399999976158142 42.0
1.5700000524520874 -0.593999981880188 0.8920000195503235 40.0
1.4700000286102295 -0.6290000081062317 1.0460000038146973 41.0
1.5260000228881836 -0.609000027179718 1.003000020980835 37.0
1.5809999704360962 -0.5920000076293945 0.9639999866485596 40.0
1.6349999904632568 -0.5740000009536743 0.9200000166893005 45.0
1.5210000276565552 -0.6129999756813049 1.0709999799728394 41.0
1.5779999494552612 -0.5889999866485596 1.0260000228881836 41.0
1.6410000324249268 -0.5709999799728394 0.9900000095367432 40.0
1.690000057220459 -0.5479999780654907 0.9409999847412109 10.0
1.5700000524520874 -0.593999981880188 1.0950000286102295 44.0
1.6399999856948853 -0.5709999799728394 1.0570000410079956 38.0
1.7039999961853027 -0.5490000247955322 1.0190000534057617 26.0
1.7630000114440918 -0.5249999761581421 0.9729999899864197 40.0
1.6239999532699585 -0.574999988079071 1.121999979019165 34.0
1.6950000524520874 -0.5479999780654907 1.0820000171661377 40.0
1.7669999599456787 -0.5249999761581421 1.0470000505447388 56.0
2.2760000228881836 -0.6190000176429749 1.2450000047683716 150.0
1.687999963760376 -0.5580000281333923 1.1549999713897705 39.0
1.7630000114440918 -0.5270000100135803 1.1160000562667847 43.0
2.3910000324249268 -0.6499999761581421 1.4049999713897705 35.0
2.3550000190734863 -0.5799999833106995 1.277999997138977 15.0
1.7480000257492065 -0.5360000133514404 1.1859999895095825 43.0
2.2360000610351562 -0.6150000095367432 1.402999997138977 37.0
2.3989999294281006 -0.5929999947547913 1.3990000486373901 36.0
2.578000068664551 -0.5690000057220459 1.3890000581741333 21.0
2.0899999141693115 -0.5929999947547913 1.406000018119812 44.0
2.255000114440918 -0.5659999847412109 1.4049999713897705 43.0
2.427000045776367 -0.5410000085830688 1.406000018119812 35.0
2.609999895095825 -0.5109999775886536 1.3980000019073486 31.0
2.11299991607666 -0.550000011920929 1.409999966621399 41.0
2.2699999809265137 -0.515999972820282 1.4040000438690186 42.0
2.440000057220459 -0.48399999737739563 1.4040000438690186 35.0
2.628000020980835 -0.44999998807907104 1.399999976158142 31.0
2.125999927520752 -0.5059999823570251 1.409000039100647 39.0
2.2799999713897705 -0.4650000035762787 1.4010000228881836 41.0
2.4519999027252197 -0.42800000309944153 1.402999997138977 35.0
2.6410000324249268 -0.3869999945163727 1.3990000486373901 31.0
2.138000011444092 -0.46000000834465027 1.406999945640564 40.0
2.2960000038146973 -0.41499999165534973 1.4019999504089355 40.0
2.4630000591278076 -0.3720000088214874 1.4019999504089355 35.0
2.6500000953674316 -0.3230000138282776 1.3969999551773071 31.0
2.1510000228881836 -0.41499999165534973 1.406000018119812 41.0
2.309000015258789 -0.36399999260902405 1.402999997138977 38.0
2.4769999980926514 -0.3149999976158142 1.402999997138977 33.0
2.6630001068115234 -0.26100000739097595 1.3990000486373901 30.0
2.1649999618530273 -0.36899998784065247 1.406999945640564 38.0
2.319000005722046 -0.31299999356269836 1.4019999504089355 40.0
2.490999937057495 -0.257999986410141 1.4049999713897705 34.0
2.6730000972747803 -0.19699999690055847 1.3990000486373901 31.0
2.177000045776367 -0.3230000138282776 1.406000018119812 38.0
2.3289999961853027 -0.26100000739097595 1.4010000228881836 40.0
2.499000072479248 -0.20100000500679016 1.4040000438690186 33.0
2.6760001182556152 -0.13300000131130219 1.3980000019073486 31.0
2.187999963760376 -0.2770000100135803 1.406999945640564 36.0
2.3350000381469727 -0.20900000631809235 1.3990000486373901 37.0
2.502000093460083 -0.14300000667572021 1.4019999504089355 30.0
2.687000036239624 -0.0689999982714653 1.4010000228881836 31.0
2.194999933242798 -0.23000000417232513 1.4040000438690186 37.0
2.3410000801086426 -0.15700000524520874 1.3969999551773071 38.0
2.507999897003174 -0.08500000089406967 1.4019999504089355 31.0
2.684999942779541 -0.004999999888241291 1.3980000019073486 30.0
2.2060000896453857 -0.18299999833106995 1.4049999713897705 37.0
2.3519999980926514 -0.10499999672174454 1.399999976158142 37.0
2.51200008392334 -0.027000000700354576 1.4010000228881836 31.0
2.688999891281128 0.05900000035762787 1.3990000486373901 30.0
2.2170000076293945 -0.13500000536441803 1.406000018119812 35.0
2.3559999465942383 -0.052000001072883606 1.3980000019073486 39.0
2.5179998874664307 0.029999999329447746 1.4019999504089355 31.0
2.687000036239624 0.12200000137090683 1.3980000019073486 30.0
2.2230000495910645 -0.08799999952316284 1.4049999713897705 39.0
2.369999885559082 0.0 1.402999997138977 36.0
2.5199999809265137 0.08799999952316284 1.402999997138977 31.0
2.684000015258789 0.18700000643730164 1.3969999551773071 31.0
2.2279999256134033 -0.03999999910593033 1.4040000438690186 37.0
2.371999979019165 0.05299999937415123 1.4019999504089355 34.0
2.5169999599456787 0.1469999998807907 1.399999976158142 30.0
2.681999921798706 0.25099998712539673 1.3980000019073486 29.0
2.2360000610351562 0.00800000037997961 1.4049999713897705 38.0
2.377000093460083 0.10700000077486038 1.402999997138977 38.0
2.5199999809265137 0.20600000023841858 1.4019999504089355 29.0
2.674999952316284 0.3149999976158142 1.3969999551773071 30.0
2.242000102996826 0.05700000002980232 1.406000018119812 34.0
2.377000093460083 0.1599999964237213 1.4019999504089355 37.0
2.5169999599456787 0.2639999985694885 1.4019999504089355 29.0
2.6689999103546143 0.3790000081062317 1.3969999551773071 30.0
2.24399995803833 0.10599999874830246 1.4049999713897705 34.0
2.377000093460083 0.21400000154972076 1.402999997138977 38.0
2.5139999389648438 0.32199999690055847 1.4019999504089355 30.0
2.6589999198913574 0.44200000166893005 1.3969999551773071 30.0
2.249000072479248 0.1550000011920929 1.4049999713897705 34.0
2.377000093460083 0.2680000066757202 1.402999997138977 32.0
2.509000062942505 0.38100001215934753 1.4019999504089355 30.0
2.6489999294281006 0.5049999952316284 1.3969999551773071 30.0
2.250999927520752 0.20499999821186066 1.4049999713897705 33.0
2.371999979019165 0.32100000977516174 1.4010000228881836 32.0
2.500999927520752 0.4390000104904175 1.4019999504089355 30.0
2.6410000324249268 0.5690000057220459 1.3980000019073486 30.0
2.247999906539917 0.2540000081062317 1.402999997138977 31.0
2.36899995803833 0.375 1.4019999504089355 37.0
2.49399995803833 0.49799999594688416 1.4019999504089355 30.0
2.625 0.6309999823570251 1.3969999551773071 31.0
2.252000093460083 0.3050000071525574 1.4049999713897705 35.0
2.365999937057495 0.4300000071525574 1.4019999504089355 36.0
2.486999988555908 0.5559999942779541 1.402999997138977 30.0
2.611999988555908 0.6940000057220459 1.3969999551773071 30.0
2.247999906539917 0.35499998927116394 1.4040000438690186 33.0
2.3580000400543213 0.48399999737739563 1.4010000228881836 34.0
2.4779999256134033 0.6140000224113464 1.4040000438690186 31.0
2.5989999771118164 0.7570000290870667 1.399999976158142 29.0
2.246000051498413 0.4059999883174896 1.402999997138977 35.0
2.3550000190734863 0.5389999747276306 1.402999997138977 34.0
2.4600000381469727 0.6700000166893005 1.4010000228881836 30.0
2.5829999446868896 0.8190000057220459 1.4010000228881836 27.0
2.244999885559082 0.4560000002384186 1.4049999713897705 36.0
2.3459999561309814 0.5920000076293945 1.4019999504089355 35.0
2.444000005722046 0.7269999980926514 1.3990000486373901 28.0
2.569000005722046 0.8809999823570251 1.4040000438690186 28.0
2.240000009536743 0.5070000290870667 1.4040000438690186 33.0
2.3389999866485596 0.6470000147819519 1.4040000438690186 34.0
2.443000078201294 0.7889999747276306 1.4079999923706055 27.0
2.546999931335449 0.9409999847412109 1.402999997138977 27.0
2.239000082015991 0.5590000152587891 1.406000018119812 32.0
2.328000068664551 0.7009999752044678 1.4040000438690186 32.0
2.4240000247955322 0.843999981880188 1.406000018119812 25.0
2.5239999294281006 1.0010000467300415 1.402999997138977 26.0
2.2320001125335693 0.6100000143051147 1.406000018119812 31.0
2.319999933242798 0.7559999823570251 1.406000018119812 30.0
2.4030001163482666 0.8999999761581421 1.4040000438690186 24.0
2.502000093460083 1.062000036239624 1.4049999713897705 23.0
2.2219998836517334 0.6610000133514404 1.4040000438690186 29.0
2.3010001182556152 0.8080000281333923 1.4019999504089355 27.0
2.390000104904175 0.9580000042915344 1.406999945640564 23.0
2.4649999141693115 1.1150000095367432 1.3980000019073486 22.0
2.2109999656677246 0.7110000252723694 1.402999997138977 29.0
2.2869999408721924 0.8610000014305115 1.4019999504089355 27.0
2.369999885559082 1.0149999856948853 1.406999945640564 22.0
2.444999933242798 1.1759999990463257 1.402999997138977 22.0
2.2039999961853027 0.7630000114440918 1.4040000438690186 26.0
2.2690000534057617 0.9139999747276306 1.4010000228881836 26.0
2.3459999561309814 1.0679999589920044 1.406000018119812 21.0
2.4189999103546143 1.2339999675750732 1.4040000438690186 22.0
2.197000026702881 0.8159999847412109 1.406999945640564 23.0
2.255000114440918 0.9679999947547913 1.402999997138977 25.0
2.3269999027252197 1.125 1.4079999923706055 21.0
2.38700008392334 1.2890000343322754 1.402999997138977 20.0
2.180999994277954 0.8650000095367432 1.4040000438690186 24.0
2.240000009536743 1.0230000019073486 1.4049999713897705 23.0
2.299999952316284 1.1779999732971191 1.406999945640564 21.0
2.3589999675750732 1.3459999561309814 1.4049999713897705 20.0
2.1649999618530273 0.9160000085830688 1.4019999504089355 24.0
2.2190001010894775 1.0740000009536743 1.4040000438690186 23.0
2.2760000228881836 1.2330000400543213 1.4079999923706055 20.0
2.322000026702881 1.3980000019073486 1.402999997138977 21.0
2.1540000438690186 0.968999981880188 1.4049999713897705 21.0
2.197999954223633 1.1269999742507935 1.402999997138977 21.0
2.246999979019165 1.284999966621399 1.406999945640564 20.0
2.2890000343322754 1.4520000219345093 1.402999997138977 21.0
2.1389999389648438 1.0199999809265137 1.4040000438690186 21.0
2.186000108718872 1.1829999685287476 1.409000039100647 22.0
2.2200000286102295 1.3380000591278076 1.406999945640564 21.0
2.25 1.5019999742507935 1.4010000228881836 22.0
2.118000030517578 1.069000005722046 1.4010000228881836 20.0
2.1649999618530273 1.2359999418258667 1.409999966621399 21.0
2.190000057220459 1.3899999856948853 1.406999945640564 20.0
2.2200000286102295 1.5579999685287476 1.406000018119812 22.0
2.1029999256134033 1.121000051498413 1.402999997138977 19.0
2.132999897003174 1.2829999923706055 1.406000018119812 20.0
2.1670000553131104 1.4459999799728394 1.4119999408721924 21.0
2.178999900817871 1.6059999465942383 1.4040000438690186 24.0
2.0840001106262207 1.1720000505447388 1.402999997138977 19.0
2.1089999675750732 1.3350000381469727 1.406999945640564 21.0
2.131999969482422 1.49399995803833 1.4110000133514404 20.0
2.1389999389648438 1.6549999713897705 1.402999997138977 26.0
2.068000078201294 1.225000023841858 1.406000018119812 19.0
2.0799999237060547 1.3830000162124634 1.4049999713897705 19.0
2.0980000495910645 1.5440000295639038 1.409999966621399 22.0
2.0999999046325684 1.7039999961853027 1.4040000438690186 26.0
2.049999952316284 1.277999997138977 1.4079999923706055 19.0
2.052999973297119 1.434000015258789 1.406000018119812 22.0
2.065000057220459 1.593999981880188 1.4110000133514404 22.0
2.061000108718872 1.753000020980835 1.406000018119812 26.0
2.0209999084472656 1.3240000009536743 1.4040000438690186 19.0
2.0250000953674316 1.4839999675750732 1.406000018119812 23.0
2.0269999504089355 1.6390000581741333 1.409000039100647 23.0
2.0199999809265137 1.7999999523162842 1.406000018119812 25.0
2.003000020980835 1.378000020980835 1.4079999923706055 21.0
1.9910000562667847 1.5299999713897705 1.4040000438690186 23.0
1.9900000095367432 1.6859999895095825 1.409000039100647 24.0
1.9780000448226929 1.847000002861023 1.4079999923706055 27.0
1.9830000400543213 1.4320000410079956 1.4110000133514404 21.0
1.9579999446868896 1.5770000219345093 1.402999997138977 22.0
1.9559999704360962 1.7350000143051147 1.4110000133514404 24.0
1.9320000410079956 1.8890000581741333 1.406999945640564 27.0
1.9550000429153442 1.4789999723434448 1.409999966621399 20.0
1.9270000457763672 1.6260000467300415 1.4040000438690186 25.0
1.9179999828338623 1.781999945640564 1.4129999876022339 25.0
1.8860000371932983 1.930999994277954 1.406999945640564 27.0
1.9279999732971191 1.5290000438690186 1.409999966621399 24.0
1.902999997138977 1.6799999475479126 1.4110000133514404 24.0
1.8730000257492065 1.8220000267028809 1.4079999923706055 25.0
1.8420000076293945 1.975000023841858 1.409000039100647 25.0
1.8980000019073486 1.5770000219345093 1.409999966621399 22.0
1.86899995803833 1.7289999723434448 1.4119999408721924 25.0
1.8359999656677246 1.86899995803833 1.4119999408721924 25.0
1.7979999780654907 2.0190000534057617 1.4110000133514404 25.0
1.8650000095367432 1.6230000257492065 1.406999945640564 24.0
1.8300000429153442 1.7710000276565552 1.409999966621399 24.0
1.7940000295639038 1.9129999876022339 1.4119999408721924 21.0
1.74399995803833 2.052000045776367 1.406999945640564 28.0
1.8389999866485596 1.6759999990463257 1.4110000133514404 23.0
1.7990000247955322 1.8220000267028809 1.4140000343322754 24.0
1.7519999742507935 1.9559999704360962 1.4129999876022339 26.0
1.7000000476837158 2.0950000286102295 1.4110000133514404 29.0
1.8049999475479126 1.722000002861023 1.409999966621399 25.0
1.7569999694824219 1.8630000352859497 1.4110000133514404 24.0
1.7089999914169312 1.9980000257492065 1.4140000343322754 26.0
1.6469999551773071 2.127000093460083 1.4079999923706055 27.0
1.7690000534057617 1.7669999599456787 1.4079999923706055 24.0
1.7239999771118164 1.9140000343322754 1.4170000553131104 27.0
1.6629999876022339 2.0350000858306885 1.4129999876022339 25.0
1.600000023841858 2.1679999828338623 1.4119999408721924 21.0
1.7359999418258667 1.815999984741211 1.409999966621399 23.0
1.6790000200271606 1.9520000219345093 1.4129999876022339 26.0
1.6150000095367432 2.072000026702881 1.4110000133514404 17.0
1.5509999990463257 2.2049999237060547 1.4140000343322754 27.0
1.6959999799728394 1.8569999933242798 1.406000018119812 24.0
1.6369999647140503 1.9930000305175781 1.4129999876022339 27.0
1.5759999752044678 2.119999885559082 1.4179999828338623 27.0
1.496000051498413 2.2330000400543213 1.4110000133514404 27.0
1.6579999923706055 1.9010000228881836 1.406000018119812 25.0
1.5989999771118164 2.0399999618530273 1.4170000553131104 25.0
1.5260000228881836 2.1530001163482666 1.4160000085830688 26.0
1.444000005722046 2.2660000324249268 1.4119999408721924 26.0
1.6269999742507935 1.9550000429153442 1.4119999408721924 25.0
1.5520000457763672 2.0769999027252197 1.4149999618530273 27.0
1.4739999771118164 2.184000015258789 1.4129999876022339 25.0
1.3940000534057617 2.3010001182556152 1.4160000085830688 25.0
1.5920000076293945 2.00600004196167 1.4170000553131104 21.0
1.5069999694824219 2.115000009536743 1.4140000343322754 26.0
1.4270000457763672 2.2230000495910645 1.4160000085830688 25.0
1.3389999866485596 2.328000068664551 1.4149999618530273 18.0
1.5449999570846558 2.0409998893737793 1.4110000133514404 24.0
1.4609999656677246 2.1549999713897705 1.4149999618530273 28.0
1.3760000467300415 2.253999948501587 1.4149999618530273 25.0
1.284999966621399 2.3570001125335693 1.4160000085830688 24.0
1.5049999952316284 2.0869998931884766 1.4140000343322754 23.0
1.4149999618530273 2.191999912261963 1.4149999618530273 26.0
1.3289999961853027 2.2929999828338623 1.4199999570846558 19.0
1.2300000190734863 2.382999897003174 1.4160000085830688 25.0
1.4600000381469727 2.128000020980835 1.4129999876022339 25.0
1.3669999837875366 2.2290000915527344 1.4160000085830688 25.0
1.2740000486373901 2.318000078201294 1.4160000085830688 24.0
1.1749999523162842 2.4079999923706055 1.4170000553131104 25.0
1.4190000295639038 2.1740000247955322 1.4160000085830688 25.0
1.3200000524520874 2.2679998874664307 1.4179999828338623 20.0
1.2239999771118164 2.3519999980926514 1.4190000295639038 23.0
1.1200000047683716 2.434000015258789 1.4179999828338623 27.0
1.375 2.2179999351501465 1.4179999828338623 25.0
1.2699999809265137 2.302000045776367 1.4179999828338623 24.0
1.1699999570846558 2.378999948501587 1.4179999828338623 23.0
1.065000057220459 2.4570000171661377 1.4199999570846558 26.0
1.3270000219345093 2.25600004196167 1.4170000553131104 21.0
1.2200000286102295 2.3369998931884766 1.4190000295639038 25.0
1.1180000305175781 2.4100000858306885 1.4210000038146973 24.0
1.0080000162124634 2.4779999256134033 1.4199999570846558 27.0
1.281000018119812 2.2980000972747803 1.4199999570846558 22.0
1.1690000295639038 2.36899995803833 1.4190000295639038 24.0
1.062999963760376 2.434000015258789 1.4199999570846558 26.0
0.949999988079071 2.49399995803833 1.4179999828338623 27.0
1.2309999465942383 2.3350000381469727 1.4199999570846558 24.0
1.1169999837875366 2.4010000228881836 1.4199999570846558 25.0
1.00600004196167 2.453000068664551 1.4170000553131104 24.0
0.8930000066757202 2.5139999389648438 1.4199999570846558 26.0
1.180999994277954 2.371999979019165 1.4199999570846558 23.0
1.0640000104904175 2.431999921798706 1.4210000038146973 24.0
0.9520000219345093 2.4809999465942383 1.4199999570846558 24.0
0.8360000252723694 2.5299999713897705 1.4199999570846558 11.0
1.1269999742507935 2.4019999504089355 1.4170000553131104 24.0
1.0089999437332153 2.4570000171661377 1.4190000295639038 25.0
0.8960000276565552 2.502000093460083 1.4190000295639038 25.0
0.7609999775886536 2.490000009536743 1.3890000581741333 3.0
1.0759999752044678 2.440999984741211 1.4199999570846558 25.0
0.9559999704360962 2.490000009536743 1.4220000505447388 25.0
0.8379999995231628 2.5179998874664307 1.4170000553131104 11.0
0.7200000286102295 2.559999942779541 1.4210000038146973 25.0
1.0210000276565552 2.4709999561309814 1.4179999828338623 25.0
0.8999999761581421 2.5160000324249268 1.4210000038146973 25.0
0.7720000147819519 2.510999917984009 1.4019999504089355 3.0
0.6629999876022339 2.578000068664551 1.4229999780654907 25.0
0.9679999947547913 2.509000062942505 1.4210000038146973 23.0
0.8420000076293945 2.5369999408721924 1.4199999570846558 9.0
0.7239999771118164 2.559999942779541 1.4190000295639038 25.0
0.0 0.0 0.0 0.0
0.9120000004768372 2.5409998893737793 1.4210000038146973 24.0
0.7870000004768372 2.569000005722046 1.4240000247955322 11.0
0.6679999828338623 2.5820000171661377 1.4220000505447388 22.0
0.0 0.0 0.0 0.0
0.8529999852180481 2.562999963760376 1.4170000553131104 8.0
0.7289999723434448 2.5889999866485596 1.4229999780654907 25.0
0.0 0.0 0.0 0.0
0.0 0.0 0.0 0.0
0.7960000038146973 2.5959999561309814 1.4199999570846558 22.0
0.6700000166893005 2.6089999675750732 1.4229999780654907 23.0
0.0 0.0 0.0 0.0
0.4269999861717224 2.5999999046325684 1.4170000553131104 18.0
0.7369999885559082 2.622999906539917 1.4199999570846558 23.0
0.0 0.0 0.0 0.0
0.0 0.0 0.0 0.0
0.3700000047683716 2.615000009536743 1.4220000505447388 26.0
0.6779999732971191 2.6489999294281006 1.4199999570846558 19.0
0.0 0.0 0.0 0.0
0.4309999942779541 2.625 1.4170000553131104 18.0
0.31200000643730164 2.61899995803833 1.4220000505447388 26.0
0.0 0.0 0.0 0.0
0.48899999260902405 2.6519999504089355 1.4160000085830688 4.0
0.37299999594688416 2.6410000324249268 1.4199999570846558 24.0
0.25200000405311584 2.615000009536743 1.4179999828338623 28.0
0.0 0.0 0.0 0.0
0.4300000071525574 2.680000066757202 1.4229999780654907 17.0
0.31299999356269836 2.6480000019073486 1.4199999570846558 24.0
0.19499999284744263 2.61899995803833 1.4199999570846558 28.0
0.48899999260902405 2.693000078201294 1.406999945640564 5.0
0.36800000071525574 2.686000108718872 1.4190000295639038 26.0
0.2529999911785126 2.6559998989105225 1.4199999570846558 25.0
0.13699999451637268 2.61899995803833 1.4199999570846558 26.0
0.4300000071525574 2.7360000610351562 1.4190000295639038 19.0
0.3059999942779541 2.697000026702881 1.4179999828338623 26.0
0.1940000057220459 2.6619999408721924 1.4199999570846558 24.0
0.07900000363588333 2.615999937057495 1.4190000295639038 28.0
0.367000013589859 2.759000062942505 1.4210000038146973 24.0
0.24500000476837158 2.7160000801086426 1.4220000505447388 25.0
0.13300000131130219 2.6589999198913574 1.4160000085830688 25.0
0.020999999716877937 2.61899995803833 1.4220000505447388 27.0
0.3019999861717224 2.7739999294281006 1.4199999570846558 24.0
0.18299999833106995 2.7190001010894775 1.4190000295639038 26.0
0.0729999989271164 2.6659998893737793 1.4179999828338623 25.0
-0.032999999821186066 2.4119999408721924 1.3109999895095825 6.0
0.2370000034570694 2.7829999923706055 1.4170000553131104 25.0
0.11999999731779099 2.7320001125335693 1.4210000038146973 26.0
0.014000000432133675 2.6619999408721924 1.4160000085830688 26.0
-0.09099999815225601 2.5759999752044678 1.402999997138977 17.0
0.17100000381469727 2.8010001182556152 1.4179999828338623 24.0
0.05700000002980232 2.7360000610351562 1.4199999570846558 26.0
-0.039000000804662704 2.302999973297119 1.2239999771118164 6.0
-0.07599999755620956 1.3350000381469727 0.7279999852180481 25.0
0.10499999672174454 2.815999984741211 1.4199999570846558 24.0
-0.004999999888241291 2.6040000915527344 1.3480000495910645 6.0
-0.10499999672174454 2.6619999408721924 1.4160000085830688 23.0
-0.1550000011920929 1.9509999752044678 1.0679999589920044 1.0
0.03799999877810478 2.812999963760376 1.4129999876022339 20.0
-0.057999998331069946 2.3299999237060547 1.2050000429153442 10.0
-0.08299999684095383 1.3389999866485596 0.7129999995231628 25.0
-0.19699999690055847 1.9490000009536743 1.0700000524520874 113.0
-0.02500000037252903 2.4539999961853027 1.2289999723434448 5.0
-0.06599999964237213 1.3680000305175781 0.7070000171661377 6.0
-0.11400000005960464 1.3509999513626099 0.7200000286102295 1.0
-0.1599999964237213 1.2999999523162842 0.7170000076293945 27.0
-0.09600000083446503 2.818000078201294 1.406999945640564 19.0
-0.09600000083446503 1.3519999980926514 0.6980000138282776 2.0
-0.2849999964237213 2.6530001163482666 1.4170000553131104 1.0
-0.1889999955892563 1.2999999523162842 0.718999981880188 2.0
-0.164000004529953 2.8399999141693115 1.4149999618530273 23.0
-0.14399999380111694 1.5260000228881836 0.7889999747276306 0.0
-0.18700000643730164 1.437999963760376 0.7689999938011169 10.0
-0.21799999475479126 1.2970000505447388 0.7210000157356262 2.0
-0.2329999953508377 2.8440001010894775 1.4160000085830688 25.0
-0.17599999904632568 1.4919999837875366 0.7720000147819519 9.0
-0.22100000083446503 1.444000005722046 0.7749999761581421 1.0
-0.24699999392032623 1.2970000505447388 0.7250000238418579 1.0
-0.16500000655651093 1.562999963760376 0.7770000100135803 3.0
-0.210999995470047 1.4910000562667847 0.7720000147819519 10.0
-0.25099998712539673 1.4290000200271606 0.7699999809265137 13.0
-0.2759999930858612 1.2949999570846558 0.7279999852180481 1.0
-0.20100000500679016 1.5429999828338623 0.7670000195503235 11.0
-0.23899999260902405 1.4509999752044678 0.753000020980835 16.0
-0.2630000114440918 1.3220000267028809 0.7149999737739563 0.0
-0.30399999022483826 1.2929999828338623 0.7310000061988831 9.0
-0.23899999260902405 1.5449999570846558 0.7689999938011169 11.0
-0.2809999883174896 1.4859999418258667 0.7730000019073486 1.0
-0.2930000126361847 1.319000005722046 0.7160000205039978 6.0
-0.33500000834465027 1.2960000038146973 0.7369999885559082 0.0
-0.2759999930858612 1.5420000553131104 0.7680000066757202 8.0
-0.28600001335144043 1.3450000286102295 0.7020000219345093 4.0
-0.32600000500679016 1.3259999752044678 0.7239999771118164 0.0
-0.35600000619888306 1.2640000581741333 0.7239999771118164 5.0
-0.27900001406669617 1.36899995803833 0.6830000281333923 3.0
-0.3240000009536743 1.3650000095367432 0.7149999737739563 0.0
-0.35499998927116394 1.315000057220459 0.722000002861023 11.0
-0.4000000059604645 1.3109999895095825 0.7570000290870667 1.0
0.0 0.0 0.0 0.0
-0.38199999928474426 1.4600000381469727 0.7680000066757202 3.0
-0.37700000405311584 1.281999945640564 0.7080000042915344 0.0
-0.4300000071525574 1.3079999685287476 0.7609999775886536 9.0
0.0 0.0 0.0 0.0
-0.38999998569488525 1.3609999418258667 0.718999981880188 2.0
-0.4169999957084656 1.3079999685287476 0.7269999980926514 8.0
-0.4690000116825104 1.3279999494552612 0.7789999842643738 1.0
-0.3529999852180481 1.2619999647140503 0.6349999904632568 6.0
-0.4050000011920929 1.2979999780654907 0.6899999976158142 5.0
-0.4490000009536743 1.3079999685287476 0.7319999933242798 1.0
-0.4909999966621399 1.2999999523162842 0.7689999938011169 13.0
-0.40700000524520874 1.3289999961853027 0.671999990940094 0.0
-0.4350000023841858 1.2890000343322754 0.6890000104904175 0.0
-0.48100000619888306 1.3049999475479126 0.7369999885559082 8.0
-0.5230000019073486 1.2990000247955322 0.7760000228881836 1.0
-0.492000013589859 1.4800000190734863 0.7519999742507935 3.0
-0.4779999852180481 1.315000057220459 0.7080000042915344 19.0
-0.515999972820282 1.309999942779541 0.7450000047683716 1.0
-0.5059999823570251 1.1829999685287476 0.7139999866485596 20.0
-0.4699999988079071 1.305999994277954 0.6669999957084656 6.0
-0.5199999809265137 1.3329999446868896 0.7229999899864197 1.0
-0.5529999732971191 1.315000057220459 0.7549999952316284 8.0
0.0 0.0 0.0 0.0
0.0 0.0 0.0 0.0
-0.550000011920929 1.3200000524520874 0.722000002861023 7.0
-0.5899999737739563 1.3209999799728394 0.7649999856948853 1.0
0.0 0.0 0.0 0.0
-0.5740000009536743 1.3830000162124634 0.7160000205039978 2.0
-0.621999979019165 1.399999976158142 0.7720000147819519 1.0
0.0 0.0 0.0 0.0
0.0 0.0 0.0 0.0
-0.6259999871253967 1.4129999876022339 0.7369999885559082 12.0
-0.6290000081062317 1.3320000171661377 0.7409999966621399 1.0
0.0 0.0 0.0 0.0
0.0 0.0 0.0 0.0
-0.652999997138977 1.3819999694824219 0.7269999980926514 1.0
0.0 0.0 0.0 0.0
0.0 0.0 0.0 0.0
0.0 0.0 0.0 0.0
-0.6819999814033508 1.3580000400543213 0.7210000157356262 3.0
0.0 0.0 0.0 0.0
0.0 0.0 0.0 0.0
0.0 0.0 0.0 0.0
0.0 0.0 0.0 0.0
0.0 0.0 0.0 0.0
0.0 0.0 0.0 0.0
0.0 0.0 0.0 0.0
0.0 0.0 0.0 0.0
0.0 0.0 0.0 0.0
0.0 0.0 0.0 0.0
0.0 0.0 0.0 0.0
0.0 0.0 0.0 0.0
0.0 0.0 0.0 0.0
0.0 0.0 0.0 0.0
0.0 0.0 0.0 0.0
0.0 0.0 0.0 0.0
0.0 0.0 0.0 0.0
0.0 0.0 0.0 0.0
0.0 0.0 0.0 0.0
0.0 0.0 0.0 0.0
0.0 0.0 0.0 0.0
0.0 0.0 0.0 0.0
0.0 0.0 0.0 0.0
0.0 0.0 0.0 0.0
0.0 0.0 0.0 0.0
0.0 0.0 0.0 0.0
0.0 0.0 0.0 1.0
0.0 0.0 0.0 0.0
0.0 0.0 0.0 0.0
0.0 0.0 0.0 0.0
0.0 0.0 0.0 0.0
0.0 0.0 0.0 0.0
0.0 0.0 0.0 0.0
0.0 0.0 0.0 0.0
0.0 0.0 0.0 0.0
0.0 0.0 0.0 0.0
0.0 0.0 0.0 0.0
0.0 0.0 0.0 0.0
0.0 0.0 0.0 0.0
0.0 0.0 0.0 1.0
0.0 0.0 0.0 0.0
0.0 0.0 0.0 0.0
0.0 0.0 0.0 0.0
0.0 0.0 0.0 0.0
0.0 0.0 0.0 0.0
0.0 0.0 0.0 0.0
-1.75 1.8179999589920044 1.4140000343322754 1.0
0.0 0.0 0.0 0.0
0.0 0.0 0.0 0.0
-1.8940000534057617 1.9290000200271606 1.4210000038146973 9.0
-1.7970000505447388 1.7890000343322754 1.4210000038146973 19.0
-2.1579999923706055 2.187999963760376 1.4199999570846558 7.0
0.0 0.0 0.0 0.0
-1.9299999475479126 1.8799999952316284 1.4149999618530273 25.0
-1.8289999961853027 1.746000051498413 1.4179999828338623 28.0
-2.1989998817443848 2.124000072479248 1.409999966621399 17.0
-2.0910000801086426 1.9839999675750732 1.4220000505447388 29.0
-1.972000002861023 1.8380000591278076 1.4160000085830688 28.0
-1.871000051498413 1.7109999656677246 1.4220000505447388 25.0
-2.186000108718872 2.013000011444092 1.3680000305175781 21.0
-2.135999917984009 1.934000015258789 1.4199999570846558 29.0
-2.0239999294281006 1.8029999732971191 1.4229999780654907 15.0
-1.8990000486373901 1.6649999618530273 1.4160000085830688 11.0
-2.0980000495910645 1.840000033378601 1.2829999923706055 21.0
-1.9989999532699585 1.7280000448226929 1.3009999990463257 0.0
-2.056999921798706 1.7519999742507935 1.4170000553131104 29.0
-1.934999942779541 1.625 1.4160000085830688 31.0
-2.121999979019165 1.7730000019073486 1.2690000534057617 26.0
-2.2300000190734863 1.8389999866485596 1.4210000038146973 28.0
-2.0969998836517334 1.7079999446868896 1.4179999828338623 31.0
-1.9809999465942383 1.593999981880188 1.4249999523162842 28.0
-2.3550000190734863 1.871999979019165 1.378000020980835 7.0
-2.2760000228881836 1.7899999618530273 1.4220000505447388 30.0
-2.135999917984009 1.6619999408721924 1.4179999828338623 29.0
-2.01200008392334 1.5499999523162842 1.4229999780654907 28.0
-2.4730000495910645 1.871000051498413 1.4190000295639038 23.0
-2.313999891281128 1.7350000143051147 1.4190000295639038 27.0
-2.1740000247955322 1.6160000562667847 1.4179999828338623 29.0
-2.0460000038146973 1.5080000162124634 1.4240000247955322 27.0
-2.5199999809265137 1.812999963760376 1.4179999828338623 8.0
-2.186000108718872 1.562000036239624 1.3170000314712524 80.0
-2.2079999446868896 1.5670000314712524 1.4170000553131104 26.0
-2.0769999027252197 1.4639999866485596 1.4240000247955322 28.0
-2.569999933242798 1.75600004196167 1.4199999570846558 27.0
-2.4000000953674316 1.6319999694824219 1.4210000038146973 30.0
-2.2300000190734863 1.5080000162124634 1.4079999923706055 5.0
-2.1089999675750732 1.4210000038146973 1.4249999523162842 27.0
-2.611999988555908 1.6950000524520874 1.4190000295639038 27.0
-2.440000057220459 1.5779999494552612 1.4220000505447388 29.0
-2.2090001106262207 1.4240000247955322 1.3730000257492065 150.0
-2.138000011444092 1.3760000467300415 1.4240000247955322 30.0
-2.627000093460083 1.6160000562667847 1.402999997138977 31.0
-2.4830000400543213 1.524999976158142 1.4240000247955322 28.0
-2.319000005722046 1.4229999780654907 1.4210000038146973 28.0
-2.1679999828338623 1.3309999704360962 1.4240000247955322 28.0
-2.6429998874664307 1.5399999618530273 1.3899999856948853 66.0
-2.51200008392334 1.465000033378601 1.4199999570846558 30.0
-2.3489999771118164 1.3700000047683716 1.4190000295639038 31.0
-2.197999954223633 1.2860000133514404 1.4249999523162842 29.0
-2.7200000286102295 1.4980000257492065 1.409999966621399 45.0
-2.552000045776367 1.409999966621399 1.4220000505447388 28.0
-2.378999948501587 1.3179999589920044 1.4179999828338623 31.0
-2.2239999771118164 1.2389999628067017 1.4240000247955322 28.0
-2.7829999923706055 1.4470000267028809 1.4229999780654907 28.0
-2.5910000801086426 1.3539999723434448 1.4249999523162842 30.0
-2.4089999198913574 1.2660000324249268 1.4179999828338623 28.0
-2.257999897003174 1.1959999799728394 1.4279999732971191 27.0
-2.825000047683716 1.3839999437332153 1.4249999523162842 28.0
-2.621999979019165 1.2940000295639038 1.4240000247955322 28.0
-2.440000057220459 1.2139999866485596 1.4190000295639038 29.0
-2.247999906539917 1.13100004196167 1.4049999713897705 52.0
-2.8529999256134033 1.3140000104904175 1.4220000505447388 28.0
-2.6700000762939453 1.2419999837875366 1.4329999685287476 14.0
-2.4679999351501465 1.159999966621399 1.4190000295639038 26.0
-2.2330000400543213 1.065000057220459 1.38100004196167 63.0
-2.4119999408721924 1.0410000085830688 1.187999963760376 101.0
-2.372999906539917 1.0379999876022339 1.2589999437332153 84.0
-2.3399999141693115 1.0379999876022339 1.3309999704360962 78.0
-2.305000066757202 1.0399999618530273 1.409999966621399 52.0
-2.2149999141693115 0.8939999938011169 1.0789999961853027 4.0
-2.2109999656677246 0.9070000052452087 1.159999966621399 10.0
-2.2070000171661377 0.9210000038146973 1.2419999837875366 7.0
-2.2170000076293945 0.9440000057220459 1.343000054359436 9.0
-2.2230000495910645 0.8360000252723694 1.0720000267028809 3.0
-2.2149999141693115 0.8500000238418579 1.1510000228881836 3.0
-2.2060000896453857 0.8629999756813049 1.2289999723434448 5.0
-2.2049999237060547 0.8849999904632568 1.3229999542236328 0.0
-2.2100000381469727 0.7710000276565552 1.055999994277954 16.0
-2.2019999027252197 0.7870000004768372 1.1330000162124634 6.0
-2.2190001010894775 0.8119999766349792 1.225000023841858 8.0
-2.2160000801086426 0.8349999785423279 1.3170000314712524 3.0
-2.2269999980926514 0.7179999947547913 1.0549999475479126 6.0
-2.2049999237060547 0.7310000061988831 1.125 14.0
-2.2179999351501465 0.7570000290870667 1.2139999866485596 12.0
-2.2170000076293945 0.7820000052452087 1.3070000410079956 2.0
-2.2290000915527344 0.6600000262260437 1.0470000505447388 3.0
-2.2300000190734863 0.6830000281333923 1.128999948501587 2.0
-2.2200000286102295 0.7020000219345093 1.2050000429153442 9.0
-2.2269999980926514 0.7329999804496765 1.3020000457763672 0.0
-2.2260000705718994 0.6010000109672546 1.0379999876022339 16.0
-2.2290000915527344 0.6259999871253967 1.1200000047683716 3.0
-2.2260000705718994 0.6510000228881836 1.1990000009536743 7.0
-2.2339999675750732 0.6830000281333923 1.2949999570846558 0.0
0.0 0.0 0.0 0.0
-2.2290000915527344 0.5709999799728394 1.1119999885559082 9.0
-2.2300000190734863 0.5989999771118164 1.1929999589920044 11.0
-2.2330000400543213 0.6320000290870667 1.284999966621399 2.0
-2.9690001010894775 0.6520000100135803 1.3669999837875366 1.0
0.0 0.0 0.0 0.0
0.0 0.0 0.0 0.0
-2.2330000400543213 0.5809999704360962 1.2769999504089355 4.0
-2.4519999027252197 0.47699999809265137 1.1230000257492065 126.0
-2.8959999084472656 0.6019999980926514 1.4270000457763672 1.0
0.0 0.0 0.0 0.0
0.0 0.0 0.0 0.0
-2.7720000743865967 0.47099998593330383 1.2630000114440918 32.0
-2.4820001125335693 0.4560000002384186 1.215999960899353 74.0
-2.447000026702881 0.48500001430511475 1.284000039100647 8.0
0.0 0.0 0.0 0.0
-2.996999979019165 0.4359999895095825 1.3609999418258667 66.0
-2.742000102996826 0.4390000104904175 1.3380000591278076 144.0
-2.75600004196167 0.4830000102519989 1.4390000104904175 4.0
0.0 0.0 0.0 0.0
-3.009000062942505 0.36500000953674316 1.3609999418258667 70.0
-2.757999897003174 0.37700000405311584 1.340000033378601 150.0
-2.759000062942505 0.42100000381469727 1.434000015258789 6.0
-0.08799999952316284 0.014999999664723873 0.04899999871850014 0.0
-3.01200008392334 0.2930000126361847 1.3589999675750732 61.0
-2.750999927520752 0.31200000643730164 1.3320000171661377 150.0
-2.7790000438690186 0.3610000014305115 1.437999963760376 6.0
0.0 0.0 0.0 0.0
-3.0139999389648438 0.22100000083446503 1.3559999465942383 66.0
-2.75600004196167 0.24899999797344208 1.3300000429153442 150.0
-2.7860000133514404 0.29899999499320984 1.4359999895095825 8.0
0.0 0.0 0.0 0.0
-3.0239999294281006 0.15000000596046448 1.3589999675750732 59.0
-2.756999969482422 0.1850000023841858 1.3270000219345093 150.0
-2.7899999618530273 0.2370000034570694 1.4329999685287476 9.0
0.0 0.0 0.0 0.0
0.0 0.0 0.0 0.0
-2.744999885559082 0.12099999934434891 1.319000005722046 46.0
-2.7980000972747803 0.17499999701976776 1.4329999685287476 13.0
-0.09000000357627869 0.007000000216066837 0.04899999871850014 0.0
-0.10899999737739563 0.0 0.04899999871850014 1.0
0.0 0.0 0.0 0.0
-2.7950000762939453 0.11299999803304672 1.4290000200271606 6.0
0.0 0.0 0.0 0.0
0.0 0.0 0.0 0.0
-0.10700000077486038 0.0 0.050999999046325684 0.0
0.0 0.0 0.0 0.0
0.0 0.0 0.0 0.0
-1.9609999656677246 -0.08799999952316284 0.8809999823570251 10.0
-1.940999984741211 -0.04699999839067459 0.9300000071525574 2.0
-0.10100000351667404 0.0 0.050999999046325684 0.0
0.0 0.0 0.0 0.0
-1.9609999656677246 -0.1340000033378601 0.8820000290870667 72.0
-1.940000057220459 -0.09200000017881393 0.9300000071525574 62.0
-1.9420000314712524 -0.05000000074505806 0.9879999756813049 3.0
-0.0989999994635582 0.0 0.05299999937415123 0.0
-1.9630000591278076 -0.1809999942779541 0.8840000033378601 80.0
-1.968000054359436 -0.13899999856948853 0.9440000057220459 71.0
-1.934000015258789 -0.09300000220537186 0.9829999804496765 47.0
-1.9220000505447388 -0.041999999433755875 1.0410000085830688 2.0
-1.9709999561309814 -0.2290000021457672 0.890999972820282 82.0
-1.9609999656677246 -0.18299999833106995 0.9419999718666077 66.0
-1.9520000219345093 -0.13699999451637268 0.9929999709129333 37.0
-1.9359999895095825 -0.08399999886751175 1.0470000505447388 17.0
-1.9390000104904175 -0.2720000147819519 0.8790000081062317 64.0
-1.9630000591278076 -0.2290000021457672 0.9440000057220459 71.0
-1.9620000123977661 -0.18199999630451202 0.9990000128746033 24.0
0.0 0.0 0.0 0.0
-1.9190000295639038 -0.3160000145435333 0.8730000257492065 75.0
-1.9249999523162842 -0.26899999380111694 0.9279999732971191 64.0
-1.9479999542236328 -0.22499999403953552 0.9919999837875366 31.0
-0.09200000017881393 -0.007000000216066837 0.04899999871850014 0.0
-1.8300000429153442 -0.3449999988079071 0.8360000252723694 2.0
-1.9129999876022339 -0.31299999356269836 0.925000011920929 71.0
-1.8980000019073486 -0.2619999945163727 0.9679999947547913 19.0
0.0 0.0 0.0 0.0
-1.7200000286102295 -0.3659999966621399 0.7900000214576721 1.0
-1.8270000219345093 -0.34200000762939453 0.8859999775886536 2.0
-1.8839999437332153 -0.30300000309944153 0.9629999995231628 23.0
0.0 0.0 0.0 0.0
-1.6299999952316284 -0.3880000114440918 0.753000020980835 1.0
-1.746000051498413 -0.36800000071525574 0.8500000238418579 2.0
0.0 0.0 0.0 0.0
0.0 0.0 0.0 0.0
-1.6460000276565552 -0.4320000112056732 0.7649999856948853 2.0
-1.7020000219345093 -0.4000000059604645 0.8330000042915344 2.0
0.0 0.0 0.0 0.0
-0.09200000017881393 -0.01600000075995922 0.04899999871850014 0.0
-1.4980000257492065 -0.4309999942779541 0.7009999752044678 1.0
-1.6160000562667847 -0.4189999997615814 0.7950000166893005 2.0
-1.6990000009536743 -0.39100000262260437 0.8759999871253967 1.0
0.0 0.0 0.0 0.0
-1.4459999799728394 -0.453000009059906 0.6819999814033508 1.0
-1.5269999504089355 -0.43299999833106995 0.7549999952316284 1.0
-1.6490000486373901 -0.4180000126361847 0.8529999852180481 2.0
0.0 0.0 0.0 0.0
-1.371000051498413 -0.4650000035762787 0.6520000100135803 1.0
-1.468999981880188 -0.453000009059906 0.7310000061988831 1.0
-1.562999963760376 -0.4339999854564667 0.8119999766349792 1.0
0.0 0.0 0.0 0.0
-2.947000026702881 -1.0779999494552612 1.4129999876022339 7.0
-1.4290000200271606 -0.47699999809265137 0.7149999737739563 1.0
-1.559999942779541 -0.47099998593330383 0.8140000104904175 2.0
0.0 0.0 0.0 0.0
-2.7249999046325684 -1.069000005722046 1.319000005722046 1.0
-1.3769999742507935 -0.4950000047683716 0.6940000057220459 2.0
-1.5440000295639038 -0.5040000081062317 0.8100000023841858 2.0
-1.6019999980926514 -0.4620000123977661 0.8769999742507935 3.0
-2.5810000896453857 -1.0829999446868896 1.2619999647140503 4.0
-2.802000045776367 -1.0800000429153442 1.4249999523162842 21.0
-1.4160000085830688 -0.4970000088214874 0.7480000257492065 1.0
-1.5759999752044678 -0.492000013589859 0.8659999966621399 3.0
-2.431999921798706 -1.0880000591278076 1.2020000219345093 3.0
-2.680999994277954 -1.1039999723434448 1.375 5.0
-1.8849999904632568 -0.7089999914169312 1.0019999742507935 10.0
-1.565999984741211 -0.5260000228881836 0.8640000224113464 3.0
-2.421999931335449 -1.1510000228881836 1.2109999656677246 5.0
-2.4739999771118164 -1.0859999656677246 1.281000018119812 0.0
-1.871999979019165 -0.753000020980835 1.0019999742507935 11.0
-1.4049999713897705 -0.5070000290870667 0.7799999713897705 1.0
-2.427000045776367 -1.2239999771118164 1.2280000448226929 4.0
-2.4210000038146973 -1.128999948501587 1.2660000324249268 5.0
-2.621999979019165 -1.1239999532699585 1.4140000343322754 14.0
-1.809999942779541 -0.6980000138282776 1.0089999437332153 23.0
-2.380000114440918 -1.2699999809265137 1.218999981880188 4.0
-2.430999994277954 -1.2020000219345093 1.284000039100647 4.0
-2.424999952316284 -1.1039999723434448 1.319000005722046 5.0
-1.7910000085830688 -0.7360000014305115 1.0049999952316284 41.0
-2.003999948501587 -1.1299999952316284 1.0410000085830688 47.0
-2.440000057220459 -1.2760000228881836 1.3029999732971191 4.0
-2.4240000247955322 -1.1699999570846558 1.3289999961853027 4.0
-1.7799999713897705 -0.7770000100135803 1.003999948501587 37.0
0.0 0.0 0.0 0.0
-2.009999990463257 -1.1100000143051147 1.0859999656677246 28.0
-2.437000036239624 -1.2430000305175781 1.3489999771118164 4.0
-1.7660000324249268 -0.8180000185966492 1.003999948501587 34.0
-1.9609999656677246 -1.2280000448226929 1.0479999780654907 0.0
-2.0 -1.1640000343322754 1.093999981880188 7.0
-1.527999997138977 -0.8230000138282776 0.8539999723434448 0.0
-2.496000051498413 -1.2230000495910645 1.4290000200271606 29.0
-1.9249999523162842 -1.2690000534057617 1.0449999570846558 78.0
-2.5460000038146973 -1.5609999895095825 1.4110000133514404 14.0
-1.4910000562667847 -0.847000002861023 0.8420000076293945 0.0
-1.468999981880188 -0.7599999904632568 0.847000002861023 1.0
-1.8960000276565552 -1.3140000104904175 1.0470000505447388 82.0
-1.9359999895095825 -1.2480000257492065 1.0870000123977661 74.0
-2.499000072479248 -1.4950000047683716 1.4279999732971191 25.0
-1.465999960899353 -0.800000011920929 0.8529999852180481 1.0
-1.86899995803833 -1.3600000143051147 1.0490000247955322 80.0
-1.9040000438690186 -1.2899999618530273 1.0850000381469727 82.0
-1.9630000591278076 -1.2339999675750732 1.1349999904632568 120.0
-2.000999927520752 -1.149999976158142 1.1749999523162842 68.0
-1.840999960899353 -1.4049999713897705 1.0529999732971191 88.0
-1.88100004196167 -1.3380000591278076 1.0880000591278076 78.0
-1.9210000038146973 -1.2690000534057617 1.1239999532699585 72.0
-2.4130001068115234 -1.4589999914169312 1.430999994277954 22.0
-1.8170000314712524 -1.4550000429153442 1.059000015258789 92.0
-1.8530000448226929 -1.3819999694824219 1.0889999866485596 101.0
-1.8960000276565552 -1.3140000104904175 1.125 78.0
-1.9539999961853027 -1.2410000562667847 1.1710000038146973 85.0
-1.7869999408721924 -1.4989999532699585 1.062000036239624 69.0
-1.8270000219345093 -1.4290000200271606 1.0920000076293945 106.0
-1.86899995803833 -1.3580000400543213 1.1239999532699585 86.0
-1.9149999618530273 -1.2769999504089355 1.159999966621399 69.0
-1.8869999647140503 -1.6579999923706055 1.1449999809265137 150.0
-1.7999999523162842 -1.475000023841858 1.0950000286102295 94.0
-1.840000033378601 -1.4019999504089355 1.1239999532699585 96.0
-1.8880000114440918 -1.3200000524520874 1.1579999923706055 72.0
-1.8209999799728394 -1.6749999523162842 1.128000020980835 54.0
-1.8480000495910645 -1.5850000381469727 1.1449999809265137 150.0
-1.8179999589920044 -1.4509999752044678 1.1269999742507935 98.0
-1.8639999628067017 -1.3669999837875366 1.156999945640564 85.0
-1.7929999828338623 -1.7269999980926514 1.1369999647140503 40.0
-1.8530000448226929 -1.6640000343322754 1.1710000038146973 120.0
-1.7929999828338623 -1.4980000257492065 1.1299999952316284 80.0
-1.8370000123977661 -1.409999966621399 1.1549999713897705 81.0
-1.7300000190734863 -1.74399995803833 1.121999979019165 30.0
-1.8270000219345093 -1.7170000076293945 1.1779999732971191 40.0
-1.940999984741211 -1.6979999542236328 1.24399995803833 105.0
-1.809000015258789 -1.4539999961853027 1.1540000438690186 82.0
0.0 0.0 0.0 0.0
-1.7649999856948853 -1.7350000143051147 1.1619999408721924 44.0
-1.8819999694824219 -1.7230000495910645 1.2289999723434448 50.0
-1.809999942779541 -1.5230000019073486 1.1710000038146973 121.0
0.0 0.0 0.0 1.0
-1.694000005722046 -1.7430000305175781 1.1399999856948853 16.0
-1.812999963760376 -1.7350000143051147 1.2059999704360962 47.0
-1.9529999494552612 -1.718999981880188 1.284000039100647 39.0
0.0 0.0 0.0 0.0
0.0 0.0 0.0 0.0
-1.7410000562667847 -1.74399995803833 1.1820000410079956 32.0
-1.8739999532699585 -1.7259999513626099 1.253000020980835 35.0
0.0 0.0 0.0 1.0
0.0 0.0 0.0 0.0
0.0 0.0 0.0 0.0
-1.7960000038146973 -1.7300000190734863 1.222000002861023 42.0
0.0 0.0 0.0 0.0
0.0 0.0 0.0 0.0
0.0 0.0 0.0 0.0
-1.7269999980926514 -1.7400000095367432 1.1970000267028809 25.0
0.0 0.0 0.0 1.0
0.0 0.0 0.0 0.0
0.0 0.0 0.0 0.0
0.0 0.0 0.0 0.0
0.0 0.0 0.0 0.0
0.0 0.0 0.0 0.0
0.0 0.0 0.0 0.0
0.0 0.0 0.0 1.0
0.0 0.0 0.0 0.0
0.0 0.0 0.0 0.0
0.0 0.0 0.0 0.0
0.0 0.0 0.0 0.0
0.0 0.0 0.0 0.0
0.0 0.0 0.0 0.0
0.0 0.0 0.0 0.0
0.0 0.0 0.0 1.0
0.0 0.0 0.0 0.0
0.0 0.0 0.0 0.0
0.0 0.0 0.0 0.0
0.0 0.0 0.0 0.0
0.0 0.0 0.0 0.0
0.0 0.0 0.0 0.0
0.0 0.0 0.0 0.0
0.0 0.0 0.0 1.0
0.0 0.0 0.0 0.0
0.0 0.0 0.0 0.0
0.0 0.0 0.0 0.0
0.0 0.0 0.0 0.0
0.0 0.0 0.0 0.0
0.0 0.0 0.0 0.0
0.0 0.0 0.0 0.0
0.0 0.0 0.0 1.0
0.0 0.0 0.0 0.0
0.0 0.0 0.0 0.0
0.0 0.0 0.0 0.0
0.0 0.0 0.0 0.0
-0.597000002861023 -1.2610000371932983 0.6460000276565552 0.0
0.0 0.0 0.0 0.0
0.0 0.0 0.0 0.0
0.0 0.0 0.0 0.0
-0.5680000185966492 -1.2740000486373901 0.6470000147819519 1.0
0.0 0.0 0.0 0.0
0.0 0.0 0.0 0.0
0.0 0.0 0.0 0.0
-0.5370000004768372 -1.281000018119812 0.6439999938011169 1.0
-0.5860000252723694 -1.2699999809265137 0.6489999890327454 1.0
0.0 0.0 0.0 0.0
0.0 0.0 0.0 0.0
-0.5090000033378601 -1.2929999828338623 0.6449999809265137 1.0
-0.5479999780654907 -1.2619999647140503 0.6380000114440918 1.0
0.0 0.0 0.0 0.0
0.0 0.0 0.0 0.0
-0.47600001096725464 -1.2940000295639038 0.640999972820282 1.0
-0.5270000100135803 -1.2899999618530273 0.6460000276565552 1.0
-0.578000009059906 -1.2869999408721924 0.6520000100135803 1.0
0.0 0.0 0.0 0.0
-0.44600000977516174 -1.2999999523162842 0.6399999856948853 1.0
-0.4909999966621399 -1.284999966621399 0.6370000243186951 1.0
-0.5370000004768372 -1.2699999809265137 0.6359999775886536 1.0
-0.593999981880188 -1.2630000114440918 0.6420000195503235 0.0
-0.41499999165534973 -1.305999994277954 0.6380000114440918 2.0
-0.4620000123977661 -1.2970000505447388 0.6370000243186951 2.0
-0.5090000033378601 -1.2869999408721924 0.6370000243186951 2.0
-0.5690000057220459 -1.284999966621399 0.6430000066757202 1.0
0.0 0.0 0.0 0.0
0.0 0.0 0.0 0.0
0.0 0.0 0.0 0.0
-0.5360000133514404 -1.2910000085830688 0.6370000243186951 2.0
0.0 0.0 0.0 0.0
0.0 0.0 0.0 0.0
0.0 0.0 0.0 0.0
-0.5120000243186951 -1.3179999589920044 0.6420000195503235 2.0
-0.3310000002384186 -1.343999981880188 0.6460000276565552 2.0
-0.36899998784065247 -1.309000015258789 0.628000020980835 1.0
-0.4169999957084656 -1.3070000410079956 0.6269999742507935 1.0
0.0 0.0 0.0 0.0
-0.30000001192092896 -1.3450000286102295 0.6439999938011169 0.0
-0.3490000069141388 -1.3519999980926514 0.6430000066757202 0.0
-0.3880000114440918 -1.3200000524520874 0.6269999742507935 1.0
0.0 0.0 0.0 0.0
0.0 0.0 0.0 0.0
-0.3149999976158142 -1.343999981880188 0.6349999904632568 2.0
-0.36399999260902405 -1.3530000448226929 0.6370000243186951 2.0
-0.41999998688697815 -1.3539999723434448 0.6349999904632568 1.0
-0.1770000010728836 -1.003000020980835 0.47600001096725464 10.0
-0.29600000381469727 -1.406000018119812 0.6610000133514404 1.0
-0.3319999873638153 -1.3559999465942383 0.6320000290870667 0.0
-0.3889999985694885 -1.3680000305175781 0.6349999904632568 1.0
-0.1469999998807907 -0.9570000171661377 0.453000009059906 17.0
0.0 0.0 0.0 0.0
-0.3019999861717224 -1.36899995803833 0.6340000033378601 2.0
-0.3610000014305115 -1.3880000114440918 0.6370000243186951 2.0
-0.125 -0.9480000138282776 0.44699999690055847 17.0
-0.16200000047683716 -0.9850000143051147 0.4580000042915344 7.0
-0.28299999237060547 -1.4359999895095825 0.6600000262260437 2.0
-0.3230000138282776 -1.3760000467300415 0.625 2.0
-0.10400000214576721 -0.9490000009536743 0.44699999690055847 24.0
-0.13500000536441803 -0.9610000252723694 0.4449999928474426 10.0
0.0 0.0 0.0 0.0
-0.3050000071525574 -1.4479999542236328 0.6520000100135803 9.0
-0.0820000022649765 -0.9409999847412109 0.4429999887943268 23.0
-0.11500000208616257 -0.9710000157356262 0.4480000138282776 8.0
-0.15000000596046448 -0.9990000128746033 0.453000009059906 5.0
-0.26499998569488525 -1.4210000038146973 0.6340000033378601 0.0
-0.061000000685453415 -0.9350000023841858 0.4399999976158142 22.0
-0.09099999815225601 -0.953000009059906 0.43799999356269836 11.0
-0.12399999797344208 -0.9829999804496765 0.4429999887943268 7.0
0.0 0.0 0.0 0.0
-0.03999999910593033 -0.9269999861717224 0.4359999895095825 22.0
-0.0689999982714653 -0.949999988079071 0.4359999895095825 12.0
-0.10000000149011612 -0.9729999899864197 0.43700000643730164 8.0
-0.14100000262260437 -1.0230000019073486 0.4490000009536743 8.0
-0.01899999938905239 -0.9179999828338623 0.4309999942779541 15.0
-0.04800000041723251 -0.9440000057220459 0.4320000112056732 12.0
-0.07599999755620956 -0.9559999704360962 0.4269999861717224 10.0
-0.11400000005960464 -0.9980000257492065 0.4350000023841858 7.0
0.0 -0.9240000247955322 0.4339999854564667 11.0
-0.026000000536441803 -0.9409999847412109 0.42899999022483826 12.0
-0.05400000140070915 -0.9520000219345093 0.4230000078678131 11.0
-0.08900000154972076 -0.9879999756813049 0.42800000309944153 8.0
0.019999999552965164 -0.9210000038146973 0.43299999833106995 19.0
-0.004999999888241291 -0.9490000009536743 0.43299999833106995 14.0
-0.032999999821186066 -0.9629999995231628 0.4269999861717224 13.0
-0.06599999964237213 -0.9919999837875366 0.4269999861717224 12.0
0.039000000804662704 -0.9100000262260437 0.42800000309944153 19.0
0.014999999664723873 -0.9399999976158142 0.42800000309944153 13.0
-0.009999999776482582 -0.9490000009536743 0.4189999997615814 14.0
-0.041999999433755875 -0.9760000109672546 0.4180000126361847 11.0
0.05900000035762787 -0.9079999923706055 0.42800000309944153 21.0
0.03500000014901161 -0.9240000247955322 0.42100000381469727 15.0
0.009999999776482582 -0.9409999847412109 0.414000004529953 13.0
-0.017999999225139618 -0.9629999995231628 0.4099999964237213 18.0
0.07900000363588333 -0.9079999923706055 0.42899999022483826 20.0
0.0560000017285347 -0.9200000166893005 0.4189999997615814 14.0
0.03200000151991844 -0.9309999942779541 0.4090000092983246 13.0
0.003000000026077032 -0.9549999833106995 0.4050000011920929 19.0
0.10000000149011612 -0.9139999747276306 0.43299999833106995 20.0
0.07699999958276749 -0.9240000247955322 0.42100000381469727 11.0
0.05299999937415123 -0.9330000281333923 0.4090000092983246 10.0
0.026000000536441803 -0.9559999704360962 0.40400001406669617 18.0
0.11999999731779099 -0.9139999747276306 0.4339999854564667 19.0
0.0989999994635582 -0.9330000281333923 0.42500001192092896 11.0
0.07599999755620956 -0.9520000219345093 0.4169999957084656 7.0
0.04899999871850014 -0.9589999914169312 0.40299999713897705 12.0
0.14100000262260437 -0.9169999957084656 0.43700000643730164 16.0
0.11900000274181366 -0.9300000071525574 0.42500001192092896 10.0
0.0989999994635582 -0.9570000171661377 0.4189999997615814 7.0
0.07500000298023224 -1.0 0.41999998688697815 8.0
0.16300000250339508 -0.925000011920929 0.44200000166893005 10.0
0.14300000667572021 -0.9449999928474426 0.4320000112056732 7.0
0.12300000339746475 -0.9700000286102295 0.42500001192092896 8.0
0.09799999743700027 -0.996999979019165 0.4169999957084656 8.0
0.18700000643730164 -0.9430000185966492 0.453000009059906 10.0
0.16699999570846558 -0.9580000042915344 0.4390000104904175 6.0
0.1459999978542328 -0.9750000238418579 0.4269999861717224 5.0
0.1720000058412552 -1.3980000019073486 0.5849999785423279 0.0
0.21400000154972076 -0.9670000076293945 0.4659999907016754 6.0
0.19099999964237213 -0.9660000205039978 0.4440000057220459 5.0
0.1770000010728836 -1.0190000534057617 0.44699999690055847 4.0
0.22100000083446503 -1.5019999742507935 0.628000020980835 0.0
0.33399999141693115 -1.36899995803833 0.6639999747276306 5.0
0.2840000092983246 -1.2879999876022339 0.593999981880188 5.0
0.29600000381469727 -1.496000051498413 0.6579999923706055 1.0
0.257999986410141 -1.4989999532699585 0.6259999871253967 5.0
0.36500000953674316 -1.3660000562667847 0.6660000085830688 6.0
0.3400000035762787 -1.3890000581741333 0.6439999938011169 9.0
0.32899999618530273 -1.4819999933242798 0.652999997138977 26.0
0.3610000014305115 -1.840000033378601 0.7689999938011169 5.0
0.3930000066757202 -1.3530000448226929 0.6639999747276306 5.0
0.375 -1.3990000486373901 0.6510000228881836 6.0
0.3479999899864197 -1.4140000343322754 0.625 0.0
0.35199999809265137 -1.5889999866485596 0.6650000214576721 10.0
0.42500001192092896 -1.3519999980926514 0.6679999828338623 6.0
0.41499999165534973 -1.4190000295639038 0.6639999747276306 5.0
0.4009999930858612 -1.4789999723434448 0.656000018119812 37.0
0.38600000739097595 -1.565000057220459 0.656000018119812 59.0
0.0 0.0 0.0 0.0
0.4490000009536743 -1.4149999618530273 0.6660000085830688 35.0
0.4449999928474426 -1.503000020980835 0.6690000295639038 3.0
0.4259999990463257 -1.565000057220459 0.6570000052452087 47.0
0.6800000071525574 -1.8769999742507935 0.9409999847412109 7.0
0.6200000047683716 -1.815999984741211 0.859000027179718 1.0
0.5989999771118164 -1.8630000352859497 0.8339999914169312 41.0
0.5540000200271606 -1.8580000400543213 0.7820000052452087 33.0
0.7289999723434448 -1.8830000162124634 0.9509999752044678 55.0
0.6880000233650208 -1.875 0.8930000066757202 54.0
0.6520000100135803 -1.878999948501587 0.8450000286102295 55.0
0.6079999804496765 -1.8760000467300415 0.7919999957084656 59.0
0.7720000147819519 -1.8739999532699585 0.9539999961853027 33.0
0.7390000224113464 -1.8819999694824219 0.902999997138977 50.0
0.7009999752044678 -1.8769999742507935 0.8489999771118164 55.0
0.6610000133514404 -1.8819999694824219 0.7979999780654907 54.0
0.8169999718666077 -1.8669999837875366 0.9589999914169312 43.0
0.7879999876022339 -1.8819999694824219 0.9100000262260437 39.0
0.7519999742507935 -1.88100004196167 0.8560000061988831 52.0
0.7110000252723694 -1.8799999952316284 0.8009999990463257 60.0
0.703000009059906 -1.5180000066757202 0.7870000004768372 7.0
0.8389999866485596 -1.8849999904632568 0.9179999828338623 48.0
0.8050000071525574 -1.8860000371932983 0.8640000224113464 49.0
0.7639999985694885 -1.8839999437332153 0.8069999814033508 56.0
0.8740000128746033 -1.784999966621399 0.9350000023841858 25.0
0.7039999961853027 -1.4930000305175781 0.734000027179718 7.0
0.8410000205039978 -1.850000023841858 0.8539999723434448 92.0
0.8190000057220459 -1.8880000114440918 0.8140000104904175 50.0
0.9599999785423279 -1.8589999675750732 0.984000027179718 38.0
0.9430000185966492 -1.8880000114440918 0.9369999766349792 50.0
0.7210000157356262 -1.4930000305175781 0.6949999928474426 8.0
0.6970000267028809 -1.50600004196167 0.6539999842643738 7.0
1.00600004196167 -1.850000023841858 0.9900000095367432 25.0
0.9980000257492065 -1.8899999856948853 0.9470000267028809 50.0
0.9679999947547913 -1.8910000324249268 0.8880000114440918 32.0
0.9210000038146973 -1.86899995803833 0.8180000185966492 63.0
0.7229999899864197 -1.2630000114440918 0.6830000281333923 6.0
1.0509999990463257 -1.8869999647140503 0.9559999704360962 71.0
0.8550000190734863 -1.5789999961853027 0.7490000128746033 155.0
0.8650000095367432 -1.652999997138977 0.7289999723434448 154.0
0.7609999775886536 -1.2660000324249268 0.6930000185966492 0.0
0.7419999837875366 -1.2649999856948853 0.6480000019073486 6.0
0.7250000238418579 -1.2669999599456787 0.6069999933242798 7.0
0.7260000109672546 -1.309999942779541 0.5830000042915344 25.0
0.9629999995231628 -1.5269999504089355 0.847000002861023 8.0
0.9480000138282776 -1.5369999408721924 0.796999990940094 1.0
0.7630000114440918 -1.2660000324249268 0.6129999756813049 0.0
0.7480000257492065 -1.2760000228881836 0.5740000009536743 1.0
1.2519999742507935 -1.8930000066757202 1.0640000104904175 65.0
1.1990000009536743 -1.850000023841858 0.9710000157356262 88.0
0.9679999947547913 -1.524999976158142 0.7480000257492065 10.0
0.8479999899864197 -1.3700000047683716 0.6230000257492065 92.0
1.24399995803833 -1.7960000038146973 1.0230000019073486 48.0
1.2489999532699585 -1.8359999656677246 0.9769999980926514 17.0
1.2730000019073486 -1.9049999713897705 0.9459999799728394 33.0
1.253999948501587 -1.9220000505447388 0.8840000033378601 7.0
1.2489999532699585 -1.7230000495910645 0.996999979019165 48.0
1.253000020980835 -1.7549999952316284 0.9470000267028809 49.0
1.2489999532699585 -1.7790000438690186 0.8949999809265137 52.0
1.2450000047683716 -1.809999942779541 0.8429999947547913 49.0
0.9700000286102295 -1.2799999713897705 0.7509999871253967 7.0
0.9729999899864197 -1.3009999990463257 0.7120000123977661 7.0
1.246000051498413 -1.6890000104904175 0.8619999885559082 48.0
1.2519999742507935 -1.7289999723434448 0.8159999847412109 50.0
1.2589999437332153 -1.5889999866485596 0.9480000138282776 53.0
1.1820000410079956 -1.5080000162124634 0.8379999995231628 97.0
0.9890000224113464 -1.277999997138977 0.6620000004768372 9.0
0.9700000286102295 -1.2740000486373901 0.6100000143051147 7.0
1.2630000114440918 -1.524999976158142 0.9240000247955322 51.0
1.2669999599456787 -1.5449999570846558 0.8730000257492065 55.0
1.2660000324249268 -1.559000015258789 0.8209999799728394 59.0
1.2630000114440918 -1.5770000219345093 0.7670000195503235 52.0
1.2690000534057617 -1.468000054359436 0.9049999713897705 48.0
1.2669999599456787 -1.4759999513626099 0.8479999899864197 52.0
1.2680000066757202 -1.4900000095367432 0.7979999780654907 55.0
1.2660000324249268 -1.5049999952316284 0.7440000176429749 57.0
1.2719999551773071 -1.409000039100647 0.8840000033378601 54.0
1.2710000276565552 -1.4160000085830688 0.828000009059906 56.0
1.2719999551773071 -1.4259999990463257 0.777999997138977 49.0
1.2719999551773071 -1.440999984741211 0.7250000238418579 57.0
1.2719999551773071 -1.350000023841858 0.8629999756813049 51.0
1.274999976158142 -1.3580000400543213 0.8090000152587891 56.0
1.277999997138977 -1.3669999837875366 0.7590000033378601 54.0
1.2769999504089355 -1.3769999742507935 0.7059999704360962 61.0
1.2760000228881836 -1.2970000505447388 0.8460000157356262 10.0
1.277999997138977 -1.3009999990463257 0.7910000085830688 24.0
1.2790000438690186 -1.305999994277954 0.7400000095367432 46.0
1.281999945640564 -1.3170000314712524 0.6890000104904175 45.0
1.2799999713897705 -1.246999979019165 0.8299999833106995 21.0
1.284000039100647 -1.25 0.7760000228881836 16.0
1.2890000343322754 -1.2549999952316284 0.7260000109672546 14.0
1.2869999408721924 -1.2589999437332153 0.6729999780654907 10.0
1.2860000133514404 -1.2000000476837158 0.8159999847412109 53.0
1.284000039100647 -1.1950000524520874 0.7580000162124634 50.0
1.2910000085830688 -1.2000000476837158 0.7099999785423279 53.0
1.2869999408721924 -1.2000000476837158 0.6549999713897705 9.0
1.2869999408721924 -1.149999976158142 0.7990000247955322 49.0
1.2920000553131104 -1.149999976158142 0.7459999918937683 55.0
1.2990000247955322 -1.152999997138977 0.6980000138282776 49.0
1.3009999990463257 -1.1549999713897705 0.6460000276565552 2.0
1.2929999828338623 -1.1069999933242798 0.7870000004768372 49.0
1.2949999570846558 -1.1019999980926514 0.7319999933242798 54.0
1.3049999475479126 -1.1050000190734863 0.6850000023841858 21.0
1.3359999656677246 -1.1299999952316284 0.6480000019073486 4.0
1.2990000247955322 -1.065000057220459 0.7760000228881836 52.0
1.2970000505447388 -1.0540000200271606 0.7179999947547913 49.0
1.2890000343322754 -1.0410000085830688 0.6629999876022339 20.0
1.3450000286102295 -1.0820000171661377 0.6370000243186951 8.0
1.2979999780654907 -1.0180000066757202 0.7599999904632568 58.0
1.3020000457763672 -1.0099999904632568 0.7070000171661377 56.0
1.3029999732971191 -1.003000020980835 0.656000018119812 7.0
1.350000023841858 -1.0329999923706055 0.6259999871253967 8.0
1.3040000200271606 -0.9789999723434448 0.7509999871253967 62.0
1.3070000410079956 -0.9679999947547913 0.6959999799728394 40.0
1.3049999475479126 -0.9570000171661377 0.6439999938011169 9.0
1.4390000104904175 -1.0470000505447388 0.652999997138977 2.0
1.3079999685287476 -0.9380000233650208 0.7400000095367432 64.0
1.309999942779541 -0.9259999990463257 0.6850000023841858 32.0
1.3250000476837158 -0.925000011920929 0.6420000195503235 1.0
1.3940000534057617 -0.9629999995231628 0.6200000047683716 8.0
1.3109999895095825 -0.8980000019073486 0.7289999723434448 62.0
1.309000015258789 -0.8820000290870667 0.6729999780654907 15.0
1.406999945640564 -0.9340000152587891 0.6700000166893005 1.0
1.4390000104904175 -0.9440000057220459 0.628000020980835 12.0
1.3109999895095825 -0.8579999804496765 0.7179999947547913 64.0
1.312999963760376 -0.8420000076293945 0.6639999747276306 14.0
1.4249999523162842 -0.8989999890327454 0.6660000085830688 1.0
1.468000054359436 -0.9129999876022339 0.6290000081062317 1.0
1.309999942779541 -0.8180000185966492 0.7059999704360962 13.0
1.315999984741211 -0.8029999732971191 0.6549999713897705 8.0
1.4630000591278076 -0.8759999871253967 0.6729999780654907 2.0
1.4789999723434448 -0.8709999918937683 0.6230000257492065 39.0
1.3220000267028809 -0.7860000133514404 0.7020000219345093 72.0
1.3209999799728394 -0.765999972820282 0.6480000019073486 4.0
1.4730000495910645 -0.8360000252723694 0.6669999957084656 3.0
1.49399995803833 -0.8309999704360962 0.6190000176429749 29.0
1.319000005722046 -0.7459999918937683 0.6899999976158142 11.0
1.3250000476837158 -0.7289999723434448 0.6399999856948853 3.0
1.4570000171661377 -0.7820000052452087 0.6489999890327454 0.0
1.5369999408721924 -0.8069999814033508 0.6269999742507935 2.0
1.3380000591278076 -0.7200000286102295 0.6909999847412109 5.0
1.3329999446868896 -0.6949999928474426 0.6349999904632568 3.0
1.4809999465942383 -0.7509999871253967 0.6510000228881836 4.0
1.4390000104904175 -0.7110000252723694 0.578000009059906 8.0
1.3220000267028809 -0.675000011920929 0.6729999780654907 5.0
1.3949999809265137 -0.6880000233650208 0.6549999713897705 2.0
1.4620000123977661 -0.6990000009536743 0.6340000033378601 7.0
1.4889999628067017 -0.6919999718666077 0.5899999737739563 10.0
1.3769999742507935 -0.6660000085830688 0.6919999718666077 45.0
1.4579999446868896 -0.6790000200271606 0.6759999990463257 6.0
1.4670000076293945 -0.6600000262260437 0.628000020980835 23.0
1.5499999523162842 -0.675000011920929 0.6069999933242798 2.0
1.4210000038146973 -0.6499999761581421 0.7059999704360962 11.0
1.4789999723434448 -0.6489999890327454 0.6769999861717224 4.0
1.6130000352859497 -0.6809999942779541 0.6819999814033508 7.0
1.6089999675750732 -0.6549999713897705 0.621999979019165 18.0
1.4759999513626099 -0.6370000243186951 0.7250000238418579 46.0
1.5149999856948853 -0.625 0.6859999895095825 95.0
1.7960000038146973 -0.7099999785423279 0.7509999871253967 10.0
1.8489999771118164 -0.7009999752044678 0.7070000171661377 16.0
1.5160000324249268 -0.6159999966621399 0.7360000014305115 48.0
1.5549999475479126 -0.6000000238418579 0.6959999799728394 30.0
1.9450000524520874 -0.7170000076293945 0.8040000200271606 24.0
2.0399999618530273 -0.7170000076293945 0.7710000276565552 12.0
1.5609999895095825 -0.5950000286102295 0.75 23.0
1.6130000352859497 -0.5809999704360962 0.7139999866485596 44.0
1.718000054359436 -0.5879999995231628 0.703000009059906 94.0
2.246000051498413 -0.7289999723434448 0.8399999737739563 14.0
1.61899995803833 -0.578000009059906 0.7689999938011169 42.0
1.6660000085830688 -0.5590000152587891 0.7310000061988831 41.0
1.722000002861023 -0.5440000295639038 0.6980000138282776 44.0
2.2360000610351562 -0.6660000085830688 0.8289999961853027 18.0
1.680999994277954 -0.5590000152587891 0.7910000085830688 43.0
1.7289999723434448 -0.5370000004768372 0.7509999871253967 43.0
1.8860000371932983 -0.5479999780654907 0.7570000290870667 152.0
2.450000047683716 -0.6650000214576721 0.8999999761581421 15.0
1.7389999628067017 -0.5370000004768372 0.8109999895095825 41.0
2.2149999141693115 -0.6330000162124634 0.9539999961853027 31.0
2.434000015258789 -0.6460000276565552 0.968999981880188 17.0
2.683000087738037 -0.6600000262260437 0.9779999852180481 12.0
2.190999984741211 -0.6259999871253967 1.0130000114440918 21.0
2.4130001068115234 -0.6320000290870667 1.031000018119812 15.0
2.6700000762939453 -0.6430000066757202 1.0549999475479126 9.0
2.9590001106262207 -0.6520000100135803 1.0709999799728394 4.0
2.378000020980835 -0.6240000128746033 1.090000033378601 15.0
2.625999927520752 -0.625 1.1130000352859497 14.0
3.3480000495910645 -0.7239999771118164 1.312999963760376 14.0
3.875 -0.7559999823570251 1.3930000066757202 20.0
2.565999984741211 -0.6150000095367432 1.1670000553131104 15.0
3.140000104904175 -0.6729999780654907 1.3209999799728394 11.0
3.565999984741211 -0.6840000152587891 1.3890000581741333 25.0
3.881999969482422 -0.6610000133514404 1.3880000114440918 20.0
2.8269999027252197 -0.6119999885559082 1.274999976158142 10.0
3.3269999027252197 -0.6349999904632568 1.3899999856948853 28.0
3.5920000076293945 -0.6029999852180481 1.3910000324249268 25.0
3.9000000953674316 -0.5669999718666077 1.3860000371932983 17.0
3.115999937057495 -0.6050000190734863 1.3960000276565552 28.0
3.3519999980926514 -0.5619999766349792 1.3910000324249268 28.0
3.6089999675750732 -0.5199999809265137 1.3899999856948853 25.0
3.9200000762939453 -0.4729999899864197 1.3869999647140503 17.0
3.132999897003174 -0.5379999876022339 1.3940000534057617 28.0
3.365000009536743 -0.4869999885559082 1.3890000581741333 28.0
3.625 -0.4359999895095825 1.3890000581741333 24.0
3.937999963760376 -0.3799999952316284 1.3880000114440918 17.0
3.1519999504089355 -0.47099998593330383 1.3940000534057617 28.0
3.38700008392334 -0.41200000047683716 1.3910000324249268 28.0
3.6419999599456787 -0.35199999809265137 1.3899999856948853 25.0
3.940000057220459 -0.2840000092983246 1.3839999437332153 16.0
3.1730000972747803 -0.40400001406669617 1.3940000534057617 27.0
3.4040000438690186 -0.335999995470047 1.3910000324249268 26.0
3.6510000228881836 -0.2669999897480011 1.3869999647140503 23.0
3.950000047683716 -0.1889999955892563 1.3839999437332153 17.0
3.187999963760376 -0.335999995470047 1.3940000534057617 27.0
3.4130001068115234 -0.2590000033378601 1.3890000581741333 28.0
3.6679999828338623 -0.18199999630451202 1.3890000581741333 22.0
3.4210000038146973 -0.08100000023841858 1.1970000267028809 73.0
3.2039999961853027 -0.2669999897480011 1.3940000534057617 25.0
3.424999952316284 -0.18299999833106995 1.3890000581741333 27.0
3.4519999027252197 -0.09099999815225601 1.3049999475479126 46.0
3.4000000953674316 0.0 1.187999963760376 98.0
3.2200000286102295 -0.1979999989271164 1.3940000534057617 24.0
3.440999984741211 -0.10599999874830246 1.3899999856948853 24.0
3.3570001125335693 -0.009999999776482582 1.2660000324249268 75.0
3.8310000896453857 0.09300000220537186 1.3380000591278076 16.0
3.2330000400543213 -0.1289999932050705 1.3940000534057617 23.0
3.3010001182556152 -0.027000000700354576 1.3300000429153442 52.0
3.4100000858306885 0.06800000369548798 1.284000039100647 85.0
3.3959999084472656 0.164000004529953 1.184999942779541 95.0
3.2300000190734863 -0.057999998331069946 1.3869999647140503 30.0
3.3910000324249268 0.04699999839067459 1.3630000352859497 23.0
3.378000020980835 0.1459999978542328 1.2710000276565552 90.0
3.4100000858306885 0.24699999392032623 1.190999984741211 85.0
3.253999948501587 0.012000000104308128 1.3930000066757202 24.0
3.4660000801086426 0.12700000405311584 1.3899999856948853 23.0
3.3550000190734863 0.2240000069141388 1.2619999647140503 84.0
3.9630000591278076 0.382999986410141 1.3860000371932983 17.0
3.26200008392334 0.08299999684095383 1.3930000066757202 20.0
3.315000057220459 0.19699999690055847 1.3279999494552612 52.0
3.681999921798706 0.3319999873638153 1.3849999904632568 23.0
3.9549999237060547 0.4790000021457672 1.3860000371932983 16.0
3.2639999389648438 0.1550000011920929 1.3899999856948853 24.0
3.3519999980926514 0.2750000059604645 1.3420000076293945 40.0
3.6989998817443848 0.41999998688697815 1.3930000066757202 19.0
3.937999963760376 0.5730000138282776 1.3839999437332153 17.0
3.2300000190734863 0.22499999403953552 1.371999979019165 48.0
3.4730000495910645 0.36399999260902405 1.3899999856948853 24.0
3.700000047683716 0.5090000033378601 1.3949999809265137 19.0
3.927999973297119 0.6679999828338623 1.3849999904632568 16.0
3.2850000858306885 0.3009999990463257 1.3940000534057617 25.0
3.4700000286102295 0.4440000057220459 1.3890000581741333 25.0
3.688999891281128 0.5950000286102295 1.3940000534057617 18.0
3.9140000343322754 0.7630000114440918 1.3849999904632568 17.0
3.2899999618530273 0.37400001287460327 1.3949999809265137 20.0
3.4760000705718994 0.5249999761581421 1.3930000066757202 22.0
3.680000066757202 0.6819999814033508 1.3930000066757202 17.0
3.8919999599456787 0.8560000061988831 1.3839999437332153 17.0
3.2960000038146973 0.4490000009536743 1.3960000276565552 17.0
3.4700000286102295 0.6039999723434448 1.3919999599456787 24.0
3.6689999103546143 0.7680000066757202 1.3940000534057617 18.0
3.877000093460083 0.949999988079071 1.3860000371932983 17.0
3.2929999828338623 0.5220000147819519 1.3940000534057617 19.0
3.4630000591278076 0.6840000152587891 1.3919999599456787 21.0
3.6619999408721924 0.8560000061988831 1.3960000276565552 18.0
3.8580000400543213 1.0440000295639038 1.3869999647140503 16.0
3.2899999618530273 0.5960000157356262 1.3930000066757202 18.0
3.4609999656677246 0.765999972820282 1.3940000534057617 24.0
3.6410000324249268 0.9409999847412109 1.3949999809265137 20.0
3.828000068664551 1.1349999904632568 1.3860000371932983 17.0
3.2880001068115234 0.6700000166893005 1.3930000066757202 17.0
3.4519999027252197 0.8460000157356262 1.3940000534057617 21.0
3.615999937057495 1.024999976158142 1.3919999599456787 18.0
3.808000087738037 1.2280000448226929 1.3890000581741333 18.0
3.2790000438690186 0.7450000047683716 1.3910000324249268 17.0
3.436000108718872 0.925000011920929 1.3919999599456787 21.0
3.5999999046325684 1.1109999418258667 1.3940000534057617 18.0
3.7660000324249268 1.315000057220459 1.3839999437332153 17.0
3.2799999713897705 0.8209999799728394 1.3940000534057617 20.0
3.428999900817871 1.0080000162124634 1.3949999809265137 21.0
3.5769999027252197 1.1959999799728394 1.3930000066757202 18.0
3.734999895095825 1.4049999713897705 1.3849999904632568 17.0
3.2739999294281006 0.8980000019073486 1.3940000534057617 22.0
3.4089999198913574 1.0859999656677246 1.3930000066757202 22.0
3.555000066757202 1.281000018119812 1.3940000534057617 16.0
3.696000099182129 1.4919999837875366 1.3830000162124634 17.0
3.26200008392334 0.9729999899864197 1.3930000066757202 22.0
3.38700008392334 1.1649999618530273 1.3910000324249268 22.0
3.5339999198913574 1.3680000305175781 1.3960000276565552 17.0
3.6670000553131104 1.5820000171661377 1.3860000371932983 12.0
3.259000062942505 1.0509999990463257 1.3960000276565552 24.0
3.372999906539917 1.246999979019165 1.3930000066757202 22.0
3.496999979019165 1.4479999542236328 1.3930000066757202 19.0
3.630000114440918 1.6699999570846558 1.3869999647140503 12.0
3.240999937057495 1.1260000467300415 1.3930000066757202 24.0
3.3529999256134033 1.3259999752044678 1.3930000066757202 16.0
3.4730000495910645 1.531999945640564 1.3960000276565552 17.0
3.5829999446868896 1.7519999742507935 1.3849999904632568 18.0
3.2279999256134033 1.2020000219345093 1.3940000534057617 23.0
3.319000005722046 1.4010000228881836 1.3890000581741333 15.0
3.428999900817871 1.6089999675750732 1.3910000324249268 16.0
3.5339999198913574 1.8320000171661377 1.3830000162124634 17.0
3.2100000381469727 1.2769999504089355 1.3919999599456787 23.0
3.302999973297119 1.4839999675750732 1.3919999599456787 22.0
3.3989999294281006 1.6920000314712524 1.3919999599456787 15.0
3.490999937057495 1.9170000553131104 1.3839999437332153 18.0
3.1989998817443848 1.3559999465942383 1.3949999809265137 23.0
3.2730000019073486 1.5609999895095825 1.3910000324249268 21.0
3.372999906539917 1.7790000438690186 1.3969999551773071 11.0
3.440000057220459 1.996000051498413 1.3830000162124634 18.0
3.171999931335449 1.4299999475479126 1.3910000324249268 22.0
3.240999937057495 1.6380000114440918 1.3890000581741333 19.0
3.3299999237060547 1.8559999465942383 1.3949999809265137 17.0
3.4010000228881836 2.0829999446868896 1.3869999647140503 12.0
3.1519999504089355 1.50600004196167 1.3910000324249268 22.0
3.2139999866485596 1.7170000076293945 1.3899999856948853 15.0
3.2850000858306885 1.9320000410079956 1.3930000066757202 17.0
3.3440001010894775 2.1589999198913574 1.3849999904632568 12.0
3.128999948501587 1.5820000171661377 1.3910000324249268 20.0
3.187999963760376 1.7979999780654907 1.3930000066757202 18.0
3.2360000610351562 2.00600004196167 1.3899999856948853 11.0
3.2980000972747803 2.240000009536743 1.3880000114440918 12.0
3.1059999465942383 1.659000039100647 1.3910000324249268 21.0
3.1519999504089355 1.8730000257492065 1.3919999599456787 19.0
3.194999933242798 2.0840001106262207 1.3910000324249268 18.0
3.23799991607666 2.312999963760376 1.3869999647140503 18.0
3.0799999237060547 1.7350000143051147 1.3910000324249268 17.0
3.115999937057495 1.9490000009536743 1.3919999599456787 13.0
3.1480000019073486 2.1600000858306885 1.3910000324249268 17.0
3.1649999618530273 2.375999927520752 1.3799999952316284 22.0
3.059999942779541 1.815999984741211 1.3940000534057617 14.0
3.072999954223633 2.0209999084472656 1.3890000581741333 21.0
3.1040000915527344 2.2360000610351562 1.3930000066757202 16.0
3.122999906539917 2.4609999656677246 1.3880000114440918 28.0
3.0199999809265137 1.8849999904632568 1.3890000581741333 24.0
3.0380001068115234 2.0989999771118164 1.3910000324249268 21.0
3.059999942779541 2.315000057220459 1.3949999809265137 20.0
3.058000087738037 2.5299999713897705 1.3860000371932983 17.0
2.993000030517578 1.9639999866485596 1.3910000324249268 22.0
2.996999979019165 2.1740000247955322 1.3910000324249268 20.0
3.013000011444092 2.3910000324249268 1.3969999551773071 18.0
2.994999885559082 2.5980000495910645 1.3860000371932983 17.0
2.9639999866485596 2.0420000553131104 1.3930000066757202 21.0
2.9519999027252197 2.246999979019165 1.3910000324249268 15.0
2.9509999752044678 2.4549999237060547 1.3930000066757202 16.0
2.937999963760376 2.6730000972747803 1.3890000581741333 16.0
2.927999973297119 2.117000102996826 1.3919999599456787 18.0
2.9119999408721924 2.322000026702881 1.3930000066757202 16.0
2.9010000228881836 2.5280001163482666 1.3960000276565552 16.0
2.874000072479248 2.73799991607666 1.3910000324249268 16.0
2.885999917984009 2.186000108718872 1.3899999856948853 18.0
2.868000030517578 2.3949999809265137 1.3940000534057617 18.0
2.8410000801086426 2.5940001010894775 1.3940000534057617 16.0
2.803999900817871 2.799999952316284 1.3890000581741333 16.0
2.864000082015991 2.2739999294281006 1.3980000019073486 13.0
2.815999984741211 2.4649999141693115 1.3930000066757202 16.0
2.7839999198913574 2.6619999408721924 1.3949999809265137 16.0
2.736999988555908 2.86299991607666 1.3899999856948853 16.0
2.812999963760376 2.3399999141693115 1.3919999599456787 17.0
2.7669999599456787 2.5350000858306885 1.3930000066757202 16.0
2.7200000286102295 2.7239999771118164 1.3930000066757202 15.0
2.6710000038146973 2.927000045776367 1.3930000066757202 16.0
2.7739999294281006 2.4149999618530273 1.3940000534057617 18.0
2.7149999141693115 2.6059999465942383 1.3930000066757202 16.0
2.6600000858306885 2.7909998893737793 1.3940000534057617 16.0
2.6019999980926514 2.990999937057495 1.3940000534057617 12.0
2.7260000705718994 2.486999988555908 1.3919999599456787 18.0
2.6619999408721924 2.674999952316284 1.3940000534057617 16.0
2.5989999771118164 2.8570001125335693 1.3949999809265137 15.0
2.5290000438690186 3.046999931335449 1.3940000534057617 15.0
2.680000066757202 2.559000015258789 1.3919999599456787 16.0
2.609999895095825 2.746000051498413 1.3949999809265137 16.0
2.5380001068115234 2.9210000038146973 1.3969999551773071 15.0
2.4609999656677246 3.1089999675750732 1.3980000019073486 12.0
2.635999917984009 2.632999897003174 1.3940000534057617 16.0
2.553999900817871 2.812000036239624 1.3960000276565552 16.0
2.4719998836517334 2.9800000190734863 1.3969999551773071 16.0
2.38700008392334 3.1619999408721924 1.3980000019073486 15.0
2.5869998931884766 2.7049999237060547 1.3940000534057617 16.0
2.494999885559082 2.877000093460083 1.3960000276565552 16.0
2.4089999198913574 3.0450000762939453 1.399999976158142 15.0
2.312999963760376 3.2170000076293945 1.399999976158142 12.0
2.5320000648498535 2.7730000019073486 1.3930000066757202 16.0
2.434000015258789 2.940000057220459 1.3960000276565552 16.0
2.3429999351501465 3.1059999465942383 1.4010000228881836 15.0
2.2339999675750732 3.263000011444092 1.3990000486373901 16.0
2.4839999675750732 2.8480000495910645 1.3949999809265137 16.0
2.374000072479248 3.00600004196167 1.3969999551773071 15.0
2.2790000438690186 3.1700000762939453 1.4049999713897705 16.0
2.1570000648498535 3.313999891281128 1.4010000228881836 15.0
2.428999900817871 2.9179999828338623 1.3960000276565552 16.0
2.309000015258789 3.066999912261963 1.3969999551773071 15.0
2.2039999961853027 3.2209999561309814 1.4040000438690186 16.0
2.0820000171661377 3.365000009536743 1.4040000438690186 15.0
2.371999979019165 2.986999988555908 1.3960000276565552 15.0
2.252000093460083 3.1389999389648438 1.4019999504089355 16.0
2.13100004196167 3.2730000019073486 1.4040000438690186 15.0
2.007999897003174 3.4200000762939453 1.409000039100647 12.0
2.315999984741211 3.056999921798706 1.3980000019073486 15.0
2.190000057220459 3.2049999237060547 1.4049999713897705 16.0
2.062999963760376 3.3350000381469727 1.409000039100647 15.0
1.9259999990463257 3.4609999656677246 1.409000039100647 12.0
2.253999948501587 3.124000072479248 1.3980000019073486 15.0
2.125999927520752 3.2699999809265137 1.409000039100647 16.0
1.9880000352859497 3.384000062942505 1.409000039100647 16.0
1.8459999561309814 3.50600004196167 1.4110000133514404 12.0
2.194000005722046 3.193000078201294 1.399999976158142 15.0
2.052999973297119 3.3239998817443848 1.4079999923706055 16.0
1.9170000553131104 3.440999984741211 1.4140000343322754 15.0
1.7640000581741333 3.5429999828338623 1.4119999408721924 6.0
2.134999990463257 3.2660000324249268 1.4040000438690186 15.0
1.9830000400543213 3.38100004196167 1.409000039100647 15.0
1.8300000429153442 3.4719998836517334 1.406999945640564 15.0
1.6790000200271606 3.5759999752044678 1.4110000133514404 12.0
2.0759999752044678 3.3429999351501465 1.409999966621399 12.0
1.909000039100647 3.434999942779541 1.409000039100647 15.0
1.75600004196167 3.5250000953674316 1.4110000133514404 7.0
1.597000002861023 3.615000009536743 1.4129999876022339 12.0
2.00600004196167 3.4030001163482666 1.409000039100647 12.0
1.8359999656677246 3.490000009536743 1.409999966621399 15.0
1.6790000200271606 3.572999954223633 1.4140000343322754 11.0
1.5119999647140503 3.6429998874664307 1.4129999876022339 11.0
1.940000057220459 3.4730000495910645 1.4129999876022339 12.0
1.7640000581741333 3.5480000972747803 1.4140000343322754 8.0
1.5980000495910645 3.614000082015991 1.4149999618530273 11.0
1.4249999523162842 3.6700000762939453 1.4119999408721924 12.0
1.8680000305175781 3.5329999923706055 1.4129999876022339 12.0
1.6890000104904175 3.6040000915527344 1.4170000553131104 12.0
1.5180000066757202 3.6549999713897705 1.4160000085830688 11.0
1.340000033378601 3.7009999752044678 1.4140000343322754 12.0
1.7899999618530273 3.5869998931884766 1.4110000133514404 7.0
1.6089999675750732 3.6489999294281006 1.4160000085830688 12.0
1.434000015258789 3.690999984741211 1.4160000085830688 11.0
1.190999984741211 3.5390000343322754 1.343999981880188 13.0
1.715999960899353 3.6489999294281006 1.4140000343322754 12.0
1.5290000438690186 3.697000026702881 1.4179999828338623 11.0
1.3459999561309814 3.7130000591278076 1.4119999408721924 11.0
0.0 0.0 0.0 0.0
1.6419999599456787 3.7119998931884766 1.4170000553131104 12.0
1.444000005722046 3.7360000610351562 1.4160000085830688 11.0
1.184000015258789 3.5160000324249268 1.3259999752044678 14.0
0.0 0.0 0.0 0.0
1.5579999685287476 3.759000062942505 1.4140000343322754 12.0
1.3619999885559082 3.7799999713897705 1.4170000553131104 11.0
0.0 0.0 0.0 0.0
0.0 0.0 0.0 0.0
1.4780000448226929 3.815000057220459 1.4160000085830688 12.0
1.2050000429153442 3.6040000915527344 1.3370000123977661 15.0
0.0 0.0 0.0 0.0
0.0 0.0 0.0 0.0
1.3910000324249268 3.8580000400543213 1.4129999876022339 11.0
0.9710000157356262 3.1449999809265137 1.1549999713897705 0.0
0.0 0.0 0.0 0.0
0.6520000100135803 3.0390000343322754 1.1269999742507935 5.0
1.3040000200271606 3.9000000953674316 1.4110000133514404 13.0
0.0 0.0 0.0 0.0
0.0 0.0 0.0 0.0
0.5799999833106995 3.0429999828338623 1.1239999532699585 10.0
0.9710000157356262 3.1480000019073486 1.1260000467300415 0.0
0.0 0.0 0.0 0.0
0.6470000147819519 3.0299999713897705 1.1039999723434448 9.0
0.5090000033378601 3.0390000343322754 1.1200000047683716 20.0
0.0 0.0 0.0 0.0
0.0 0.0 0.0 0.0
0.574999988079071 3.0309998989105225 1.0989999771118164 7.0
0.4390000104904175 3.0420000553131104 1.11899995803833 23.0
0.0 0.0 0.0 0.0
0.6389999985694885 3.0420000553131104 1.0809999704360962 11.0
0.5040000081062317 3.0320000648498535 1.0950000286102295 21.0
0.36899998784065247 3.0390000343322754 1.1160000562667847 23.0
0.7070000171661377 3.0380001068115234 1.0520000457763672 7.0
0.5659999847412109 3.0439999103546143 1.0750000476837158 7.0
0.43299999833106995 3.0309998989105225 1.090000033378601 24.0
0.30000001192092896 3.0360000133514404 1.1139999628067017 23.0
0.6320000290870667 3.0390000343322754 1.0429999828338623 20.0
0.49300000071525574 3.0380001068115234 1.065999984741211 23.0
0.3630000054836273 3.0309998989105225 1.0859999656677246 24.0
0.23100000619888306 3.0390000343322754 1.1150000095367432 24.0
0.5550000071525574 3.0230000019073486 1.027999997138977 7.0
0.42100000381469727 3.0390000343322754 1.059999942779541 24.0
0.21199999749660492 2.197000026702881 0.7850000262260437 13.0
0.16200000047683716 3.0390000343322754 1.1150000095367432 25.0
0.48399999737739563 3.0390000343322754 1.024999976158142 24.0
0.3499999940395355 3.0420000553131104 1.055999994277954 24.0
0.16300000250339508 2.2119998931884766 0.7889999747276306 80.0
0.09399999678134918 3.0390000343322754 1.1150000095367432 24.0
0.4090000092983246 3.0309998989105225 1.0149999856948853 24.0
0.20100000500679016 2.203000068664551 0.7609999775886536 103.0
0.1120000034570694 2.2139999866485596 0.7879999876022339 69.0
0.02500000037252903 2.950000047683716 1.0829999446868896 19.0
0.3370000123977661 3.0360000133514404 1.0099999904632568 25.0
0.15000000596046448 2.2039999961853027 0.7580000162124634 66.0
0.06199999898672104 2.2170000076293945 0.7879999876022339 76.0
-0.029999999329447746 2.2279999256134033 0.8199999928474426 24.0
0.19200000166893005 2.2079999446868896 0.7289999723434448 84.0
0.0989999994635582 2.203000068664551 0.7549999952316284 57.0
0.010999999940395355 2.2300000190734863 0.7919999957084656 45.0
-0.08500000089406967 2.380000114440918 0.8769999742507935 126.0
0.14000000059604645 2.2100000381469727 0.7260000109672546 61.0
0.04800000041723251 2.2170000076293945 0.7580000162124634 54.0
-0.03799999877810478 2.2330000400543213 0.7929999828338623 36.0
-0.14499999582767487 2.486999988555908 0.9190000295639038 28.0
0.08699999749660492 2.2149999141693115 0.7239999771118164 52.0
-0.003000000026077032 2.2209999561309814 0.7570000290870667 39.0
-0.09000000357627869 2.250999927520752 0.7990000247955322 42.0
-0.20100000500679016 2.49399995803833 0.9240000247955322 26.0
0.03500000014901161 2.2219998836517334 0.722000002861023 40.0
-0.05400000140070915 2.2269999980926514 0.7580000162124634 36.0
-0.14399999380111694 2.2890000343322754 0.8130000233650208 61.0
-0.257999986410141 2.503000020980835 0.9300000071525574 23.0
-0.017000000923871994 2.2290000915527344 0.722000002861023 39.0
-0.10700000077486038 2.240999937057495 0.7620000243186951 34.0
-0.20499999821186066 2.3910000324249268 0.8510000109672546 14.0
-0.3140000104904175 2.502000093460083 0.9340000152587891 15.0
-0.07100000232458115 2.239000082015991 0.7229999899864197 30.0
-0.1589999943971634 2.242000102996826 0.7620000243186951 30.0
-0.2680000066757202 2.4679999351501465 0.8799999952316284 12.0
-0.3720000088214874 2.510999917984009 0.9409999847412109 5.0
-0.12399999797344208 2.246999979019165 0.7229999899864197 25.0
-0.21299999952316284 2.25 0.7639999985694885 26.0
-0.33000001311302185 2.510999917984009 0.8970000147819519 10.0
-0.3149999976158142 1.843999981880188 0.6940000057220459 64.0
-0.17900000512599945 2.255000114440918 0.7239999771118164 21.0
-0.2680000066757202 2.2709999084472656 0.7720000147819519 24.0
-0.2879999876022339 1.8609999418258667 0.6669999957084656 7.0
-0.32899999618530273 1.6990000009536743 0.6430000066757202 21.0
-0.23399999737739563 2.259999990463257 0.7250000238418579 20.0
-0.32100000977516174 2.2730000019073486 0.7730000019073486 22.0
-0.31700000166893005 1.7829999923706055 0.640999972820282 8.0
-0.36800000071525574 1.6979999542236328 0.6460000276565552 55.0
-0.28999999165534973 2.2720000743865967 0.7279999852180481 20.0
-0.30399999022483826 1.8389999866485596 0.6269999742507935 4.0
-0.3449999988079071 1.7120000123977661 0.6179999709129333 11.0
-0.41200000047683716 1.715999960899353 0.6570000052452087 13.0
-0.34599998593330383 2.2809998989105225 0.7310000061988831 17.0
-0.32199999690055847 1.7020000219345093 0.5809999704360962 12.0
-0.3880000114440918 1.7239999771118164 0.625 7.0
-0.45899999141693115 1.7430000305175781 0.671999990940094 7.0
-0.3100000023841858 1.75600004196167 0.5619999766349792 2.0
-0.37400001287460327 1.753000020980835 0.6000000238418579 4.0
-0.4359999895095825 1.7519999742507935 0.6380000114440918 11.0
-0.4880000054836273 1.7009999752044678 0.6610000133514404 7.0
-0.3409999907016754 1.6959999799728394 0.5440000295639038 1.0
-0.4230000078678131 1.7799999713897705 0.6119999885559082 6.0
-0.47600001096725464 1.74399995803833 0.6389999985694885 32.0
-0.5360000133514404 1.7239999771118164 0.675000011920929 11.0
-0.5220000147819519 2.306999921798706 0.7419999837875366 15.0
-0.47099998593330383 1.7920000553131104 0.6179999709129333 9.0
-0.5139999985694885 1.7269999980926514 0.6359999775886536 69.0
-1.0809999704360962 3.2239999771118164 1.2719999551773071 9.0
-0.5360000133514404 2.13100004196167 0.6859999895095825 12.0
-0.5049999952316284 1.753999948501587 0.6079999804496765 10.0
-1.0490000247955322 3.252000093460083 1.2059999704360962 18.0
-1.1660000085830688 3.239000082015991 1.2890000343322754 43.0
-0.5080000162124634 1.8320000171661377 0.5920000076293945 3.0
-0.5450000166893005 1.7400000095367432 0.6060000061988831 9.0
-0.5400000214576721 1.5529999732971191 0.5799999833106995 0.0
-1.2489999532699585 3.24399995803833 1.3029999732971191 32.0
-0.5239999890327454 1.7289999723434448 0.5600000023841858 6.0
-0.9869999885559082 2.9140000343322754 1.0210000276565552 9.0
-1.399999976158142 3.749000072479248 1.4119999408721924 12.0
-1.3730000257492065 3.3480000495910645 1.3580000400543213 33.0
-0.7730000019073486 2.3440001010894775 0.7630000114440918 4.0
-0.9440000057220459 2.5859999656677246 0.9120000004768372 3.0
-1.3990000486373901 3.505000114440918 1.3309999704360962 11.0
-1.4919999837875366 3.4200000762939453 1.4010000228881836 11.0
-0.8389999866485596 2.3519999980926514 0.7699999809265137 4.0
-1.0149999856948853 2.5920000076293945 0.9210000038146973 2.0
-1.4229999780654907 3.3440001010894775 1.281000018119812 9.0
-0.6079999804496765 1.315999984741211 0.5450000166893005 2.0
-0.902999997138977 2.3519999980926514 0.7739999890327454 4.0
0.0 0.0 0.0 0.0
0.0 0.0 0.0 0.0
0.0 0.0 0.0 0.0
0.0 0.0 0.0 0.0
0.0 0.0 0.0 0.0
0.0 0.0 0.0 0.0
0.0 0.0 0.0 0.0
0.0 0.0 0.0 0.0
0.0 0.0 0.0 0.0
0.0 0.0 0.0 0.0
0.0 0.0 0.0 0.0
0.0 0.0 0.0 0.0
0.0 0.0 0.0 0.0
0.0 0.0 0.0 0.0
0.0 0.0 0.0 0.0
0.0 0.0 0.0 0.0
0.0 0.0 0.0 0.0
0.0 0.0 0.0 0.0
0.0 0.0 0.0 0.0
0.0 0.0 0.0 0.0
0.0 0.0 0.0 0.0
0.0 0.0 0.0 0.0
0.0 0.0 0.0 0.0
0.0 0.0 0.0 0.0
0.0 0.0 0.0 0.0
0.0 0.0 0.0 0.0
0.0 0.0 0.0 0.0
0.0 0.0 0.0 0.0
0.0 0.0 0.0 0.0
0.0 0.0 0.0 0.0
0.0 0.0 0.0 0.0
0.0 0.0 0.0 0.0
0.0 0.0 0.0 0.0
0.0 0.0 0.0 0.0
0.0 0.0 0.0 0.0
0.0 0.0 0.0 0.0
0.0 0.0 0.0 0.0
0.0 0.0 0.0 0.0
0.0 0.0 0.0 0.0
0.0 0.0 0.0 0.0
0.0 0.0 0.0 0.0
0.0 0.0 0.0 0.0
0.0 0.0 0.0 0.0
0.0 0.0 0.0 0.0
0.0 0.0 0.0 0.0
0.0 0.0 0.0 0.0
0.0 0.0 0.0 0.0
0.0 0.0 0.0 0.0
0.0 0.0 0.0 0.0
0.0 0.0 0.0 0.0
0.0 0.0 0.0 0.0
0.0 0.0 0.0 0.0
0.0 0.0 0.0 0.0
0.0 0.0 0.0 0.0
0.0 0.0 0.0 0.0
0.0 0.0 0.0 0.0
0.0 0.0 0.0 0.0
0.0 0.0 0.0 0.0
0.0 0.0 0.0 0.0
0.0 0.0 0.0 0.0
0.0 0.0 0.0 0.0
0.0 0.0 0.0 0.0
0.0 0.0 0.0 0.0
0.0 0.0 0.0 0.0
0.0 0.0 0.0 0.0
0.0 0.0 0.0 0.0
-1.8930000066757202 1.8320000171661377 0.9959999918937683 0.0
0.0 0.0 0.0 0.0
-1.9010000228881836 1.8760000467300415 0.859000027179718 0.0
-1.8980000019073486 1.815999984741211 0.9160000085830688 0.0
-1.9110000133514404 1.7710000276565552 0.9850000143051147 0.0
0.0 0.0 0.0 0.0
-1.8539999723434448 1.7450000047683716 0.8169999718666077 3.0
-1.8990000486373901 1.7369999885559082 0.8960000276565552 3.0
-1.9259999990463257 1.7089999914169312 0.9729999899864197 0.0
-1.8300000429153442 1.690999984741211 0.7289999723434448 6.0
-1.86899995803833 1.6790000200271606 0.8050000071525574 4.0
-1.9259999990463257 1.6829999685287476 0.8899999856948853 4.0
-1.9490000009536743 1.656000018119812 0.9670000076293945 3.0
-1.8530000448226929 1.63100004196167 0.7210000157356262 6.0
-1.9019999504089355 1.63100004196167 0.8019999861717224 4.0
-1.9539999961853027 1.6330000162124634 0.8849999904632568 5.0
-2.0220000743865967 1.6440000534057617 0.984000027179718 5.0
-1.8869999647140503 1.5820000171661377 0.7179999947547913 6.0
-1.937999963760376 1.5850000381469727 0.800000011920929 6.0
-1.9989999532699585 1.5959999561309814 0.8889999985694885 5.0
-1.9859999418258667 1.5449999570846558 0.949999988079071 4.0
-1.8940000534057617 1.5119999647140503 0.7059999704360962 2.0
-2.0 1.559000015258789 0.8100000023841858 6.0
-2.0789999961853027 1.5839999914169312 0.9070000052452087 34.0
-2.0510001182556152 1.5260000228881836 0.9649999737739563 0.0
-1.9600000381469727 1.4880000352859497 0.7149999737739563 82.0
-2.1640000343322754 1.6069999933242798 0.8600000143051147 77.0
-2.1630001068115234 1.5729999542236328 0.9269999861717224 4.0
-2.2130000591278076 1.5740000009536743 1.0240000486373901 42.0
-2.005000114440918 1.4470000267028809 0.7179999947547913 95.0
-2.257999897003174 1.597000002861023 0.8809999823570251 15.0
-2.256999969482422 1.565999984741211 0.9520000219345093 4.0
-2.9000000953674316 1.9709999561309814 1.3220000267028809 41.0
-2.438999891281128 1.6720000505447388 0.8569999933242798 102.0
-2.3529999256134033 1.5839999914169312 0.9020000100135803 23.0
-2.372999906539917 1.5679999589920044 0.984000027179718 42.0
-2.9010000228881836 1.8819999694824219 1.3029999732971191 50.0
-2.4649999141693115 1.6039999723434448 0.8510000109672546 38.0
-2.441999912261963 1.562000036239624 0.9210000038146973 43.0
-2.9049999713897705 1.8270000219345093 1.187000036239624 150.0
-2.9049999713897705 1.7960000038146973 1.284999966621399 255.0
-2.553999900817871 1.5759999752044678 0.8669999837875366 33.0
-2.6429998874664307 1.6050000190734863 0.9819999933242798 28.0
-2.6410000324249268 1.5800000429153442 1.062999963760376 49.0
-2.6589999198913574 1.565999984741211 1.1610000133514404 50.0
-2.6689999103546143 1.559000015258789 0.8920000195503235 29.0
-2.687000036239624 1.5479999780654907 0.9829999804496765 61.0
-2.7090001106262207 1.5390000343322754 1.0750000476837158 21.0
-2.9200000762939453 1.6369999647140503 1.2580000162124634 54.0
-2.799999952316284 1.5460000038146973 0.921999990940094 151.0
-2.88700008392334 1.5750000476837158 1.0420000553131104 94.0
-2.9059998989105225 1.5670000314712524 1.1380000114440918 48.0
-2.9240000247955322 1.5579999685287476 1.24399995803833 48.0
-2.4059998989105225 1.253999948501587 0.781000018119812 169.0
-2.875 1.4819999933242798 1.0230000019073486 104.0
-2.928999900817871 1.4950000047683716 1.1330000162124634 55.0
-2.933000087738037 1.4830000400543213 1.2319999933242798 60.0
-2.3910000324249268 1.1729999780654907 0.765999972820282 170.0
-2.864000082015991 1.3940000534057617 1.00600004196167 122.0
-2.937999963760376 1.4179999828338623 1.121999979019165 56.0
-2.933000087738037 1.4049999713897705 1.218999981880188 59.0
-2.2660000324249268 1.0449999570846558 0.7170000076293945 113.0
-2.265000104904175 1.0369999408721924 0.7860000133514404 87.0
-2.315999984741211 1.0549999475479126 0.8740000128746033 89.0
-2.934999942779541 1.3289999961853027 1.2059999704360962 150.0
-2.3380000591278076 1.0110000371932983 0.7310000061988831 21.0
-2.9100000858306885 1.2519999742507935 0.9990000128746033 79.0
-2.1989998817443848 0.9419999718666077 0.8209999799728394 6.0
-2.260999917984009 0.9660000205039978 0.9190000295639038 31.0
-2.9560000896453857 1.194000005722046 0.9139999747276306 71.0
-2.2980000972747803 0.9259999990463257 0.7799999713897705 3.0
-2.2009999752044678 0.8849999904632568 0.8130000233650208 12.0
-2.2190001010894775 0.8920000195503235 0.8930000066757202 4.0
-2.765000104904175 1.0399999618530273 0.8460000157356262 7.0
-2.312000036239624 0.8700000047683716 0.7770000100135803 4.0
-2.2009999752044678 0.828000009059906 0.8050000071525574 13.0
-2.2279999256134033 0.8399999737739563 0.8870000243186951 4.0
-2.5840001106262207 0.9020000100135803 0.7839999794960022 0.0
-2.322999954223633 0.8130000233650208 0.7730000019073486 4.0
-2.2019999027252197 0.7730000019073486 0.7979999780654907 13.0
-2.2019999027252197 0.777999997138977 0.8690000176429749 15.0
-2.6050000190734863 0.8389999866485596 0.7829999923706055 0.0
-2.3529999256134033 0.7630000114440918 0.7770000100135803 3.0
-2.2039999961853027 0.718999981880188 0.7910000085830688 17.0
-2.2130000591278076 0.7279999852180481 0.8659999966621399 16.0
-2.627000093460083 0.7770000100135803 0.7839999794960022 3.0
-2.3949999809265137 0.7149999737739563 0.7839999794960022 3.0
-2.2130000591278076 0.6679999828338623 0.7879999876022339 18.0
-2.244999885559082 0.6859999895095825 0.8709999918937683 3.0
-2.6610000133514404 0.7179999947547913 0.7879999876022339 0.0
-2.4110000133514404 0.6600000262260437 0.7829999923706055 2.0
-2.2179999351501465 0.6150000095367432 0.7839999794960022 19.0
-2.2260000705718994 0.628000020980835 0.8569999933242798 3.0
-2.681999921798706 0.6549999713897705 0.7889999747276306 2.0
-2.4089999198913574 0.6000000238418579 0.7770000100135803 3.0
-2.2230000495910645 0.5630000233650208 0.7799999713897705 11.0
-2.2179999351501465 0.574999988079071 0.847000002861023 19.0
0.0 0.0 0.0 0.0
0.0 0.0 0.0 0.0
0.0 0.0 0.0 0.0
0.0 0.0 0.0 0.0
-2.4579999446868896 0.47600001096725464 0.7149999737739563 67.0
-2.8429999351501465 0.5690000057220459 0.906000018119812 9.0
-2.9649999141693115 0.6110000014305115 1.0260000228881836 9.0
-2.996000051498413 0.640999972820282 1.128999948501587 7.0
-2.4579999446868896 0.41499999165534973 0.7120000123977661 36.0
-2.938999891281128 0.5180000066757202 0.9319999814033508 111.0
-2.5360000133514404 0.46399998664855957 0.8730000257492065 150.0
-2.4509999752044678 0.4690000116825104 0.9169999957084656 67.0
-2.4630000591278076 0.35600000619888306 0.7099999785423279 37.0
-3.0 0.4569999873638153 0.9470000267028809 70.0
-2.9549999237060547 0.4729999899864197 1.0119999647140503 89.0
-2.8989999294281006 0.4909999966621399 1.0789999961853027 69.0
-2.4679999351501465 0.29600000381469727 0.7099999785423279 34.0
-3.0 0.38600000739097595 0.9430000185966492 71.0
-2.9670000076293945 0.40700000524520874 1.0110000371932983 85.0
-3.007999897003174 0.4429999887943268 1.1130000352859497 79.0
-2.4719998836517334 0.2370000034570694 0.7089999914169312 31.0
-3.007999897003174 0.31700000166893005 0.9419999718666077 71.0
-2.9749999046325684 0.3409999907016754 1.0089999437332153 88.0
-3.0 0.37599998712539673 1.1039999723434448 62.0
-2.4760000705718994 0.1770000010728836 0.7080000042915344 29.0
-3.015000104904175 0.24699999392032623 0.9409999847412109 70.0
-2.9749999046325684 0.27300000190734863 1.0049999952316284 82.0
-3.003000020980835 0.3109999895095825 1.100000023841858 67.0
-2.4730000495910645 0.11699999868869781 0.7059999704360962 26.0
-3.0179998874664307 0.1770000010728836 0.9399999976158142 66.0
-2.9790000915527344 0.20600000023841858 1.003000020980835 82.0
-3.007999897003174 0.2460000067949295 1.097000002861023 69.0
0.0 0.0 0.0 0.0
-3.0260000228881836 0.10700000077486038 0.9399999976158142 22.0
-2.9860000610351562 0.14000000059604645 1.003000020980835 72.0
-3.009000062942505 0.1809999942779541 1.093000054359436 75.0
-0.10700000077486038 0.0 0.029999999329447746 0.0
0.0 0.0 0.0 0.0
0.0 0.0 0.0 0.0
-3.010999917984009 0.11599999666213989 1.090000033378601 30.0
0.0 0.0 0.0 0.0
-0.10700000077486038 -0.0010000000474974513 0.032999999821186066 0.0
-0.1120000034570694 0.0 0.03700000047683716 0.0
0.0 0.0 0.0 0.0
-2.1110000610351562 -0.10000000149011612 0.6029999852180481 13.0
-2.131999969482422 -0.07199999690055847 0.6610000133514404 4.0
0.0 0.0 0.0 0.0
-0.1120000034570694 0.0 0.03999999910593033 1.0
-2.078000068664551 -0.14900000393390656 0.5950000286102295 88.0
-2.0799999237060547 -0.11800000071525574 0.6449999809265137 91.0
-2.0220000743865967 -0.08500000089406967 0.6740000247955322 2.0
0.0 0.0 0.0 0.0
-2.072000026702881 -0.1979999989271164 0.5950000286102295 83.0
-2.068000078201294 -0.16500000655651093 0.640999972820282 92.0
-1.9670000076293945 -0.12700000405311584 0.6549999713897705 74.0
-1.975000023841858 -0.09300000220537186 0.7080000042915344 63.0
-2.0789999961853027 -0.24899999797344208 0.5979999899864197 90.0
-2.059000015258789 -0.21299999952316284 0.6399999856948853 93.0
-1.9709999561309814 -0.1720000058412552 0.656000018119812 65.0
-1.972000002861023 -0.13600000739097595 0.7049999833106995 62.0
-2.0820000171661377 -0.29899999499320984 0.6010000109672546 89.0
-2.0510001182556152 -0.25999999046325684 0.6380000114440918 81.0
-1.972000002861023 -0.2160000056028366 0.6570000052452087 76.0
-1.9839999675750732 -0.18000000715255737 0.7089999914169312 83.0
-2.0899999141693115 -0.35199999809265137 0.6060000061988831 83.0
-2.063999891281128 -0.3100000023841858 0.6439999938011169 74.0
-1.9670000076293945 -0.26100000739097595 0.656000018119812 74.0
-1.9630000591278076 -0.22100000083446503 0.7009999752044678 76.0
-2.5390000343322754 -0.48899999260902405 0.7400000095367432 150.0
-2.0739998817443848 -0.3610000014305115 0.6489999890327454 73.0
-1.850000023841858 -0.2879999876022339 0.6169999837875366 3.0
-1.972000002861023 -0.26499998569488525 0.703000009059906 82.0
-2.361999988555908 -0.5139999985694885 0.6930000185966492 150.0
-3.075000047683716 -0.609000027179718 0.9660000205039978 70.0
-1.9559999704360962 -0.3490000069141388 0.6539999842643738 72.0
-1.9329999685287476 -0.30300000309944153 0.6899999976158142 21.0
-2.638000011444092 -0.6399999856948853 0.777999997138977 160.0
-3.0820000171661377 -0.6840000152587891 0.972000002861023 62.0
-1.9880000352859497 -0.4009999930858612 0.6660000085830688 61.0
-1.6519999504089355 -0.29499998688697815 0.5899999737739563 0.0
-3.066999912261963 -0.8209999799728394 0.9110000133514404 150.0
-3.0810000896453857 -0.7590000033378601 0.9760000109672546 38.0
-2.00600004196167 -0.4519999921321869 0.6740000247955322 6.0
-1.9900000095367432 -0.4009999930858612 0.7110000252723694 11.0
-3.015000104904175 -0.8840000033378601 0.9020000100135803 82.0
-3.0789999961853027 -0.8339999914169312 0.9800000190734863 55.0
-3.053999900817871 -0.7609999775886536 1.0299999713897705 45.0
-2.0 -0.4480000138282776 0.7149999737739563 52.0
-3.0989999771118164 -0.9890000224113464 0.9350000023841858 43.0
-3.0429999828338623 -0.8999999761581421 0.9750000238418579 73.0
-3.059000015258789 -0.8349999785423279 1.034999966621399 80.0
-3.1630001068115234 -0.781000018119812 1.1330000162124634 8.0
-2.5409998893737793 -0.878000020980835 0.7730000019073486 54.0
-3.065000057220459 -0.984000027179718 0.9879999756813049 57.0
-3.0429999828338623 -0.9039999842643738 1.034000039100647 83.0
-3.0869998931884766 -0.8339999914169312 1.1080000400543213 54.0
-2.868000030517578 -1.0670000314712524 0.8809999823570251 7.0
-2.5390000343322754 -0.8799999952316284 0.8240000009536743 67.0
-3.068000078201294 -0.9879999756813049 1.0479999780654907 68.0
-3.0439999103546143 -0.8939999938011169 1.0959999561309814 71.0
-2.7139999866485596 -1.0829999446868896 0.8420000076293945 6.0
-2.8389999866485596 -1.0570000410079956 0.9279999732971191 6.0
-2.5439999103546143 -0.8820000290870667 0.8730000257492065 57.0
-3.0940001010894775 -0.9829999804496765 1.1169999837875366 28.0
-2.565000057220459 -1.093999981880188 0.8040000200271606 5.0
-2.694000005722046 -1.0750000476837158 0.8880000114440918 6.0
-2.8239998817443848 -1.0509999990463257 0.9750000238418579 6.0
-2.549999952316284 -0.871999979019165 0.9240000247955322 66.0
-2.428999900817871 -1.1039999723434448 0.7699999809265137 5.0
-2.563999891281128 -1.0920000076293945 0.8519999980926514 5.0
-2.693000078201294 -1.0720000267028809 0.9359999895095825 6.0
-2.7339999675750732 -1.0019999742507935 0.9940000176429749 7.0
-2.437000036239624 -1.1779999732971191 0.7820000052452087 10.0
-2.421999931335449 -1.0980000495910645 0.8130000233650208 4.0
-2.5799999237060547 -1.093999981880188 0.902999997138977 5.0
-2.7139999866485596 -1.062000036239624 0.9909999966621399 6.0
-2.450000047683716 -1.25600004196167 0.7960000038146973 13.0
-2.431999921798706 -1.1710000038146973 0.8240000009536743 8.0
-2.431999921798706 -1.0959999561309814 0.8569999933242798 3.0
-2.5980000495910645 -1.0829999446868896 0.9539999961853027 6.0
0.0 0.0 0.0 0.0
-2.4619998931884766 -1.25600004196167 0.8429999947547913 13.0
-2.4260001182556152 -1.159999966621399 0.8619999885559082 7.0
-2.4700000286102295 -1.093999981880188 0.9120000004768372 3.0
0.0 0.0 0.0 0.0
-2.0789999961853027 -1.121000051498413 0.7200000286102295 0.0
-2.441999912261963 -1.2359999418258667 0.875 15.0
-2.430999994277954 -1.1410000324249268 0.902999997138977 5.0
0.0 0.0 0.0 0.0
-1.9709999561309814 -1.121999979019165 0.6909999847412109 2.0
-2.2880001068115234 -1.2230000495910645 0.828000009059906 5.0
-2.431999921798706 -1.2070000171661377 0.9089999794960022 13.0
0.0 0.0 0.0 0.0
0.0 0.0 0.0 0.0
-1.9880000352859497 -1.121000051498413 0.7260000109672546 34.0
-2.440000057220459 -1.2790000438690186 0.9179999828338623 6.0
-1.840000033378601 -1.2350000143051147 0.6449999809265137 0.0
0.0 0.0 0.0 0.0
-1.9110000133514404 -1.1349999904632568 0.7059999704360962 11.0
-2.013000011444092 -1.1119999885559082 0.7630000114440918 33.0
-1.8730000257492065 -1.3209999799728394 0.6669999957084656 0.0
0.0 0.0 0.0 0.0
0.0 0.0 0.0 0.0
-1.9630000591278076 -1.1419999599456787 0.75 35.0
-1.968000054359436 -1.4579999446868896 0.7139999866485596 6.0
0.0 0.0 0.0 0.0
0.0 0.0 0.0 0.0
-1.8550000190734863 -1.1339999437332153 0.7149999737739563 17.0
-1.9110000133514404 -1.4859999418258667 0.7070000171661377 0.0
-1.7020000219345093 -1.246000051498413 0.6399999856948853 0.0
0.0 0.0 0.0 0.0
0.0 0.0 0.0 0.0
0.0 0.0 0.0 0.0
-1.6660000085830688 -1.2799999713897705 0.6370000243186951 0.0
0.0 0.0 0.0 0.0
0.0 0.0 0.0 0.0
0.0 0.0 0.0 0.0
0.0 0.0 0.0 0.0
-1.6469999551773071 -1.2489999532699585 0.6480000019073486 0.0
0.0 0.0 0.0 0.0
-1.8279999494552612 -1.6380000114440918 0.718999981880188 5.0
0.0 0.0 0.0 0.0
-1.6119999885559082 -1.281000018119812 0.6430000066757202 2.0
0.0 0.0 0.0 0.0
-1.6160000562667847 -1.5160000324249268 0.6499999761581421 15.0
-1.7020000219345093 -1.503999948501587 0.6869999766349792 0.0
-1.5800000429153442 -1.3140000104904175 0.6399999856948853 0.0
-1.593000054359436 -1.2350000143051147 0.6480000019073486 0.0
-1.680999994277954 -1.652999997138977 0.6919999718666077 12.0
-1.5820000171661377 -1.4639999866485596 0.6520000100135803 8.0
0.0 0.0 0.0 0.0
-1.5709999799728394 -1.2760000228881836 0.6480000019073486 0.0
-1.6150000095367432 -1.6629999876022339 0.6819999814033508 6.0
-1.590000033378601 -1.5399999618530273 0.6690000295639038 9.0
-1.5759999752044678 -1.4359999895095825 0.6610000133514404 2.0
0.0 0.0 0.0 0.0
0.0 0.0 0.0 0.0
-1.6269999742507935 -1.649999976158142 0.6990000009536743 4.0
-1.5470000505447388 -1.4759999513626099 0.6610000133514404 54.0
0.0 0.0 0.0 0.0
0.0 0.0 0.0 0.0
0.0 0.0 0.0 0.0
-1.5499999523162842 -1.5460000038146973 0.675000011920929 4.0
-1.534999966621399 -1.4259999990463257 0.6610000133514404 21.0
0.0 0.0 0.0 0.0
0.0 0.0 0.0 0.0
0.0 0.0 0.0 0.0
-1.4809999465942383 -1.440000057220459 0.6480000019073486 43.0
0.0 0.0 0.0 0.0
0.0 0.0 0.0 0.0
0.0 0.0 0.0 0.0
-1.5509999990463257 -1.5759999752044678 0.6899999976158142 2.0
0.0 0.0 0.0 0.0
0.0 0.0 0.0 0.0
0.0 0.0 0.0 0.0
0.0 0.0 0.0 0.0
0.0 0.0 0.0 1.0
0.0 0.0 0.0 0.0
0.0 0.0 0.0 0.0
0.0 0.0 0.0 1.0
0.0 0.0 0.0 0.0
0.0 0.0 0.0 0.0
0.0 0.0 0.0 0.0
0.0 0.0 0.0 0.0
0.0 0.0 0.0 1.0
0.0 0.0 0.0 0.0
0.0 0.0 0.0 0.0
0.0 0.0 0.0 1.0
0.0 0.0 0.0 0.0
0.0 0.0 0.0 0.0
0.0 0.0 0.0 0.0
0.0 0.0 0.0 0.0
0.0 0.0 0.0 0.0
0.0 0.0 0.0 0.0
0.0 0.0 0.0 0.0
0.0 0.0 0.0 1.0
0.0 0.0 0.0 0.0
0.0 0.0 0.0 0.0
0.0 0.0 0.0 0.0
0.0 0.0 0.0 0.0
0.0 0.0 0.0 0.0
0.0 0.0 0.0 0.0
0.0 0.0 0.0 0.0
0.0 0.0 0.0 1.0
0.0 0.0 0.0 0.0
0.0 0.0 0.0 0.0
0.0 0.0 0.0 0.0
0.0 0.0 0.0 0.0
0.0 0.0 0.0 0.0
0.0 0.0 0.0 0.0
0.0 0.0 0.0 0.0
0.0 0.0 0.0 1.0
0.0 0.0 0.0 0.0
0.0 0.0 0.0 0.0
0.0 0.0 0.0 0.0
0.0 0.0 0.0 0.0
0.0 0.0 0.0 0.0
0.0 0.0 0.0 0.0
0.0 0.0 0.0 0.0
0.0 0.0 0.0 0.0
0.0 0.0 0.0 0.0
0.0 0.0 0.0 0.0
0.0 0.0 0.0 0.0
0.0 0.0 0.0 0.0
0.0 0.0 0.0 0.0
0.0 0.0 0.0 0.0
0.0 0.0 0.0 0.0
0.0 0.0 0.0 0.0
0.0 0.0 0.0 0.0
0.0 0.0 0.0 0.0
0.0 0.0 0.0 0.0
0.0 0.0 0.0 0.0
-0.5210000276565552 -1.6080000400543213 0.5090000033378601 8.0
0.0 0.0 0.0 0.0
0.0 0.0 0.0 0.0
0.0 0.0 0.0 0.0
-0.48100000619888306 -1.6080000400543213 0.5059999823570251 9.0
0.0 0.0 0.0 0.0
0.0 0.0 0.0 0.0
0.0 0.0 0.0 0.0
-0.4440000057220459 -1.6160000562667847 0.5059999823570251 9.0
-0.5 -1.6130000352859497 0.49900001287460327 8.0
0.0 0.0 0.0 0.0
0.0 0.0 0.0 0.0
-0.40400001406669617 -1.6089999675750732 0.5019999742507935 10.0
-0.4580000042915344 -1.6069999933242798 0.49300000071525574 9.0
0.0 0.0 0.0 0.0
0.0 0.0 0.0 0.0
-0.3659999966621399 -1.6119999885559082 0.5 11.0
-0.42100000381469727 -1.6139999628067017 0.492000013589859 10.0
-0.47600001096725464 -1.6150000095367432 0.48399999737739563 8.0
0.0 0.0 0.0 0.0
-0.32899999618530273 -1.61899995803833 0.5009999871253967 11.0
-0.38100001215934753 -1.6109999418258667 0.4880000054836273 11.0
-0.4350000023841858 -1.6109999418258667 0.4779999852180481 9.0
0.0 0.0 0.0 0.0
-0.2919999957084656 -1.6169999837875366 0.49799999594688416 12.0
-0.34299999475479126 -1.6150000095367432 0.4860000014305115 11.0
-0.3959999978542328 -1.6130000352859497 0.4740000069141388 11.0
-0.4560000002384186 -1.6080000400543213 0.4620000123977661 7.0
-0.25099998712539673 -1.6009999513626099 0.492000013589859 32.0
-0.3059999942779541 -1.6180000305175781 0.48399999737739563 11.0
-0.35899999737739563 -1.621000051498413 0.47200000286102295 11.0
-0.4180000126361847 -1.6150000095367432 0.4580000042915344 9.0
-0.15299999713897705 -1.1410000324249268 0.3499999940395355 7.0
-0.26899999380111694 -1.6239999532699585 0.4830000102519989 12.0
-0.3199999928474426 -1.621999979019165 0.4690000116825104 11.0
-0.3790000081062317 -1.61899995803833 0.45399999618530273 10.0
-0.125 -1.11899995803833 0.34200000762939453 6.0
0.0 0.0 0.0 0.0
-0.2840000092983246 -1.6319999694824219 0.46799999475479126 12.0
-0.3409999907016754 -1.621999979019165 0.44999998807907104 11.0
-0.0989999994635582 -1.1180000305175781 0.3409999907016754 2.0
-0.13500000536441803 -1.1330000162124634 0.33399999141693115 6.0
-0.24400000274181366 -1.6260000467300415 0.46299999952316284 13.0
-0.3019999861717224 -1.621999979019165 0.44600000977516174 11.0
-0.07100000232458115 -1.062999963760376 0.3240000009536743 0.0
-0.10999999940395355 -1.1339999437332153 0.3330000042915344 1.0
0.0 0.0 0.0 0.0
-0.2639999985694885 -1.6319999694824219 0.4429999887943268 12.0
-0.04600000008940697 -1.0549999475479126 0.32100000977516174 0.0
-0.07900000363588333 -1.0770000219345093 0.3149999976158142 0.0
-0.11699999868869781 -1.128999948501587 0.31700000166893005 1.0
-0.2240000069141388 -1.6260000467300415 0.43799999356269836 13.0
-0.023000000044703484 -1.059000015258789 0.3230000138282776 1.0
-0.05400000140070915 -1.059999942779541 0.3089999854564667 0.0
-0.0860000029206276 -1.0770000219345093 0.3009999990463257 0.0
0.0 0.0 0.0 0.0
0.0 -1.0640000104904175 0.3240000009536743 1.0
-0.029999999329447746 -1.0609999895095825 0.3089999854564667 0.0
-0.061000000685453415 -1.0640000104904175 0.29600000381469727 0.0
-0.10100000351667404 -1.1109999418258667 0.2939999997615814 0.0
0.024000000208616257 -1.0789999961853027 0.32899999618530273 2.0
-0.006000000052154064 -1.065999984741211 0.3100000023841858 0.0
-0.035999998450279236 -1.0579999685287476 0.2930000126361847 0.0
-0.07199999690055847 -1.0679999589920044 0.2800000011920929 0.0
0.04800000041723251 -1.0859999656677246 0.3319999873638153 8.0
0.017000000923871994 -1.0789999961853027 0.31299999356269836 0.0
-0.012000000104308128 -1.0609999895095825 0.2919999957084656 0.0
-0.04600000008940697 -1.0549999475479126 0.2750000059604645 0.0
0.07500000298023224 -1.1299999952316284 0.34599998593330383 5.0
0.041999999433755875 -1.0789999961853027 0.31299999356269836 4.0
0.012000000104308128 -1.0750000476837158 0.29499998688697815 0.0
-0.020999999716877937 -1.0609999895095825 0.2750000059604645 0.0
0.1340000033378601 -1.50600004196167 0.4620000123977661 1.0
0.0689999982714653 -1.1269999742507935 0.3269999921321869 2.0
0.03700000047683716 -1.093000054359436 0.29899999499320984 0.0
0.003000000026077032 -1.0700000524520874 0.2750000059604645 0.0
0.18199999630451202 -1.6360000371932983 0.503000020980835 3.0
0.12999999523162842 -1.5479999780654907 0.4490000009536743 0.0
0.06499999761581421 -1.1330000162124634 0.3100000023841858 0.0
0.02800000086426735 -1.093000054359436 0.2800000011920929 0.0
0.21799999475479126 -1.6260000467300415 0.5009999871253967 19.0
0.17399999499320984 -1.625 0.47099998593330383 25.0
0.13300000131130219 -1.649999976158142 0.44999998807907104 8.0
0.0560000017285347 -1.1260000467300415 0.28700000047683716 1.0
0.2540000081062317 -1.6269999742507935 0.5040000081062317 17.0
0.21199999749660492 -1.6269999742507935 0.47200000286102295 20.0
0.16899999976158142 -1.63100004196167 0.4440000057220459 31.0
0.12099999934434891 -1.6430000066757202 0.4169999957084656 11.0
0.29100000858306885 -1.6260000467300415 0.5049999952316284 16.0
0.25 -1.6319999694824219 0.4740000069141388 19.0
0.20900000631809235 -1.6490000486373901 0.4490000009536743 4.0
0.1599999964237213 -1.649999976158142 0.4169999957084656 44.0
0.3269999921321869 -1.621999979019165 0.5059999823570251 14.0
0.2879999876022339 -1.6360000371932983 0.47699999809265137 16.0
0.24699999392032623 -1.6419999599456787 0.44699999690055847 24.0
0.20200000703334808 -1.6679999828338623 0.41999998688697815 8.0
0.36500000953674316 -1.621999979019165 0.5080000162124634 12.0
0.32499998807907104 -1.6299999952316284 0.47600001096725464 15.0
0.28600001335144043 -1.6430000066757202 0.44699999690055847 21.0
0.23999999463558197 -1.6519999504089355 0.41499999165534973 35.0
0.46399998664855957 -1.8680000305175781 0.5889999866485596 68.0
0.3630000054836273 -1.6269999742507935 0.47699999809265137 14.0
0.32600000500679016 -1.6449999809265137 0.4480000138282776 18.0
0.2800000011920929 -1.6510000228881836 0.414000004529953 33.0
0.5070000290870667 -1.8650000095367432 0.5910000205039978 63.0
0.460999995470047 -1.8669999837875366 0.5490000247955322 65.0
0.36500000953674316 -1.6419999599456787 0.44699999690055847 16.0
0.32199999690055847 -1.659999966621399 0.41499999165534973 25.0
0.5519999861717224 -1.86899995803833 0.5960000157356262 57.0
0.5059999823570251 -1.8669999837875366 0.5509999990463257 60.0
0.460999995470047 -1.8700000047683716 0.5109999775886536 62.0
0.3619999885559082 -1.6540000438690186 0.414000004529953 23.0
0.5979999899864197 -1.871000051498413 0.6010000109672546 56.0
0.5509999990463257 -1.8639999628067017 0.5529999732971191 61.0
0.5080000162124634 -1.8730000257492065 0.5130000114440918 63.0
0.45399999618530273 -1.8650000095367432 0.4659999907016754 66.0
0.6439999938011169 -1.871999979019165 0.6050000190734863 56.0
0.6000000238418579 -1.875 0.5590000152587891 57.0
0.5550000071525574 -1.8730000257492065 0.5139999985694885 61.0
0.503000020980835 -1.871999979019165 0.46799999475479126 64.0
0.6919999718666077 -1.8769999742507935 0.6119999885559082 56.0
0.6470000147819519 -1.875 0.5619999766349792 61.0
0.6019999980926514 -1.871999979019165 0.515999972820282 59.0
0.5509999990463257 -1.871000051498413 0.46799999475479126 60.0
0.7400000095367432 -1.878999948501587 0.6169999837875366 56.0
0.6949999928474426 -1.8769999742507935 0.5659999847412109 63.0
0.6520000100135803 -1.8760000467300415 0.5189999938011169 53.0
0.6010000109672546 -1.8730000257492065 0.4690000116825104 65.0
0.7910000085830688 -1.8849999904632568 0.6240000128746033 60.0
0.7459999918937683 -1.88100004196167 0.5709999799728394 63.0
0.703000009059906 -1.8799999952316284 0.5230000019073486 61.0
0.6520000100135803 -1.8769999742507935 0.47200000286102295 56.0
0.8169999718666077 -1.8350000381469727 0.6129999756813049 115.0
0.796999990940094 -1.8860000371932983 0.5770000219345093 63.0
0.7519999742507935 -1.878000020980835 0.5249999761581421 56.0
0.7020000219345093 -1.8769999742507935 0.4729999899864197 60.0
0.7049999833106995 -1.49399995803833 0.5040000081062317 11.0
0.8299999833106995 -1.847000002861023 0.5690000057220459 70.0
0.8040000200271606 -1.8819999694824219 0.5289999842643738 57.0
0.7559999823570251 -1.8819999694824219 0.47600001096725464 61.0
0.9390000104904175 -1.8830000162124634 0.6420000195503235 67.0
0.7139999866485596 -1.496999979019165 0.4659999907016754 14.0
0.7620000243186951 -1.6740000247955322 0.4740000069141388 151.0
0.8109999895095825 -1.8860000371932983 0.4790000021457672 60.0
0.996999979019165 -1.8949999809265137 0.6520000100135803 52.0
0.9520000219345093 -1.8860000371932983 0.5920000076293945 60.0
0.7289999723434448 -1.5089999437332153 0.4300000071525574 17.0
0.7459999918937683 -1.6269999742507935 0.41499999165534973 150.0
0.7200000286102295 -1.2979999780654907 0.4519999921321869 2.0
1.0119999647140503 -1.8980000019073486 0.6010000109672546 53.0
0.9620000123977661 -1.8769999742507935 0.5400000214576721 73.0
0.7870000004768372 -1.6139999628067017 0.41499999165534973 154.0
0.7350000143051147 -1.2599999904632568 0.4440000057220459 1.0
0.722000002861023 -1.2829999923706055 0.4099999964237213 44.0
1.031999945640564 -1.902999997138977 0.5519999861717224 55.0
0.9800000190734863 -1.8919999599456787 0.48899999260902405 62.0
0.9300000071525574 -1.5160000324249268 0.5400000214576721 13.0
0.753000020980835 -1.2690000534057617 0.4099999964237213 2.0
0.7279999852180481 -1.2710000276565552 0.3720000088214874 13.0
1.0410000085830688 -1.8969999551773071 0.4950000047683716 50.0
1.2029999494552612 -1.8680000305175781 0.675000011920929 117.0
0.9559999704360962 -1.531999945640564 0.5009999871253967 1.0
0.8180000185966492 -1.3539999723434448 0.4000000059604645 1.0
0.7319999933242798 -1.2619999647140503 0.3310000002384186 15.0
1.246999979019165 -1.847000002861023 0.6759999990463257 13.0
1.2510000467300415 -1.909000039100647 0.6330000162124634 52.0
0.9729999899864197 -1.5299999713897705 0.4569999873638153 19.0
0.9480000138282776 -1.5470000505447388 0.4099999964237213 1.0
1.2569999694824219 -1.777999997138977 0.6600000262260437 9.0
1.309999942779541 -1.9040000438690186 0.6389999985694885 25.0
1.281000018119812 -1.9140000343322754 0.5789999961853027 50.0
1.2239999771118164 -1.8930000066757202 0.5070000290870667 90.0
0.9559999704360962 -1.2910000085830688 0.4860000014305115 28.0
1.3799999952316284 -1.9110000133514404 0.6499999761581421 10.0
1.3489999771118164 -1.9179999828338623 0.5879999995231628 48.0
1.3040000200271606 -1.9140000343322754 0.5180000066757202 50.0
1.003999948501587 -1.2960000038146973 0.4959999918937683 1.0
0.9639999866485596 -1.2740000486373901 0.4399999976158142 9.0
0.9639999866485596 -1.3049999475479126 0.4050000011920929 31.0
1.378000020980835 -1.9220000505447388 0.5270000100135803 49.0
1.3569999933242798 -1.6749999523162842 0.6499999761581421 2.0
1.472000002861023 -1.8559999465942383 0.6510000228881836 2.0
0.996999979019165 -1.284999966621399 0.4050000011920929 0.0
0.9610000252723694 -1.2740000486373901 0.3540000021457672 9.0
1.375 -1.6239999532699585 0.640999972820282 0.0
1.4539999961853027 -1.7510000467300415 0.6240000128746033 0.0
1.5499999523162842 -1.9049999713897705 0.609000027179718 15.0
1.5379999876022339 -1.9390000104904175 0.5460000038146973 5.0
1.3890000581741333 -1.569000005722046 0.6309999823570251 0.0
1.4290000200271606 -1.6440000534057617 0.5950000286102295 3.0
1.4299999475479126 -1.6770000457763672 0.5450000166893005 2.0
1.5479999780654907 -1.8580000400543213 0.531000018119812 106.0
0.0 0.0 0.0 0.0
1.4800000190734863 -1.6269999742507935 0.6000000238418579 5.0
1.4780000448226929 -1.652999997138977 0.5460000038146973 2.0
1.5010000467300415 -1.715999960899353 0.49799999594688416 45.0
1.3519999980926514 -1.399999976158142 0.5839999914169312 1.0
1.5369999408721924 -1.6160000562667847 0.6069999933242798 3.0
1.5149999856948853 -1.6169999837875366 0.5440000295639038 12.0
1.50600004196167 -1.6399999856948853 0.48399999737739563 41.0
1.3209999799728394 -1.309999942779541 0.5569999814033508 61.0
1.3240000009536743 -1.3300000429153442 0.5090000033378601 58.0
1.50600004196167 -1.534000039100647 0.5260000228881836 69.0
1.531999945640564 -1.5889999866485596 0.4779999852180481 30.0
1.3350000381469727 -1.2680000066757202 0.550000011920929 65.0
1.3220000267028809 -1.2699999809265137 0.4959999918937683 64.0
1.3389999866485596 -1.3020000457763672 0.45500001311302185 69.0
1.5850000381469727 -1.5670000314712524 0.47999998927116394 29.0
1.3350000381469727 -1.2139999866485596 0.5379999876022339 42.0
1.3320000171661377 -1.222000002861023 0.4880000054836273 41.0
1.3309999704360962 -1.2350000143051147 0.4410000145435333 45.0
1.3209999799728394 -1.24399995803833 0.3889999985694885 46.0
1.3389999866485596 -1.1649999618530273 0.5289999842643738 41.0
1.3359999656677246 -1.1720000505447388 0.4779999852180481 39.0
1.3359999656677246 -1.1820000410079956 0.4320000112056732 48.0
1.3270000219345093 -1.190999984741211 0.38100001215934753 51.0
1.3420000076293945 -1.1180000305175781 0.5189999938011169 50.0
1.340999960899353 -1.1239999532699585 0.4699999988079071 47.0
1.340000033378601 -1.13100004196167 0.4230000078678131 51.0
1.3639999628067017 -1.1649999618530273 0.38199999928474426 126.0
1.3509999513626099 -1.0770000219345093 0.5120000243186951 47.0
1.3530000448226929 -1.0820000171661377 0.46399998664855957 54.0
1.375 -1.1069999933242798 0.42500001192092896 80.0
1.3949999809265137 -1.1339999437332153 0.38100001215934753 151.0
1.4229999780654907 -1.0839999914169312 0.5289999842643738 30.0
1.4119999408721924 -1.0789999961853027 0.4749999940395355 34.0
1.4730000495910645 -1.1299999952316284 0.4449999928474426 48.0
1.527999997138977 -1.1820000410079956 0.40799999237060547 51.0
1.4900000095367432 -1.0839999914169312 0.5440000295639038 32.0
1.4880000352859497 -1.0839999914169312 0.49000000953674316 33.0
1.4789999723434448 -1.0809999704360962 0.43799999356269836 52.0
1.5950000286102295 -1.1729999780654907 0.41600000858306885 67.0
1.5640000104904175 -1.0880000591278076 0.5609999895095825 32.0
1.569000005722046 -1.090000033378601 0.5070000290870667 29.0
1.562000036239624 -1.0859999656677246 0.453000009059906 34.0
1.6089999675750732 -1.1239999532699585 0.41100001335144043 63.0
1.8170000314712524 -1.2059999704360962 0.640999972820282 0.0
1.9329999685287476 -1.2799999713897705 0.6140000224113464 31.0
1.9450000524520874 -1.2869999408721924 0.5540000200271606 4.0
2.0739998817443848 -1.375 0.5189999938011169 16.0
0.0 0.0 0.0 0.0
1.9459999799728394 -1.2259999513626099 0.6079999804496765 20.0
1.9869999885559082 -1.2480000257492065 0.5559999942779541 4.0
1.996999979019165 -1.25600004196167 0.49000000953674316 13.0
0.0 0.0 0.0 0.0
1.9639999866485596 -1.1759999990463257 0.6029999852180481 20.0
1.972000002861023 -1.1749999523162842 0.5419999957084656 14.0
2.0220000743865967 -1.2039999961853027 0.4869999885559082 10.0
1.9299999475479126 -1.1069999933242798 0.6489999890327454 2.0
1.9850000143051147 -1.128000020980835 0.6000000238418579 17.0
1.99399995803833 -1.1260000467300415 0.5389999747276306 19.0
2.003999948501587 -1.128000020980835 0.4749999940395355 27.0
1.944000005722046 -1.059000015258789 0.6439999938011169 10.0
2.062999963760376 -1.1119999885559082 0.6140000224113464 13.0
2.128000020980835 -1.1369999647140503 0.5659999847412109 16.0
1.5329999923706055 -0.8149999976158142 0.3569999933242798 83.0
1.9450000524520874 -1.00600004196167 0.6349999904632568 23.0
1.5509999990463257 -0.7910000085830688 0.45500001311302185 3.0
1.5069999694824219 -0.7599999904632568 0.39500001072883606 1.0
1.5069999694824219 -0.7540000081062317 0.3449999988079071 35.0
1.5069999694824219 -0.7379999756813049 0.48500001430511475 28.0
1.5440000295639038 -0.7440000176429749 0.44600000977516174 63.0
1.5 -0.7129999995231628 0.3869999945163727 39.0
1.5369999408721924 -0.7229999899864197 0.34700000286102295 30.0
1.527999997138977 -0.7070000171661377 0.48500001430511475 29.0
1.5679999589920044 -0.7129999995231628 0.44699999690055847 41.0
1.593000054359436 -0.7120000123977661 0.4059999883174896 3.0
1.593999981880188 -0.703000009059906 0.35499998927116394 8.0
1.9529999494552612 -0.8529999852180481 0.6119999885559082 3.0
2.0299999713897705 -0.8679999709129333 0.5709999799728394 19.0
2.0510001182556152 -0.8600000143051147 0.515999972820282 41.0
2.6549999713897705 -1.0950000286102295 0.5830000042915344 8.0
1.9830000400543213 -0.8159999847412109 0.6140000224113464 28.0
2.2149999141693115 -0.8880000114440918 0.6159999966621399 30.0
2.0789999961853027 -0.8149999976158142 0.515999972820282 54.0
2.5759999752044678 -0.9900000095367432 0.5590000152587891 13.0
2.003999948501587 -0.7739999890327454 0.6129999756813049 23.0
2.2290000915527344 -0.8360000252723694 0.6129999756813049 22.0
2.124000072479248 -0.7760000228881836 0.5210000276565552 82.0
2.624000072479248 -0.9359999895095825 0.5630000233650208 16.0
2.0329999923706055 -0.7350000143051147 0.6150000095367432 17.0
2.2309999465942383 -0.7799999713897705 0.6060000061988831 13.0
2.5190000534057617 -0.8539999723434448 0.6119999885559082 11.0
2.686000108718872 -0.8849999904632568 0.5699999928474426 16.0
2.2009999752044678 -0.7419999837875366 0.6589999794960022 11.0
2.2750000953674316 -0.7369999885559082 0.6110000014305115 20.0
2.3559999465942383 -0.7369999885559082 0.5659999847412109 64.0
2.494999885559082 -0.7549999952316284 0.5239999890327454 23.0
2.25 -0.7039999961853027 0.6660000085830688 17.0
2.4030001163482666 -0.718999981880188 0.6389999985694885 16.0
2.556999921798706 -0.7350000143051147 0.6079999804496765 13.0
2.746999979019165 -0.7590000033378601 0.5720000267028809 8.0
2.444999933242798 -0.7070000171661377 0.7170000076293945 15.0
2.625 -0.722000002861023 0.6919999718666077 12.0
2.828000068664551 -0.7409999966621399 0.6660000085830688 8.0
3.174999952316284 -0.7940000295639038 0.6549999713897705 0.0
2.6710000038146973 -0.7099999785423279 0.7760000228881836 13.0
2.881999969482422 -0.722000002861023 0.753000020980835 11.0
5.739999771118164 -1.3630000352859497 1.3420000076293945 38.0
5.7230000495910645 -1.2860000133514404 1.1720000505447388 60.0
2.927000045776367 -0.7099999785423279 0.8420000076293945 9.0
5.335000038146973 -1.2100000381469727 1.3819999694824219 14.0
5.724999904632568 -1.218999981880188 1.3279999494552612 60.0
5.73199987411499 -1.1430000066757202 1.1649999618530273 65.0
4.8520002365112305 -1.065000057220459 1.3839999437332153 14.0
5.4039998054504395 -1.0980000495910645 1.3880000114440918 14.0
4.363999843597412 -0.8220000267028809 1.0049999952316284 12.0
4.361000061035156 -0.7599999904632568 0.8809999823570251 88.0
4.764999866485596 -0.9380000233650208 1.3480000495910645 1.0
4.357999801635742 -0.7829999923706055 1.1109999418258667 89.0
4.355000019073486 -0.7149999737739563 0.9959999918937683 99.0
4.361999988555908 -0.6510000228881836 0.8759999871253967 96.0
4.3520002365112305 -0.7580000162124634 1.2209999561309814 91.0
4.359000205993652 -0.6819999814033508 1.1039999723434448 103.0
4.35699987411499 -0.6110000014305115 0.9900000095367432 87.0
4.36299991607666 -0.5440000295639038 0.871999979019165 107.0
4.360000133514404 -0.6620000004768372 1.2139999866485596 88.0
4.4019999504089355 -0.5870000123977661 1.1069999933242798 0.0
4.5329999923706055 -0.527999997138977 1.024999976158142 1.0
4.372000217437744 -0.43700000643730164 0.8700000047683716 110.0
4.38700008392334 -0.5690000057220459 1.2130000591278076 0.0
4.789000034332275 -0.527999997138977 1.1970000267028809 3.0
4.386000156402588 -0.40700000524520874 0.9869999885559082 17.0
4.380000114440918 -0.3310000002384186 0.8679999709129333 103.0
5.0 -0.5370000004768372 1.3730000257492065 3.0
4.39300012588501 -0.3840000033378601 1.0920000076293945 9.0
4.395999908447266 -0.30399999022483826 0.984000027179718 1.0
4.375999927520752 -0.2240000069141388 0.8659999966621399 150.0
4.3979997634887695 -0.375 1.2000000476837158 20.0
4.3979997634887695 -0.2840000092983246 1.0880000591278076 1.0
4.415999889373779 -0.20200000703334808 0.9850000143051147 0.0
3.316999912261963 -0.08900000154972076 0.6539999842643738 58.0
0.0 0.0 0.0 0.0
3.380000114440918 -0.14100000262260437 0.8320000171661377 8.0
3.305000066757202 -0.0729999989271164 0.7350000143051147 66.0
3.2669999599456787 -0.008999999612569809 0.6430000066757202 80.0
3.3550000190734863 -0.1379999965429306 0.9049999713897705 14.0
3.2899999618530273 -0.06300000101327896 0.8069999814033508 76.0
3.2829999923706055 0.003000000026077032 0.7279999852180481 64.0
3.2790000438690186 0.07000000029802322 0.6449999809265137 69.0
3.2939999103546143 -0.06400000303983688 0.8840000033378601 71.0
3.2980000972747803 0.010999999940395355 0.8059999942779541 56.0
3.302000045776367 0.08100000023841858 0.7310000061988831 150.0
3.2669999599456787 0.14900000393390656 0.6430000066757202 67.0
3.3410000801086426 0.00800000037997961 0.8920000195503235 29.0
3.319000005722046 0.0860000029206276 0.8090000152587891 2.0
3.2799999713897705 0.15800000727176666 0.7250000238418579 62.0
3.2760000228881836 0.2290000021457672 0.6449999809265137 76.0
4.395999908447266 0.10700000077486038 1.1690000295639038 105.0
3.2960000038146973 0.16099999845027924 0.800000011920929 58.0
3.2780001163482666 0.23399999737739563 0.7239999771118164 59.0
3.2820000648498535 0.3100000023841858 0.6470000147819519 26.0
3.318000078201294 0.15399999916553497 0.878000020980835 47.0
3.2869999408721924 0.23499999940395355 0.796999990940094 61.0
4.416999816894531 0.42100000381469727 0.9760000109672546 94.0
4.421999931335449 0.5249999761581421 0.8740000128746033 93.0
3.2869999408721924 0.22499999403953552 0.8679999709129333 60.0
4.4120001792907715 0.4169999957084656 1.0679999589920044 95.0
4.543000221252441 0.5400000214576721 1.003999948501587 0.0
4.423999786376953 0.6349999904632568 0.8769999742507935 66.0
3.3559999465942383 0.30300000309944153 0.8830000162124634 5.0
4.442999839782715 0.5220000147819519 1.0740000009536743 1.0
4.447000026702881 0.6340000033378601 0.984000027179718 0.0
4.428999900817871 0.7450000047683716 0.8809999823570251 80.0
4.445000171661377 0.5009999871253967 1.1660000085830688 0.0
4.5229997634887695 0.6359999775886536 1.093000054359436 9.0
4.4629998207092285 0.7440000176429749 0.9890000224113464 0.0
4.440000057220459 0.8569999933242798 0.8870000243186951 83.0
4.5329999923706055 0.6129999756813049 1.187000036239624 10.0
4.531000137329102 0.7419999837875366 1.0950000286102295 9.0
5.136000156402588 0.9800000190734863 1.1399999856948853 4.0
4.449999809265137 0.972000002861023 0.8930000066757202 84.0
0.0 0.0 0.0 0.0
4.4730000495910645 0.8379999995231628 1.0809999704360962 0.0
4.453000068664551 0.9580000042915344 0.9909999966621399 76.0
5.888000011444092 1.434999942779541 1.1890000104904175 25.0
0.0 0.0 0.0 0.0
4.4730000495910645 0.9440000057220459 1.0820000171661377 30.0
4.504000186920166 1.0809999704360962 1.00600004196167 15.0
5.881999969482422 1.5850000381469727 1.1950000524520874 56.0
4.465000152587891 0.9070000052452087 1.1640000343322754 0.0
4.4710001945495605 1.0509999990463257 1.0829999446868896 52.0
5.880000114440918 1.5570000410079956 1.319000005722046 52.0
5.9029998779296875 1.74399995803833 1.2079999446868896 58.0
4.465000152587891 1.0110000371932983 1.1629999876022339 72.0
5.724999904632568 1.4839999675750732 1.3899999856948853 12.0
5.896999835968018 1.7109999656677246 1.3289999961853027 49.0
5.90500020980835 1.899999976158142 1.218000054359436 54.0
5.3420000076293945 1.3350000381469727 1.3919999599456787 3.0
5.684000015258789 1.6119999885559082 1.3839999437332153 14.0
5.920000076293945 1.8680000305175781 1.340999960899353 40.0
5.919000148773193 2.063999891281128 1.2309999465942383 59.0
5.296999931335449 1.4479999542236328 1.38100004196167 11.0
5.664000034332275 1.746999979019165 1.3830000162124634 14.0
5.9079999923706055 2.0169999599456787 1.347000002861023 33.0
5.881999969482422 2.2100000381469727 1.2350000143051147 60.0
5.301000118255615 1.5779999494552612 1.3830000162124634 13.0
5.620999813079834 1.875 1.378000020980835 13.0
5.908999919891357 2.1740000247955322 1.3559999465942383 37.0
5.525000095367432 2.2290000915527344 1.1720000505447388 51.0
5.281000137329102 1.7000000476837158 1.3799999952316284 12.0
5.580999851226807 2.005000114440918 1.3730000257492065 14.0
5.5960001945495605 2.2079999446868896 1.2929999828338623 33.0
5.295000076293945 2.2860000133514404 1.1349999904632568 58.0
5.265999794006348 1.8250000476837158 1.378000020980835 13.0
5.531000137329102 2.13100004196167 1.3680000305175781 15.0
5.317999839782715 2.24399995803833 1.2380000352859497 74.0
5.296000003814697 2.437999963760376 1.1480000019073486 107.0
5.249000072479248 1.9509999752044678 1.3769999742507935 12.0
5.388000011444092 2.2170000076293945 1.340000033378601 12.0
5.296000003814697 2.381999969482422 1.2450000047683716 106.0
5.302000045776367 2.5980000495910645 1.1640000343322754 92.0
5.229000091552734 2.0769999027252197 1.375 12.0
5.301000118255615 2.325000047683716 1.3259999752044678 23.0
5.300000190734863 2.5339999198913574 1.2569999694824219 98.0
5.309999942779541 2.760999917984009 1.180999994277954 71.0
5.168000221252441 2.187000036239624 1.3639999628067017 7.0
5.290999889373779 2.4670000076293945 1.3320000171661377 5.0
5.311999797821045 2.694999933242798 1.2719999551773071 105.0
5.986999988555908 3.296999931335449 1.3509999513626099 5.0
5.184000015258789 2.3329999446868896 1.3739999532699585 3.0
4.189000129699707 2.069999933242798 1.062999963760376 0.0
5.321000099182129 2.8580000400543213 1.2890000343322754 57.0
3.933000087738037 2.2899999618530273 0.8999999761581421 15.0
4.03000020980835 1.9220000505447388 1.0729999542236328 1.0
4.165999889373779 2.178999900817871 1.065000057220459 1.0
4.0229997634887695 2.2829999923706055 0.9850000143051147 36.0
3.75 2.305000066757202 0.871999979019165 14.0
5.138000011444092 2.5940001010894775 1.3739999532699585 1.0
4.077000141143799 2.253000020980835 1.0509999990463257 7.0
4.013999938964844 2.4040000438690186 0.9950000047683716 10.0
3.8589999675750732 2.502000093460083 0.9120000004768372 20.0
5.144999980926514 2.74399995803833 1.3839999437332153 0.0
4.02400016784668 2.3459999561309814 1.0470000505447388 57.0
3.6480000019073486 2.302000045776367 0.9169999957084656 10.0
3.9860000610351562 2.7209999561309814 0.9580000042915344 16.0
4.0370001792907715 2.2709999084472656 1.0920000076293945 16.0
3.8970000743865967 2.3929998874664307 1.0240000486373901 14.0
3.496000051498413 2.322000026702881 0.8899999856948853 12.0
3.805000066757202 2.7320001125335693 0.9319999814033508 15.0
3.9660000801086426 2.3489999771118164 1.0809999704360962 36.0
3.86299991607666 2.494999885559082 1.0260000228881836 35.0
3.6440000534057617 2.5450000762939453 0.9419999718666077 20.0
3.0810000896453857 2.325000047683716 0.7689999938011169 15.0
3.8559999465942383 2.4030001163482666 1.059000015258789 43.0
3.4860000610351562 2.365999937057495 0.9369999766349792 91.0
3.627000093460083 2.6610000133514404 0.9520000219345093 30.0
3.0969998836517334 2.4549999237060547 0.7889999747276306 58.0
3.7179999351501465 2.434000015258789 1.0290000438690186 62.0
3.2909998893737793 2.3459999561309814 0.8949999809265137 49.0
3.0799999237060547 2.371999979019165 0.8220000267028809 48.0
3.1080000400543213 2.5859999656677246 0.8080000281333923 53.0
3.7090001106262207 2.549999952316284 1.034999966621399 64.0
3.1530001163482666 2.3580000400543213 0.8690000176429749 40.0
3.1059999465942383 2.509999990463257 0.8429999947547913 53.0
3.122999906539917 2.7269999980926514 0.8309999704360962 53.0
3.2739999294281006 2.3610000610351562 0.9229999780654907 93.0
3.0789999961853027 2.4159998893737793 0.8600000143051147 54.0
3.114000082015991 2.638000011444092 0.8610000014305115 54.0
3.0220000743865967 2.7679998874664307 0.8220000267028809 49.0
3.11899995803833 2.3580000400543213 0.8880000114440918 36.0
3.1040000915527344 2.552999973297119 0.8799999952316284 62.0
3.1029999256134033 2.75600004196167 0.8740000128746033 58.0
2.884000062942505 2.7690000534057617 0.8040000200271606 64.0
3.0959999561309814 2.453000068664551 0.8920000195503235 59.0
3.115000009536743 2.683000087738037 0.8970000147819519 58.0
2.9679999351501465 2.76200008392334 0.8529999852180481 51.0
2.8380000591278076 2.8589999675750732 0.8109999895095825 51.0
3.115000009536743 2.5850000381469727 0.9079999923706055 54.0
3.063999891281128 2.765000104904175 0.8970000147819519 54.0
2.8510000705718994 2.7809998989105225 0.8370000123977661 64.0
2.8320000171661377 2.990999937057495 0.8309999704360962 47.0
3.122999906539917 2.7139999866485596 0.921999990940094 57.0
2.9230000972747803 2.76200008392334 0.8709999918937683 54.0
2.8389999866485596 2.9010000228881836 0.8519999980926514 46.0
2.8329999446868896 3.13700008392334 0.8550000190734863 43.0
3.0390000343322754 2.7639999389648438 0.9089999794960022 49.0
2.8399999141693115 2.809999942779541 0.8619999885559082 63.0
2.8340001106262207 3.0329999923706055 0.8709999918937683 45.0
2.8310000896453857 3.2880001068115234 0.8799999952316284 42.0
2.8989999294281006 2.759000062942505 0.8799999952316284 57.0
2.8350000381469727 2.937000036239624 0.8769999742507935 49.0
2.8299999237060547 3.174999952316284 0.890999972820282 44.0
2.822999954223633 3.437999963760376 0.9039999842643738 38.0
2.8420000076293945 2.8310000896453857 0.8759999871253967 56.0
2.8350000381469727 3.075000047683716 0.8960000276565552 50.0
2.828000068664551 3.325000047683716 0.9139999747276306 45.0
2.818000078201294 3.6019999980926514 0.9309999942779541 43.0
2.8420000076293945 2.9630000591278076 0.890999972820282 47.0
2.822999954223633 3.2090001106262207 0.9120000004768372 45.0
2.8289999961853027 3.486999988555908 0.9399999976158142 47.0
2.821000099182129 3.7860000133514404 0.9639999866485596 42.0
2.8329999446868896 3.0910000801086426 0.9039999842643738 44.0
2.828000068664551 3.367000102996826 0.9340000152587891 45.0
2.819000005722046 3.6440000534057617 0.9629999995231628 43.0
2.815000057220459 3.9690001010894775 0.9959999918937683 37.0
2.8350000381469727 3.23799991607666 0.921999990940094 44.0
2.822000026702881 3.5209999084472656 0.9559999704360962 47.0
2.822999954223633 3.8310000896453857 0.9940000176429749 37.0
2.811000108718872 4.166999816894531 1.031000018119812 38.0
2.8329999446868896 3.3910000324249268 0.9390000104904175 44.0
2.816999912261963 3.686000108718872 0.9789999723434448 43.0
2.8239998817443848 4.02400016784668 1.0260000228881836 34.0
3.180000066757202 4.960000038146973 1.2120000123977661 43.0
2.825000047683716 3.5420000553131104 0.9570000171661377 43.0
2.818000078201294 3.869999885559082 1.00600004196167 37.0
3.193000078201294 4.7820000648498535 1.1990000009536743 61.0
3.1619999408721924 5.198999881744385 1.253999948501587 55.0
2.828000068664551 3.7209999561309814 0.9800000190734863 42.0
2.815000057220459 4.059999942779541 1.034999966621399 37.0
3.200000047683716 5.045000076293945 1.2450000047683716 45.0
3.0429999828338623 5.276000022888184 1.2580000162124634 27.0
2.8239998817443848 3.8970000743865967 1.0019999742507935 39.0
2.7909998893737793 4.230000019073486 1.0570000410079956 5.0
3.180000066757202 5.28000020980835 1.2829999923706055 27.0
3.009000062942505 5.51200008392334 1.2999999523162842 44.0
2.819000005722046 4.083000183105469 1.0269999504089355 34.0
3.1989998817443848 5.103000164031982 1.2510000467300415 58.0
3.0390000343322754 5.320000171661377 1.274999976158142 27.0
2.7179999351501465 5.267000198364258 1.2300000190734863 44.0
3.184000015258789 4.8480000495910645 1.1920000314712524 56.0
3.188999891281128 5.355999946594238 1.2910000085830688 28.0
2.9790000915527344 5.510000228881836 1.3029999732971191 41.0
2.9179999828338623 5.992000102996826 1.3869999647140503 3.0
3.196000099182129 5.118000030517578 1.2309999465942383 63.0
3.055000066757202 5.414000034332275 1.281999945640564 27.0
2.740000009536743 5.361000061035156 1.2510000467300415 28.0
2.7829999923706055 6.072000026702881 1.3940000534057617 5.0
3.197000026702881 5.392000198364258 1.2710000276565552 29.0
2.927999973297119 5.479000091552734 1.2769999504089355 46.0
2.9179999828338623 6.052000045776367 1.3949999809265137 11.0
2.640000104904175 6.13100004196167 1.3960000276565552 2.0
3.069999933242798 5.4629998207092285 1.2610000371932983 28.0
2.7679998874664307 5.480999946594238 1.2580000162124634 34.0
2.7980000972747803 6.164999961853027 1.4049999713897705 1.0
2.484999895095825 6.164999961853027 1.3940000534057617 2.0
2.7909998893737793 5.245999813079834 1.187000036239624 27.0
2.944999933242798 6.184999942779541 1.3980000019073486 3.0
2.6530001163482666 6.2230000495910645 1.402999997138977 2.0
2.3369998931884766 6.206999778747559 1.3949999809265137 3.0
2.759000062942505 5.485000133514404 1.2200000286102295 25.0
2.8299999237060547 6.309999942779541 1.406999945640564 0.0
2.513000011444092 6.289000034332275 1.4049999713897705 2.0
2.190000057220459 6.247000217437744 1.3960000276565552 2.0
3.0339999198913574 6.394999980926514 1.3960000276565552 2.0
2.684000015258789 6.375 1.4019999504089355 2.0
2.36299991607666 6.333000183105469 1.4019999504089355 2.0
0.0 0.0 0.0 0.0
0.0 0.0 0.0 0.0
2.5429999828338623 6.451000213623047 1.4010000228881836 3.0
2.2260000705718994 6.419000148773193 1.4079999923706055 0.0
0.0 0.0 0.0 0.0
2.7709999084472656 6.61899995803833 1.3960000276565552 2.0
2.4040000438690186 6.543000221252441 1.402999997138977 2.0
0.0 0.0 0.0 0.0
0.44600000977516174 1.628000020980835 0.3580000102519989 2.0
2.634999990463257 6.728000164031982 1.3960000276565552 2.0
0.0 0.0 0.0 0.0
0.0 0.0 0.0 0.0
0.7580000162124634 3.0339999198913574 0.6660000085830688 17.0
2.492000102996826 6.828999996185303 1.3949999809265137 1.0
0.0 0.0 0.0 0.0
0.43799999356269836 1.6200000047683716 0.34700000286102295 3.0
0.6809999942779541 3.0239999294281006 0.6620000004768372 79.0
0.0 0.0 0.0 0.0
0.9240000247955322 3.187000036239624 0.6600000262260437 4.0
0.7580000162124634 3.0820000171661377 0.656000018119812 3.0
0.6069999933242798 3.0160000324249268 0.6589999794960022 46.0
0.0 0.0 0.0 0.0
0.4300000071525574 1.6239999532699585 0.3330000042915344 3.0
0.6930000185966492 3.130000114440918 0.6620000004768372 12.0
0.5289999842643738 2.984999895095825 0.6499999761581421 7.0
0.47200000286102295 1.6449999809265137 0.32100000977516174 1.0
0.7559999823570251 3.1440000534057617 0.6389999985694885 25.0
0.6100000143051147 3.0899999141693115 0.6499999761581421 35.0
0.42399999499320984 2.759000062942505 0.6010000109672546 4.0
0.421999990940094 1.6130000352859497 0.3109999895095825 1.0
0.6790000200271606 3.1449999809265137 0.6340000033378601 20.0
0.47999998927116394 2.7669999599456787 0.5789999961853027 5.0
0.3610000014305115 2.7679998874664307 0.6019999980926514 4.0
0.7400000095367432 3.11899995803833 0.593999981880188 10.0
0.597000002861023 3.11299991607666 0.621999979019165 18.0
0.4129999876022339 2.756999969482422 0.574999988079071 20.0
0.2849999964237213 2.6630001068115234 0.5789999961853027 7.0
0.6690000295639038 3.1489999294281006 0.5920000076293945 21.0
0.4620000123977661 2.752000093460083 0.5460000038146973 35.0
0.3499999940395355 2.7669999599456787 0.574999988079071 22.0
0.23199999332427979 2.76200008392334 0.6010000109672546 3.0
0.6029999852180481 3.2060000896453857 0.5960000157356262 37.0
0.3970000147819519 2.75600004196167 0.5429999828338623 50.0
0.28600001335144043 2.7699999809265137 0.5740000009536743 19.0
0.17000000178813934 2.7880001068115234 0.6069999933242798 4.0
0.45100000500679016 2.75 0.5059999823570251 46.0
0.3330000042915344 2.765000104904175 0.5410000085830688 50.0
0.22200000286102295 2.7780001163482666 0.5740000009536743 24.0
0.10599999874830246 2.7760000228881836 0.6050000190734863 5.0
0.38600000739097595 2.759000062942505 0.5019999742507935 48.0
0.2680000066757202 2.7669999599456787 0.5379999876022339 42.0
0.15800000727176666 2.7860000133514404 0.5740000009536743 23.0
0.041999999433755875 2.7049999237060547 0.5910000205039978 17.0
0.3199999928474426 2.7660000324249268 0.49799999594688416 47.0
0.20399999618530273 2.7750000953674316 0.5370000004768372 47.0
0.09399999678134918 2.7890000343322754 0.5740000009536743 21.0
-0.01899999938905239 2.6670000553131104 0.5839999914169312 25.0
0.2549999952316284 2.7699999809265137 0.4950000047683716 42.0
0.13899999856948853 2.7799999713897705 0.5350000262260437 49.0
0.028999999165534973 2.697000026702881 0.5550000071525574 71.0
-0.06599999964237213 2.2360000610351562 0.4909999966621399 20.0
0.1899999976158142 2.7780001163482666 0.492000013589859 45.0
0.07500000298023224 2.7860000133514404 0.5339999794960022 50.0
-0.027000000700354576 2.2679998874664307 0.4659999907016754 119.0
-0.14800000190734863 2.8269999027252197 0.6230000257492065 3.0
0.12399999797344208 2.7850000858306885 0.48899999260902405 47.0
0.009999999776482582 2.696000099182129 0.5149999856948853 88.0
-0.09099999815225601 2.5959999561309814 0.5339999794960022 7.0
-0.21400000154972076 2.8450000286102295 0.6290000081062317 3.0
0.05900000035762787 2.7829999923706055 0.48500001430511475 63.0
-0.04399999976158142 2.23799991607666 0.4259999990463257 60.0
-0.16300000250339508 2.819999933242798 0.5799999833106995 12.0
-0.27799999713897705 2.8389999866485596 0.6299999952316284 3.0
-0.006000000052154064 2.7009999752044678 0.46799999475479126 150.0
-0.11999999731779099 2.802000045776367 0.5320000052452087 85.0
-0.2290000021457672 2.821000099182129 0.5809999704360962 8.0
-0.34200000762939453 2.8289999961853027 0.6309999823570251 0.0
-0.061000000685453415 2.3299999237060547 0.4009999930858612 158.0
-0.1860000044107437 2.811000108718872 0.5329999923706055 41.0
-0.2939999997615814 2.828000068664551 0.5839999914169312 5.0
-0.41100001335144043 2.8540000915527344 0.6399999856948853 0.0
-0.14000000059604645 2.811000108718872 0.48100000619888306 55.0
-0.2529999911785126 2.822999954223633 0.5350000262260437 51.0
-0.3610000014305115 2.8340001106262207 0.5860000252723694 4.0
-0.3019999861717224 1.809000015258789 0.40799999237060547 2.0
-0.2070000022649765 2.816999912261963 0.47999998927116394 47.0
-0.3199999928474426 2.8289999961853027 0.5360000133514404 45.0
-0.4269999861717224 2.8299999237060547 0.5870000123977661 0.0
-0.32199999690055847 1.6950000524520874 0.3840000033378601 19.0
-0.2750000059604645 2.8239998817443848 0.4790000021457672 43.0
-0.3880000114440918 2.8340001106262207 0.5360000133514404 43.0
-0.3019999861717224 1.7339999675750732 0.3610000014305115 2.0
-0.375 1.7549999952316284 0.4000000059604645 8.0
-0.3440000116825104 2.8320000171661377 0.4790000021457672 31.0
-0.28700000047683716 1.7869999408721924 0.33799999952316284 0.0
0.0 0.0 0.0 0.0
0.0 0.0 0.0 0.0
-0.414000004529953 2.8429999351501465 0.4790000021457672 26.0
0.0 0.0 0.0 0.0
0.0 0.0 0.0 0.0
0.0 0.0 0.0 0.0
0.0 0.0 0.0 0.0
0.0 0.0 0.0 0.0
0.0 0.0 0.0 0.0
0.0 0.0 0.0 0.0
0.0 0.0 0.0 0.0
0.0 0.0 0.0 0.0
0.0 0.0 0.0 0.0
0.0 0.0 0.0 0.0
0.0 0.0 0.0 0.0
0.0 0.0 0.0 0.0
0.0 0.0 0.0 0.0
0.0 0.0 0.0 0.0
0.0 0.0 0.0 0.0
0.0 0.0 0.0 0.0
0.0 0.0 0.0 0.0
0.0 0.0 0.0 0.0
0.0 0.0 0.0 0.0
0.0 0.0 0.0 0.0
0.0 0.0 0.0 0.0
0.0 0.0 0.0 0.0
0.0 0.0 0.0 0.0
0.0 0.0 0.0 0.0
0.0 0.0 0.0 0.0
0.0 0.0 0.0 0.0
0.0 0.0 0.0 0.0
0.0 0.0 0.0 0.0
0.0 0.0 0.0 0.0
0.0 0.0 0.0 0.0
0.0 0.0 0.0 0.0
0.0 0.0 0.0 0.0
0.0 0.0 0.0 0.0
0.0 0.0 0.0 0.0
0.0 0.0 0.0 0.0
0.0 0.0 0.0 0.0
0.0 0.0 0.0 0.0
0.0 0.0 0.0 0.0
0.0 0.0 0.0 0.0
0.0 0.0 0.0 0.0
0.0 0.0 0.0 0.0
0.0 0.0 0.0 0.0
-1.184999942779541 2.743000030517578 0.4690000116825104 12.0
0.0 0.0 0.0 0.0
0.0 0.0 0.0 0.0
0.0 0.0 0.0 0.0
-1.2640000581741333 2.74399995803833 0.47099998593330383 19.0
0.0 0.0 0.0 0.0
0.0 0.0 0.0 0.0
0.0 0.0 0.0 0.0
-1.3509999513626099 2.755000114440918 0.47600001096725464 27.0
0.0 0.0 0.0 0.0
0.0 0.0 0.0 0.0
0.0 0.0 0.0 0.0
-1.437000036239624 2.760999917984009 0.48100000619888306 22.0
0.0 0.0 0.0 0.0
0.0 0.0 0.0 0.0
0.0 0.0 0.0 0.0
-1.5089999437332153 2.73799991607666 0.48100000619888306 4.0
0.0 0.0 0.0 0.0
0.0 0.0 0.0 0.0
0.0 0.0 0.0 0.0
0.0 0.0 0.0 0.0
0.0 0.0 0.0 0.0
0.0 0.0 0.0 0.0
0.0 0.0 0.0 0.0
0.0 0.0 0.0 0.0
0.0 0.0 0.0 0.0
0.0 0.0 0.0 0.0
0.0 0.0 0.0 0.0
0.0 0.0 0.0 0.0
0.0 0.0 0.0 0.0
0.0 0.0 0.0 0.0
0.0 0.0 0.0 0.0
0.0 0.0 0.0 0.0
0.0 0.0 0.0 0.0
0.0 0.0 0.0 0.0
0.0 0.0 0.0 0.0
0.0 0.0 0.0 0.0
0.0 0.0 0.0 0.0
0.0 0.0 0.0 0.0
0.0 0.0 0.0 0.0
0.0 0.0 0.0 0.0
0.0 0.0 0.0 0.0
0.0 0.0 0.0 0.0
0.0 0.0 0.0 0.0
0.0 0.0 0.0 0.0
0.0 0.0 0.0 0.0
0.0 0.0 0.0 0.0
0.0 0.0 0.0 0.0
0.0 0.0 0.0 0.0
0.0 0.0 0.0 0.0
0.0 0.0 0.0 0.0
0.0 0.0 0.0 0.0
0.0 0.0 0.0 0.0
0.0 0.0 0.0 0.0
0.0 0.0 0.0 0.0
-1.8170000314712524 1.8079999685287476 0.5889999866485596 41.0
0.0 0.0 0.0 1.0
0.0 0.0 0.0 0.0
-1.8289999961853027 1.8200000524520874 0.5199999809265137 5.0
-1.8309999704360962 1.74399995803833 0.5809999704360962 86.0
0.0 0.0 0.0 0.0
0.0 0.0 0.0 0.0
-1.8660000562667847 1.7740000486373901 0.5180000066757202 28.0
-1.8539999723434448 1.690000057220459 0.5759999752044678 69.0
0.0 0.0 0.0 0.0
-1.8569999933242798 1.7549999952316284 0.4449999928474426 6.0
-2.434000015258789 2.2109999656677246 0.6610000133514404 72.0
-1.8830000162124634 1.6430000066757202 0.5740000009536743 77.0
-1.8730000257492065 1.7569999694824219 0.375 6.0
-2.0269999504089355 1.8289999961853027 0.4749999940395355 40.0
-2.437000036239624 2.115999937057495 0.6480000019073486 74.0
-1.9019999504089355 1.5870000123977661 0.5690000057220459 77.0
-2.867000102996826 2.562999963760376 0.5609999895095825 49.0
-2.4600000381469727 2.115999937057495 0.5640000104904175 58.0
-2.617000102996826 2.1700000762939453 0.6819999814033508 33.0
-1.9989999532699585 1.5950000286102295 0.5870000123977661 106.0
-2.871000051498413 2.443000078201294 0.5479999780654907 47.0
-2.872999906539917 2.3570001125335693 0.6439999938011169 53.0
-2.6659998893737793 2.1110000610351562 0.6809999942779541 20.0
-2.3329999446868896 1.7790000438690186 0.6729999780654907 18.0
-2.877000093460083 2.3320000171661377 0.5370000004768372 50.0
-2.7939999103546143 2.184999942779541 0.6140000224113464 86.0
-2.7130000591278076 2.0490000247955322 0.6800000071525574 22.0
-2.36899995803833 1.7259999513626099 0.671999990940094 15.0
-2.7939999103546143 2.1549999713897705 0.5099999904632568 83.0
-2.7760000228881836 2.066999912261963 0.5979999899864197 19.0
-2.757999897003174 1.9880000352859497 0.6800000071525574 22.0
-2.4059998989105225 1.6740000247955322 0.671999990940094 13.0
-2.7119998931884766 1.9880000352859497 0.48500001430511475 18.0
-2.7190001010894775 1.9290000200271606 0.574999988079071 10.0
-2.868000030517578 1.9700000286102295 0.6949999928474426 11.0
-2.4200000762939453 1.6069999933242798 0.6650000214576721 8.0
-2.7309999465942383 1.902999997138977 0.4790000021457672 21.0
-2.7249999046325684 1.8380000591278076 0.5659999847412109 12.0
-2.76200008392334 1.805999994277954 0.6579999923706055 0.0
-2.3329999446868896 1.4759999513626099 0.6320000290870667 11.0
-2.734999895095825 1.809000015258789 0.47099998593330383 21.0
-2.7320001125335693 1.7519999742507935 0.5569999814033508 20.0
-2.8480000495910645 1.7719999551773071 0.6679999828338623 42.0
-2.375999927520752 1.4320000410079956 0.6340000033378601 22.0
-2.746000051498413 1.722000002861023 0.46399998664855957 24.0
-2.736999988555908 1.6660000085830688 0.550000011920929 23.0
-2.868000030517578 1.6950000524520874 0.6620000004768372 88.0
-2.5759999752044678 1.4769999980926514 0.6779999732971191 19.0
-2.753999948501587 1.6349999904632568 0.4580000042915344 25.0
-2.749000072479248 1.5859999656677246 0.5429999828338623 24.0
-2.868000030517578 1.6089999675750732 0.652999997138977 114.0
-2.615000009536743 1.4240000247955322 0.6790000200271606 20.0
-2.763000011444092 1.5520000457763672 0.453000009059906 24.0
-2.8529999256134033 1.559000015258789 0.5559999942779541 123.0
-2.7249999046325684 1.4490000009536743 0.6119999885559082 61.0
-2.5959999561309814 1.3420000076293945 0.6650000214576721 54.0
-2.8519999980926514 1.5119999647140503 0.46000000834465027 104.0
-2.8550000190734863 1.475000023841858 0.5490000247955322 110.0
-2.73799991607666 1.3769999742507935 0.6069999933242798 59.0
-2.6089999675750732 1.277999997138977 0.6610000133514404 54.0
-2.86899995803833 1.4329999685287476 0.4569999873638153 107.0
-2.869999885559082 1.3980000019073486 0.5440000295639038 117.0
-2.7690000534057617 1.315999984741211 0.6060000061988831 82.0
-2.7130000591278076 1.2549999952316284 0.6790000200271606 33.0
-2.869999885559082 1.3489999771118164 0.45100000500679016 94.0
-2.878000020980835 1.319000005722046 0.5389999747276306 116.0
-2.8580000400543213 1.2790000438690186 0.6169999837875366 54.0
-2.7249999046325684 1.190000057220459 0.6740000247955322 22.0
-2.875999927520752 1.2669999599456787 0.44600000977516174 94.0
-2.872999906539917 1.2369999885559082 0.531000018119812 91.0
-2.9549999237060547 1.2430000305175781 0.6309999823570251 81.0
-2.7890000343322754 1.1460000276565552 0.6819999814033508 52.0
-2.9509999752044678 1.215999960899353 0.453000009059906 62.0
-2.9590001106262207 1.1929999589920044 0.5410000085830688 75.0
-2.9539999961853027 1.1649999618530273 0.6240000128746033 61.0
-2.805999994277954 1.0820000171661377 0.6790000200271606 31.0
-2.9579999446868896 1.1360000371932983 0.4490000009536743 63.0
-2.9560000896453857 1.1119999885559082 0.5350000262260437 66.0
-2.9609999656677246 1.090999960899353 0.6190000176429749 65.0
-2.934000015258789 1.059000015258789 0.703000009059906 34.0
-2.9619998931884766 1.055999994277954 0.4449999928474426 61.0
-2.9600000381469727 1.034999966621399 0.5299999713897705 63.0
-2.9670000076293945 1.0180000066757202 0.6140000224113464 67.0
-2.9679999351501465 0.9990000128746033 0.7039999961853027 61.0
-2.9630000591278076 0.9769999980926514 0.44200000166893005 62.0
-2.9670000076293945 0.9599999785423279 0.5270000100135803 63.0
-2.9660000801086426 0.9440000057220459 0.6079999804496765 63.0
-2.9670000076293945 0.9269999861717224 0.6970000267028809 67.0
-2.9719998836517334 0.8999999761581421 0.4390000104904175 63.0
-2.9690001010894775 0.8849999904632568 0.5230000019073486 63.0
-2.9739999771118164 0.871999979019165 0.6039999723434448 63.0
-2.9739999771118164 0.859000027179718 0.6930000185966492 64.0
-2.9769999980926514 0.8240000009536743 0.43700000643730164 58.0
-2.9700000286102295 0.8109999895095825 0.5189999938011169 62.0
-2.9769999980926514 0.8009999990463257 0.6000000238418579 63.0
-2.9749999046325684 0.7900000214576721 0.6869999766349792 67.0
-2.9809999465942383 0.7480000257492065 0.4350000023841858 65.0
-2.9800000190734863 0.7390000224113464 0.515999972820282 69.0
-2.9790000915527344 0.7300000190734863 0.5960000157356262 70.0
-2.9790000915527344 0.722000002861023 0.6830000281333923 60.0
-2.9860000610351562 0.6729999780654907 0.43299999833106995 63.0
-2.9839999675750732 0.6660000085830688 0.5139999985694885 65.0
-2.984999895095825 0.6600000262260437 0.5929999947547913 68.0
-2.986999988555908 0.6549999713897705 0.6790000200271606 64.0
-2.99399995803833 0.5989999771118164 0.4320000112056732 64.0
-2.992000102996826 0.5950000286102295 0.5120000243186951 62.0
-2.996000051498413 0.5920000076293945 0.5910000205039978 68.0
-2.992000102996826 0.5879999995231628 0.675000011920929 64.0
-2.992000102996826 0.5239999890327454 0.42899999022483826 63.0
-2.994999885559082 0.5230000019073486 0.5090000033378601 71.0
-3.000999927520752 0.5230000019073486 0.5879999995231628 68.0
-2.98799991607666 0.5210000276565552 0.6700000166893005 45.0
-3.002000093460083 0.4519999921321869 0.4300000071525574 64.0
-2.996999979019165 0.4519999921321869 0.5070000290870667 66.0
-3.000999927520752 0.453000009059906 0.5849999785423279 69.0
-2.996999979019165 0.4560000002384186 0.6669999957084656 53.0
-3.009000062942505 0.3790000081062317 0.42899999022483826 64.0
-2.9730000495910645 0.37700000405311584 0.5009999871253967 79.0
-2.6410000324249268 0.33799999952316284 0.5120000243186951 85.0
-2.8499999046325684 0.3700000047683716 0.6309999823570251 22.0
-3.009000062942505 0.3059999942779541 0.42800000309944153 64.0
-2.815999984741211 0.29100000858306885 0.4729999899864197 150.0
-2.7330000400543213 0.28700000047683716 0.5270000100135803 70.0
-2.7190001010894775 0.2930000126361847 0.5979999899864197 65.0
-3.0220000743865967 0.2329999953508377 0.42899999022483826 66.0
-3.0190000534057617 0.2409999966621399 0.5049999952316284 71.0
-3.015000104904175 0.24899999797344208 0.5789999961853027 66.0
-3.006999969482422 0.257999986410141 0.6579999923706055 53.0
-2.880000114440918 0.15299999713897705 0.4090000092983246 150.0
-2.867000102996826 0.16200000047683716 0.4790000021457672 150.0
-2.9010000228881836 0.17399999499320984 0.5540000200271606 131.0
-3.009000062942505 0.19200000166893005 0.6549999713897705 54.0
0.0 0.0 0.0 0.0
-2.88100004196167 0.09600000083446503 0.47999998927116394 9.0
-2.872999906539917 0.10700000077486038 0.546999990940094 25.0
-3.0209999084472656 0.12700000405311584 0.6539999842643738 39.0
0.0 0.0 0.0 0.0
0.0 0.0 0.0 0.0
0.0 0.0 0.0 0.0
0.0 0.0 0.0 0.0
0.0 0.0 0.0 0.0
-0.09799999743700027 -0.0010000000474974513 0.01600000075995922 0.0
-0.10199999809265137 0.0 0.01899999938905239 0.0
-0.11100000143051147 0.0 0.023000000044703484 0.0
-2.890000104904175 -0.12399999797344208 0.41200000047683716 63.0
-2.8970000743865967 -0.10499999672174454 0.48100000619888306 27.0
-2.240999937057495 -0.06800000369548798 0.4230000078678131 5.0
0.0 0.0 0.0 0.0
-2.2820000648498535 -0.15299999713897705 0.32600000500679016 43.0
-2.872999906539917 -0.17100000381469727 0.47699999809265137 110.0
-2.186000108718872 -0.11500000208616257 0.41200000047683716 70.0
-2.180999994277954 -0.09799999743700027 0.4650000035762787 13.0
-2.2249999046325684 -0.20200000703334808 0.3190000057220459 9.0
-2.2320001125335693 -0.1850000023841858 0.3709999918937683 53.0
-2.1689999103546143 -0.16300000250339508 0.40799999237060547 94.0
-2.1440000534057617 -0.14300000667572021 0.4560000002384186 83.0
-2.2269999980926514 -0.25699999928474426 0.3199999928474426 10.0
-2.2160000801086426 -0.23600000143051147 0.36800000071525574 71.0
-2.1710000038146973 -0.21299999952316284 0.40799999237060547 86.0
-2.1429998874664307 -0.1889999955892563 0.45399999618530273 81.0
-2.9200000762939453 -0.40799999237060547 0.421999990940094 33.0
-2.23799991607666 -0.29100000858306885 0.37299999594688416 8.0
-2.171999931335449 -0.2630000114440918 0.40799999237060547 63.0
-2.1440000534057617 -0.2370000034570694 0.453000009059906 91.0
-3.063999891281128 -0.503000020980835 0.4449999928474426 60.0
-3.056999921798706 -0.47099998593330383 0.5109999775886536 65.0
-2.180000066757202 -0.31299999356269836 0.4099999964237213 60.0
-2.1410000324249268 -0.2840000092983246 0.4519999921321869 87.0
-3.065000057220459 -0.5789999961853027 0.4480000138282776 62.0
-3.069000005722046 -0.5450000166893005 0.5139999985694885 65.0
-2.2130000591278076 -0.3700000047683716 0.41600000858306885 72.0
-2.1600000858306885 -0.33399999141693115 0.45500001311302185 70.0
-3.0789999961853027 -0.6579999923706055 0.453000009059906 63.0
-3.0739998817443848 -0.6209999918937683 0.5170000195503235 60.0
-2.9749999046325684 -0.5659999847412109 0.5600000023841858 150.0
-2.191999912261963 -0.3889999985694885 0.460999995470047 59.0
-3.0850000381469727 -0.7369999885559082 0.4580000042915344 56.0
-3.0820000171661377 -0.6970000267028809 0.5199999809265137 61.0
-3.078000068664551 -0.6579999923706055 0.5799999833106995 56.0
-2.253000020980835 -0.45100000500679016 0.4729999899864197 41.0
-3.0840001106262207 -0.8159999847412109 0.460999995470047 60.0
-3.0859999656677246 -0.7730000019073486 0.5230000019073486 59.0
-3.0850000381469727 -0.7329999804496765 0.5830000042915344 48.0
-3.0169999599456787 -0.671999990940094 0.6340000033378601 17.0
-3.0940001010894775 -0.8980000019073486 0.46700000762939453 70.0
-3.0929999351501465 -0.8519999980926514 0.5270000100135803 69.0
-3.0829999446868896 -0.8059999942779541 0.5839999914169312 60.0
-3.0480000972747803 -0.75 0.6399999856948853 36.0
-3.0959999561309814 -0.9789999723434448 0.47200000286102295 63.0
-3.0920000076293945 -0.9300000071525574 0.5299999713897705 62.0
-3.0989999771118164 -0.8859999775886536 0.5889999866485596 68.0
-3.0889999866485596 -0.8320000171661377 0.6489999890327454 41.0
-3.1050000190734863 -1.0640000104904175 0.4779999852180481 61.0
-3.1059999465942383 -1.0130000114440918 0.5360000133514404 64.0
-3.0969998836517334 -0.9610000252723694 0.5899999737739563 60.0
-3.0929999351501465 -0.9049999713897705 0.6499999761581421 45.0
-3.11299991607666 -1.149999976158142 0.48399999737739563 60.0
-3.111999988555908 -1.0959999561309814 0.5410000085830688 58.0
-3.1050000190734863 -1.0410000085830688 0.593999981880188 66.0
-3.1029999256134033 -0.9829999804496765 0.652999997138977 63.0
-3.115000009536743 -1.2350000143051147 0.49000000953674316 57.0
-3.1110000610351562 -1.1770000457763672 0.5450000166893005 59.0
-3.11299991607666 -1.1230000257492065 0.5979999899864197 57.0
-3.1080000400543213 -1.059999942779541 0.6549999713897705 60.0
-3.118000030517578 -1.3240000009536743 0.4970000088214874 59.0
-3.118000030517578 -1.2619999647140503 0.550000011920929 60.0
-3.118000030517578 -1.2050000429153442 0.6019999980926514 59.0
-3.109999895095825 -1.1369999647140503 0.656000018119812 60.0
-3.122999906539917 -1.4140000343322754 0.5040000081062317 53.0
-3.124000072479248 -1.350000023841858 0.5559999942779541 53.0
-3.121000051498413 -1.2869999408721924 0.6060000061988831 56.0
-3.115000009536743 -1.218000054359436 0.6589999794960022 55.0
-3.134000062942505 -1.5099999904632568 0.5130000114440918 42.0
-3.121999979019165 -1.4359999895095825 0.5609999895095825 52.0
-3.128999948501587 -1.375 0.6110000014305115 57.0
-3.119999885559082 -1.2990000247955322 0.6620000004768372 51.0
-3.140000104904175 -1.6059999465942383 0.5210000276565552 50.0
-3.138000011444092 -1.531999945640564 0.5699999928474426 62.0
-3.135999917984009 -1.4630000591278076 0.6169999837875366 25.0
-3.125 -1.3830000162124634 0.6650000214576721 58.0
-2.2769999504089355 -1.2330000400543213 0.382999986410141 0.0
-3.1449999809265137 -1.628000020980835 0.5770000219345093 32.0
-3.135999917984009 -1.5499999523162842 0.6209999918937683 53.0
-3.1429998874664307 -1.4739999771118164 0.6710000038146973 25.0
-2.9200000762939453 -1.6729999780654907 0.5 35.0
-3.0199999809265137 -1.6519999504089355 0.5609999895095825 14.0
-3.1480000019073486 -1.6460000276565552 0.628000020980835 16.0
-3.1389999389648438 -1.5570000410079956 0.6729999780654907 57.0
-2.7739999294281006 -1.6770000457763672 0.4830000102519989 34.0
-2.8929998874664307 -1.6710000038146973 0.5440000295639038 37.0
-3.006999969482422 -1.659000039100647 0.6050000190734863 24.0
-3.1459999084472656 -1.6480000019073486 0.6769999861717224 8.0
-2.6429998874664307 -1.684000015258789 0.46799999475479126 36.0
-2.756999969482422 -1.6790000200271606 0.5249999761581421 40.0
-2.872999906539917 -1.6710000038146973 0.5830000042915344 35.0
-3.01200008392334 -1.6640000343322754 0.6520000100135803 26.0
-2.2739999294281006 -1.5260000228881836 0.4099999964237213 14.0
-2.622999906539917 -1.680999994277954 0.5059999823570251 37.0
-2.739000082015991 -1.6779999732971191 0.5609999895095825 36.0
-2.874000072479248 -1.6710000038146973 0.625 37.0
-2.188999891281128 -1.5449999570846558 0.40299999713897705 17.0
-2.253000020980835 -1.5190000534057617 0.4410000145435333 15.0
-2.61299991607666 -1.6829999685287476 0.5410000085830688 37.0
-2.744999885559082 -1.6790000200271606 0.6010000109672546 37.0
-2.11299991607666 -1.5670000314712524 0.3959999978542328 17.0
-2.181999921798706 -1.5449999570846558 0.43299999833106995 17.0
-2.255000114440918 -1.524999976158142 0.47200000286102295 15.0
-2.619999885559082 -1.6829999685287476 0.578000009059906 36.0
-2.052000045776367 -1.5980000495910645 0.3930000066757202 17.0
-2.1110000610351562 -1.569000005722046 0.4259999990463257 16.0
-2.178999900817871 -1.5470000505447388 0.460999995470047 16.0
-2.255000114440918 -1.5199999809265137 0.5009999871253967 15.0
-1.9809999465942383 -1.61899995803833 0.3880000114440918 18.0
-2.0480000972747803 -1.5980000495910645 0.41999998688697815 17.0
-2.1110000610351562 -1.5720000267028809 0.4519999921321869 16.0
-2.186000108718872 -1.5449999570846558 0.48899999260902405 15.0
-1.9129999876022339 -1.6399999856948853 0.382999986410141 17.0
-1.9800000190734863 -1.61899995803833 0.414000004529953 17.0
-2.046999931335449 -1.5980000495910645 0.4440000057220459 17.0
-2.124000072479248 -1.5720000267028809 0.4790000021457672 16.0
-1.8450000286102295 -1.659000039100647 0.3779999911785126 17.0
-1.9040000438690186 -1.6319999694824219 0.4050000011920929 17.0
-1.9759999513626099 -1.6160000562667847 0.4350000023841858 16.0
-2.052999973297119 -1.5920000076293945 0.46700000762939453 16.0
-1.7890000343322754 -1.684999942779541 0.37599998712539673 15.0
-1.847000002861023 -1.6579999923706055 0.4000000059604645 18.0
-1.9110000133514404 -1.6360000371932983 0.4259999990463257 16.0
-1.9880000352859497 -1.6139999628067017 0.4569999873638153 16.0
-1.7619999647140503 -1.7400000095367432 0.3799999952316284 54.0
-1.7899999618530273 -1.6829999685287476 0.3959999978542328 16.0
-1.850000023841858 -1.659000039100647 0.4189999997615814 17.0
-1.934999942779541 -1.6430000066757202 0.4490000009536743 16.0
-1.680999994277954 -1.7400000095367432 0.3720000088214874 20.0
-1.7660000324249268 -1.7389999628067017 0.39899998903274536 57.0
-1.7869999408721924 -1.6759999990463257 0.41200000047683716 16.0
-1.8619999885559082 -1.6540000438690186 0.43700000643730164 18.0
0.0 0.0 0.0 0.0
-1.6829999685287476 -1.7359999418258667 0.3889999985694885 24.0
-1.7730000019073486 -1.7410000562667847 0.41600000858306885 60.0
-1.8029999732971191 -1.6740000247955322 0.42800000309944153 18.0
0.0 0.0 0.0 0.0
0.0 0.0 0.0 0.0
-1.690999984741211 -1.7380000352859497 0.40400001406669617 32.0
-1.784000039100647 -1.7330000400543213 0.42899999022483826 64.0
0.0 0.0 0.0 0.0
0.0 0.0 0.0 0.0
0.0 0.0 0.0 0.0
-1.7100000381469727 -1.7359999418258667 0.4169999957084656 34.0
0.0 0.0 0.0 0.0
0.0 0.0 0.0 0.0
0.0 0.0 0.0 0.0
0.0 0.0 0.0 0.0
0.0 0.0 0.0 0.0
0.0 0.0 0.0 0.0
0.0 0.0 0.0 0.0
0.0 0.0 0.0 0.0
0.0 0.0 0.0 0.0
0.0 0.0 0.0 0.0
0.0 0.0 0.0 0.0
0.0 0.0 0.0 0.0
0.0 0.0 0.0 0.0
0.0 0.0 0.0 0.0
0.0 0.0 0.0 0.0
0.0 0.0 0.0 0.0
0.0 0.0 0.0 0.0
0.0 0.0 0.0 0.0
0.0 0.0 0.0 0.0
0.0 0.0 0.0 0.0
0.0 0.0 0.0 0.0
0.0 0.0 0.0 0.0
0.0 0.0 0.0 0.0
0.0 0.0 0.0 0.0
0.0 0.0 0.0 0.0
0.0 0.0 0.0 0.0
0.0 0.0 0.0 0.0
0.0 0.0 0.0 0.0
0.0 0.0 0.0 0.0
0.0 0.0 0.0 0.0
0.0 0.0 0.0 0.0
0.0 0.0 0.0 0.0
0.0 0.0 0.0 0.0
0.0 0.0 0.0 0.0
0.0 0.0 0.0 0.0
0.0 0.0 0.0 0.0
0.0 0.0 0.0 0.0
0.0 0.0 0.0 0.0
0.0 0.0 0.0 0.0
0.0 0.0 0.0 0.0
-0.8209999799728394 -1.7309999465942383 0.3070000112056732 9.0
0.0 0.0 0.0 0.0
0.0 0.0 0.0 0.0
0.0 0.0 0.0 0.0
0.0 0.0 0.0 0.0
-0.8309999704360962 -1.7280000448226929 0.30300000309944153 12.0
0.0 0.0 0.0 0.0
0.0 0.0 0.0 0.0
0.0 0.0 0.0 0.0
0.0 0.0 0.0 0.0
-0.8460000157356262 -1.7359999418258667 0.29899999499320984 12.0
0.0 0.0 0.0 0.0
0.0 0.0 0.0 0.0
0.0 0.0 0.0 0.0
-0.796999990940094 -1.7359999418258667 0.2939999997615814 17.0
0.0 0.0 0.0 0.0
0.0 0.0 0.0 0.0
0.0 0.0 0.0 0.0
0.0 0.0 0.0 0.0
-0.8190000057220459 -1.7410000562667847 0.2849999964237213 16.0
0.0 0.0 0.0 0.0
0.0 0.0 0.0 0.0
0.0 0.0 0.0 0.0
-0.7680000066757202 -1.7359999418258667 0.27900001406669617 19.0
0.0 0.0 0.0 0.0
0.0 0.0 0.0 0.0
0.0 0.0 0.0 0.0
0.0 0.0 0.0 0.0
0.0 0.0 0.0 0.0
0.0 0.0 0.0 0.0
0.0 0.0 0.0 0.0
0.0 0.0 0.0 0.0
0.0 0.0 0.0 0.0
0.0 0.0 0.0 0.0
0.0 0.0 0.0 0.0
0.0 0.0 0.0 0.0
0.0 0.0 0.0 0.0
0.0 0.0 0.0 0.0
0.0 0.0 0.0 0.0
0.0 0.0 0.0 0.0
0.0 0.0 0.0 0.0
0.0 0.0 0.0 0.0
0.0 0.0 0.0 0.0
0.0 0.0 0.0 0.0
0.0 0.0 0.0 0.0
0.0 0.0 0.0 0.0
0.0 0.0 0.0 0.0
0.0 0.0 0.0 0.0
0.0 0.0 0.0 0.0
0.0 0.0 0.0 0.0
0.0 0.0 0.0 0.0
0.0 0.0 0.0 0.0
0.0 0.0 0.0 0.0
0.0 0.0 0.0 0.0
0.0 0.0 0.0 0.0
0.0 0.0 0.0 0.0
-0.21799999475479126 -1.774999976158142 0.296999990940094 23.0
0.0 0.0 0.0 0.0
0.0 0.0 0.0 0.0
0.0 0.0 0.0 0.0
-0.17800000309944153 -1.777999997138977 0.296999990940094 29.0
0.0 0.0 0.0 0.0
0.0 0.0 0.0 0.0
0.0 0.0 0.0 0.0
-0.1379999965429306 -1.7860000133514404 0.2980000078678131 28.0
-0.18700000643730164 -1.7760000228881836 0.2759999930858612 25.0
0.0 0.0 0.0 0.0
0.0 0.0 0.0 0.0
-0.09700000286102295 -1.777999997138977 0.296999990940094 30.0
-0.1469999998807907 -1.781999945640564 0.2759999930858612 27.0
0.0 0.0 0.0 0.0
0.0 0.0 0.0 0.0
-0.054999999701976776 -1.7400000095367432 0.29100000858306885 100.0
-0.10599999874830246 -1.7829999923706055 0.2750000059604645 28.0
-0.1550000011920929 -1.7769999504089355 0.25200000405311584 21.0
0.0 0.0 0.0 0.0
0.0 0.0 0.0 0.0
-0.06499999761581421 -1.7869999408721924 0.2750000059604645 28.0
-0.11400000005960464 -1.7899999618530273 0.25099998712539673 24.0
0.0 0.0 0.0 0.0
0.023000000044703484 -1.784999966621399 0.29899999499320984 2.0
-0.024000000208616257 -1.7869999408721924 0.27399998903274536 32.0
-0.0729999989271164 -1.7890000343322754 0.24899999797344208 27.0
-0.12800000607967377 -1.7790000438690186 0.22100000083446503 21.0
0.06400000303983688 -1.7799999713897705 0.29899999499320984 30.0
0.014999999664723873 -1.7929999828338623 0.27399998903274536 29.0
-0.03200000151991844 -1.7970000505447388 0.24899999797344208 27.0
-0.08699999749660492 -1.7890000343322754 0.21899999678134918 22.0
0.10400000214576721 -1.7799999713897705 0.30000001192092896 33.0
0.05700000002980232 -1.7979999780654907 0.27399998903274536 30.0
0.00800000037997961 -1.7990000247955322 0.24699999392032623 27.0
-0.04500000178813934 -1.7920000553131104 0.21699999272823334 27.0
0.14399999380111694 -1.781000018119812 0.3009999990463257 30.0
0.09799999743700027 -1.7990000247955322 0.27399998903274536 29.0
0.05000000074505806 -1.7990000247955322 0.2460000067949295 27.0
-0.004000000189989805 -1.7960000038146973 0.2150000035762787 27.0
0.18299999833106995 -1.7719999551773071 0.30000001192092896 24.0
0.13899999856948853 -1.7990000247955322 0.27399998903274536 29.0
0.09099999815225601 -1.7979999780654907 0.24400000274181366 27.0
0.03700000047683716 -1.7960000038146973 0.21199999749660492 27.0
0.22300000488758087 -1.7669999599456787 0.3009999990463257 29.0
0.18000000715255737 -1.8009999990463257 0.27399998903274536 27.0
0.13300000131130219 -1.8020000457763672 0.24400000274181366 29.0
0.07900000363588333 -1.7960000038146973 0.20999999344348907 31.0
0.2619999945163727 -1.7589999437332153 0.30000001192092896 21.0
0.22300000488758087 -1.8079999685287476 0.2750000059604645 28.0
0.17599999904632568 -1.809000015258789 0.24300000071525574 28.0
0.12200000137090683 -1.8049999475479126 0.20800000429153442 28.0
0.3009999990463257 -1.7489999532699585 0.30000001192092896 18.0
0.2639999985694885 -1.8049999475479126 0.2750000059604645 28.0
0.21799999475479126 -1.8070000410079956 0.24199999868869781 28.0
0.164000004529953 -1.7979999780654907 0.20499999821186066 27.0
0.33799999952316284 -1.7300000190734863 0.2980000078678131 14.0
0.3070000112056732 -1.8070000410079956 0.2759999930858612 29.0
0.26100000739097595 -1.8109999895095825 0.24199999868869781 28.0
0.20800000429153442 -1.8079999685287476 0.20399999618530273 29.0
0.37400001287460327 -1.7100000381469727 0.296999990940094 8.0
0.3499999940395355 -1.812999963760376 0.2770000100135803 27.0
0.30399999022483826 -1.812999963760376 0.2409999966621399 28.0
0.25099998712539673 -1.812000036239624 0.2029999941587448 30.0
0.4399999976158142 -1.815999984741211 0.31700000166893005 26.0
0.3930000066757202 -1.8140000104904175 0.27799999713897705 28.0
0.34700000286102295 -1.8109999895095825 0.2409999966621399 26.0
0.29499998688697815 -1.815000057220459 0.20100000500679016 29.0
0.48399999737739563 -1.819000005722046 0.3190000057220459 25.0
0.4359999895095825 -1.812000036239624 0.27799999713897705 27.0
0.3919999897480011 -1.8200000524520874 0.2409999966621399 27.0
0.33899998664855957 -1.8140000104904175 0.20000000298023224 28.0
0.531000018119812 -1.8270000219345093 0.3230000138282776 26.0
0.4830000102519989 -1.8229999542236328 0.2809999883174896 27.0
0.43700000643730164 -1.8209999799728394 0.2409999966621399 28.0
0.3840000033378601 -1.8170000314712524 0.1979999989271164 27.0
0.5730000138282776 -1.8200000524520874 0.3240000009536743 24.0
0.527999997138977 -1.8220000267028809 0.28200000524520874 26.0
0.4830000102519989 -1.8240000009536743 0.2409999966621399 25.0
0.42899999022483826 -1.8170000314712524 0.19699999690055847 28.0
0.6209999918937683 -1.8289999961853027 0.328000009059906 25.0
0.5730000138282776 -1.8229999542236328 0.28299999237060547 23.0
0.5289999842643738 -1.8270000219345093 0.24199999868869781 25.0
0.4749999940395355 -1.8209999799728394 0.19599999487400055 25.0
0.6669999957084656 -1.8309999704360962 0.3310000002384186 25.0
0.6200000047683716 -1.8250000476837158 0.2849999964237213 24.0
0.5770000219345093 -1.8309999704360962 0.24199999868869781 28.0
0.5230000019073486 -1.8279999494552612 0.19599999487400055 26.0
0.7139999866485596 -1.8300000429153442 0.33399999141693115 27.0
0.6690000295639038 -1.8309999704360962 0.28700000047683716 23.0
0.6240000128746033 -1.8339999914169312 0.24300000071525574 25.0
0.5699999928474426 -1.8250000476837158 0.1940000057220459 26.0
0.7630000114440918 -1.8359999656677246 0.33799999952316284 23.0
0.7149999737739563 -1.8289999961853027 0.2879999876022339 24.0
0.671999990940094 -1.8339999914169312 0.24300000071525574 23.0
0.6190000176429749 -1.8289999961853027 0.1940000057220459 25.0
0.8130000233650208 -1.840000033378601 0.34200000762939453 25.0
0.7670000195503235 -1.8380000591278076 0.2919999957084656 23.0
0.722000002861023 -1.8370000123977661 0.24400000274181366 27.0
0.6679999828338623 -1.8300000429153442 0.19300000369548798 24.0
0.703000009059906 -1.4989999532699585 0.2809999883174896 17.0
0.8169999718666077 -1.8389999866485596 0.2939999997615814 28.0
0.7699999809265137 -1.8329999446868896 0.24400000274181366 24.0
0.7200000286102295 -1.8370000123977661 0.19300000369548798 25.0
0.9229999780654907 -1.8589999675750732 0.35199999809265137 82.0
0.7080000042915344 -1.5 0.2409999966621399 23.0
0.8119999766349792 -1.8140000104904175 0.24300000071525574 40.0
0.7710000276565552 -1.8350000381469727 0.19200000166893005 25.0
0.9959999918937683 -1.8990000486373901 0.36399999260902405 57.0
0.8420000076293945 -1.6829999685287476 0.27300000190734863 3.0
0.7310000061988831 -1.5369999408721924 0.20600000023841858 56.0
0.824999988079071 -1.8420000076293945 0.19300000369548798 25.0
1.031999945640564 -1.8660000562667847 0.3619999885559082 150.0
0.9990000128746033 -1.8880000114440918 0.3089999854564667 68.0
0.777999997138977 -1.5420000553131104 0.20800000429153442 1.0
0.8790000081062317 -1.8420000076293945 0.19200000166893005 23.0
0.7390000224113464 -1.2690000534057617 0.24899999797344208 5.0
0.7649999856948853 -1.3700000047683716 0.22599999606609344 156.0
0.8100000023841858 -1.5169999599456787 0.20600000023841858 46.0
0.9549999833106995 -1.8849999904632568 0.19699999690055847 70.0
0.7839999794960022 -1.281000018119812 0.2540000081062317 1.0
0.7490000128746033 -1.2730000019073486 0.21199999749660492 6.0
0.8299999833106995 -1.4709999561309814 0.20100000500679016 1.0
1.0199999809265137 -1.899999976158142 0.1979999989271164 58.0
1.2309999465942383 -1.9129999876022339 0.38499999046325684 62.0
0.7509999871253967 -1.2130000591278076 0.20399999618530273 0.0
0.8370000123977661 -1.4049999713897705 0.19300000369548798 3.0
1.0800000429153442 -1.9019999504089355 0.19900000095367432 64.0
0.0 0.0 0.0 0.0
0.7870000004768372 -1.2079999446868896 0.20600000023841858 1.0
0.8759999871253967 -1.3949999809265137 0.19300000369548798 94.0
1.1460000276565552 -1.909999966621399 0.20000000298023224 58.0
1.3660000562667847 -1.9299999475479126 0.39899998903274536 10.0
0.0 0.0 0.0 0.0
0.8410000205039978 -1.2719999551773071 0.1770000010728836 3.0
1.2059999704360962 -1.9049999713897705 0.20000000298023224 92.0
0.9539999961853027 -1.2869999408721924 0.27000001072883606 14.0
0.8349999785423279 -1.1629999876022339 0.2029999941587448 6.0
0.8849999904632568 -1.274999976158142 0.17900000512599945 1.0
0.8519999980926514 -1.2769999504089355 0.1340000033378601 34.0
1.0010000467300415 -1.2879999876022339 0.27399998903274536 0.0
0.878000020980835 -1.1660000085830688 0.20600000023841858 1.0
0.9330000281333923 -1.277999997138977 0.18199999630451202 7.0
0.8389999866485596 -1.1950000524520874 0.12600000202655792 0.0
1.5740000009536743 -1.937000036239624 0.4189999997615814 51.0
0.0 0.0 0.0 0.0
1.4789999723434448 -1.930999994277954 0.27799999713897705 4.0
0.8539999723434448 -1.156000018119812 0.12300000339746475 1.0
1.6519999504089355 -1.944000005722046 0.42800000309944153 57.0
1.6030000448226929 -1.940000057220459 0.3529999852180481 10.0
1.5499999523162842 -1.9290000200271606 0.2809999883174896 46.0
1.50600004196167 -1.940000057220459 0.20800000429153442 6.0
1.7280000448226929 -1.9450000524520874 0.4359999895095825 50.0
1.6829999685287476 -1.944000005722046 0.35899999737739563 51.0
1.63100004196167 -1.9359999895095825 0.2849999964237213 63.0
1.5829999446868896 -1.940999984741211 0.20900000631809235 61.0
1.805999994277954 -1.944000005722046 0.4429999887943268 45.0
1.7619999647140503 -1.944000005722046 0.36500000953674316 48.0
1.715999960899353 -1.9420000314712524 0.28999999165534973 54.0
1.6629999876022339 -1.9420000314712524 0.210999995470047 55.0
1.8109999895095825 -1.8660000562667847 0.43299999833106995 0.0
1.843999981880188 -1.9429999589920044 0.3709999918937683 25.0
1.7990000247955322 -1.9429999589920044 0.2939999997615814 50.0
1.753000020980835 -1.9500000476837158 0.21400000154972076 53.0
1.9850000143051147 -1.9559999704360962 0.46399998664855957 43.0
1.9359999895095825 -1.9490000009536743 0.3790000081062317 45.0
1.8930000066757202 -1.9509999752044678 0.30000001192092896 5.0
1.784000039100647 -1.8910000324249268 0.20999999344348907 4.0
2.075000047683716 -1.9579999446868896 0.4740000069141388 40.0
2.0290000438690186 -1.9529999494552612 0.3869999945163727 45.0
1.9889999628067017 -1.9559999704360962 0.3059999942779541 48.0
1.937999963760376 -1.9570000171661377 0.2199999988079071 49.0
2.183000087738037 -1.9700000286102295 0.4869999885559082 35.0
2.134999990463257 -1.9639999866485596 0.3970000147819519 44.0
2.0869998931884766 -1.9589999914169312 0.31200000643730164 42.0
2.0329999923706055 -1.9570000171661377 0.22300000488758087 44.0
2.2829999923706055 -1.9700000286102295 0.49799999594688416 33.0
2.240000009536743 -1.968999981880188 0.4059999883174896 36.0
2.200000047683716 -1.9700000286102295 0.3199999928474426 40.0
2.1410000324249268 -1.9639999866485596 0.22699999809265137 46.0
2.3580000400543213 -1.9470000267028809 0.5040000081062317 3.0
2.3529999256134033 -1.975000023841858 0.4169999957084656 34.0
2.309000015258789 -1.972000002861023 0.3269999921321869 38.0
2.260999917984009 -1.975000023841858 0.23199999332427979 35.0
2.5220000743865967 -1.9900000095367432 0.5270000100135803 36.0
2.4779999256134033 -1.9850000143051147 0.42899999022483826 33.0
2.437000036239624 -1.9839999675750732 0.335999995470047 9.0
2.3289999961853027 -1.937000036239624 0.23199999332427979 11.0
0.0 0.0 0.0 0.0
1.753999948501587 -1.340999960899353 0.296999990940094 0.0
2.552999973297119 -1.9809999465942383 0.34299999475479126 23.0
2.510999917984009 -1.9869999885559082 0.24199999868869781 35.0
2.7839999198913574 -2.005000114440918 0.5600000023841858 30.0
2.746999979019165 -2.003000020980835 0.45500001311302185 34.0
2.703000068664551 -1.9980000257492065 0.35499998927116394 28.0
0.0 0.0 0.0 0.0
0.0 0.0 0.0 0.0
2.878000020980835 -2.0 0.46700000762939453 11.0
2.8489999771118164 -2.005000114440918 0.36500000953674316 31.0
2.805999994277954 -2.009000062942505 0.25600001215934753 3.0
0.0 0.0 0.0 0.0
2.5199999809265137 -1.6679999828338623 0.4009999930858612 0.0
2.496000051498413 -1.6710000038146973 0.31299999356269836 0.0
2.9489998817443848 -2.00600004196167 0.2630000114440918 8.0
0.0 0.0 0.0 0.0
0.0 0.0 0.0 0.0
0.0 0.0 0.0 0.0
3.1050000190734863 -2.003999948501587 0.27000001072883606 8.0
1.6799999475479126 -0.9980000257492065 0.3140000104904175 13.0
1.5449999570846558 -0.925000011920929 0.23600000143051147 11.0
1.5460000038146973 -0.9330000281333923 0.1860000044107437 4.0
0.0 0.0 0.0 0.0
1.5160000324249268 -0.8560000061988831 0.27900001406669617 39.0
1.5420000553131104 -0.875 0.23100000619888306 87.0
1.5609999895095825 -0.8920000195503235 0.18400000035762787 89.0
0.0 0.0 0.0 0.0
1.5329999923706055 -0.8220000267028809 0.2770000100135803 70.0
2.506999969482422 -1.3489999771118164 0.3700000047683716 19.0
3.8340001106262207 -2.0739998817443848 0.4429999887943268 37.0
3.8010001182556152 -2.0769999027252197 0.30799999833106995 37.0
1.649999976158142 -0.8379999995231628 0.2939999997615814 0.0
2.5269999504089355 -1.2860000133514404 0.367000013589859 11.0
4.0929999351501465 -2.0920000076293945 0.46399998664855957 30.0
4.068999767303467 -2.0969998836517334 0.32199999690055847 31.0
2.4800000190734863 -1.1929999589920044 0.4350000023841858 42.0
2.5420000553131104 -1.2230000495910645 0.3630000054836273 3.0
4.389999866485596 -2.115999937057495 0.49000000953674316 22.0
4.367000102996826 -2.118000030517578 0.33899998664855957 22.0
3.061000108718872 -1.3899999856948853 0.5289999842643738 4.0
4.696000099182129 -2.128999948501587 0.6610000133514404 22.0
4.695000171661377 -2.130000114440918 0.5149999856948853 17.0
4.690000057220459 -2.13700008392334 0.3580000102519989 18.0
3.1470000743865967 -1.3459999561309814 0.5360000133514404 8.0
5.057000160217285 -2.1549999713897705 0.7009999752044678 19.0
5.060999870300293 -2.1519999504089355 0.5460000038146973 19.0
5.071000099182129 -2.1630001068115234 0.3799999952316284 19.0
3.234999895095825 -1.2999999523162842 0.5429999828338623 9.0
5.418000221252441 -2.1630001068115234 0.7390000224113464 98.0
5.431000232696533 -2.1600000858306885 0.5770000219345093 102.0
5.429999828338623 -2.1600000858306885 0.39899998903274536 92.0
2.8440001010894775 -1.0709999799728394 0.47099998593330383 54.0
2.8499999046325684 -1.0640000104904175 0.382999986410141 39.0
5.685999870300293 -2.1080000400543213 0.5950000286102295 61.0
5.677000045776367 -2.1010000705718994 0.41100001335144043 57.0
2.881999969482422 -1.0140000581741333 0.47099998593330383 24.0
5.688000202178955 -1.9769999980926514 0.7549999952316284 58.0
5.676000118255615 -1.9539999961853027 0.5860000252723694 64.0
5.688000202178955 -1.9500000476837158 0.4059999883174896 51.0
5.698999881744385 -1.8650000095367432 0.9200000166893005 25.0
5.696000099182129 -1.8370000123977661 0.746999979019165 59.0
5.686999797821045 -1.809999942779541 0.5789999961853027 61.0
5.689000129699707 -1.7960000038146973 0.4000000059604645 61.0
5.663000106811523 -1.7170000076293945 0.9039999842643738 60.0
5.666999816894531 -1.684999942779541 0.734000027179718 77.0
5.697999954223633 -1.6679999828338623 0.5730000138282776 68.0
5.695000171661377 -1.6469999551773071 0.39500001072883606 60.0
5.685999870300293 -1.5880000591278076 0.8960000276565552 64.0
5.705999851226807 -1.5570000410079956 0.7300000190734863 61.0
5.710999965667725 -1.5260000228881836 0.5669999718666077 62.0
5.711999893188477 -1.503000020980835 0.3919999897480011 58.0
5.695000171661377 -1.4570000171661377 0.8870000243186951 69.0
5.7170000076293945 -1.4199999570846558 0.7229999899864197 60.0
5.7129998207092285 -1.3849999904632568 0.5609999895095825 60.0
5.7210001945495605 -1.3569999933242798 0.3880000114440918 61.0
5.703999996185303 -1.3250000476837158 0.878000020980835 68.0
5.724999904632568 -1.284999966621399 0.7160000205039978 60.0
5.72599983215332 -1.2450000047683716 0.5559999942779541 66.0
5.7220001220703125 -1.2120000123977661 0.3840000033378601 63.0
5.7129998207092285 -1.1959999799728394 0.8700000047683716 67.0
4.5370001792907715 -0.9100000262260437 0.5609999895095825 0.0
5.72599983215332 -1.1050000190734863 0.5509999990463257 65.0
5.73799991607666 -1.069000005722046 0.38199999928474426 62.0
4.857999801635742 -0.906000018119812 0.7319999933242798 14.0
4.580999851226807 -0.8109999895095825 0.5609999895095825 1.0
5.744999885559082 -0.968999981880188 0.546999990940094 22.0
5.742000102996826 -0.9269999861717224 0.3790000081062317 65.0
4.428999900817871 -0.7250000238418579 0.6600000262260437 3.0
4.7270002365112305 -0.7260000109672546 0.5730000138282776 12.0
4.715000152587891 -0.6819999814033508 0.4449999928474426 1.0
4.75600004196167 -0.6489999890327454 0.31200000643730164 0.0
5.175000190734863 -0.7310000061988831 0.7639999985694885 11.0
5.751999855041504 -0.75 0.6909999847412109 57.0
5.747000217437744 -0.6930000185966492 0.5379999876022339 65.0
5.75600004196167 -0.6439999938011169 0.375 67.0
5.209000110626221 -0.6179999709129333 0.7609999775886536 1.0
4.60099983215332 -0.49399998784065247 0.5479999780654907 36.0
5.767000198364258 -0.5590000152587891 0.5360000133514404 71.0
5.76200008392334 -0.5019999742507935 0.37299999594688416 76.0
4.581999778747559 -0.44200000166893005 0.6639999747276306 48.0
4.610000133514404 -0.3880000114440918 0.5440000295639038 31.0
4.443999767303467 -0.32499998807907104 0.4099999964237213 2.0
3.3889999389648438 -0.21299999952316284 0.21799999475479126 32.0
4.51800012588501 -0.33500000834465027 0.6480000019073486 7.0
4.605000019073486 -0.28299999237060547 0.5400000214576721 48.0
5.77400016784668 -0.28600001335144043 0.5299999713897705 71.0
3.388000011444092 -0.1289999932050705 0.21699999272823334 107.0
4.598999977111816 -0.23999999463558197 0.6539999842643738 46.0
3.364000082015991 -0.1289999932050705 0.39100000262260437 45.0
3.4070000648498535 -0.08900000154972076 0.3109999895095825 45.0
3.311000108718872 -0.04600000008940697 0.21199999749660492 78.0
3.3259999752044678 -0.0989999994635582 0.4690000116825104 66.0
3.2909998893737793 -0.050999999046325684 0.3799999952316284 50.0
3.265000104904175 -0.00800000037997961 0.29600000381469727 77.0
3.244999885559082 0.03200000151991844 0.20800000429153442 88.0
3.250999927520752 -0.02500000037252903 0.45500001311302185 65.0
3.2330000400543213 0.023000000044703484 0.3709999918937683 82.0
3.2139999866485596 0.06700000166893005 0.28999999165534973 93.0
3.2320001125335693 0.11100000143051147 0.2070000022649765 104.0
3.2160000801086426 0.04500000178813934 0.44699999690055847 98.0
3.2209999561309814 0.09600000083446503 0.367000013589859 89.0
3.2339999675750732 0.14399999380111694 0.29100000858306885 105.0
3.252000093460083 0.19099999964237213 0.20800000429153442 89.0
3.2249999046325684 0.11699999868869781 0.4440000057220459 88.0
3.2339999675750732 0.17000000178813934 0.367000013589859 82.0
3.2780001163482666 0.22300000488758087 0.2939999997615814 84.0
3.3310000896453857 0.2770000100135803 0.21299999952316284 101.0
3.253999948501587 0.1889999955892563 0.4449999928474426 80.0
3.311000108718872 0.25 0.37299999594688416 52.0
3.3269999027252197 0.3050000071525574 0.2980000078678131 45.0
3.2869999408721924 0.3540000021457672 0.210999995470047 102.0
3.328000068664551 0.2680000066757202 0.4519999921321869 35.0
3.315000057220459 0.3269999921321869 0.3720000088214874 44.0
5.823999881744385 0.6729999780654907 0.5210000276565552 65.0
4.504000186920166 0.5960000157356262 0.29100000858306885 2.0
4.7729997634887695 0.4909999966621399 0.6439999938011169 15.0
5.821000099182129 0.7080000042915344 0.6510000228881836 59.0
5.830999851226807 0.8130000233650208 0.5210000276565552 64.0
5.835999965667725 0.9169999957084656 0.3779999911785126 65.0
4.636000156402588 0.5799999833106995 0.621999979019165 14.0
5.8379998207092285 0.847000002861023 0.6510000228881836 57.0
5.836999893188477 0.9549999833106995 0.5210000276565552 63.0
5.8470001220703125 1.065000057220459 0.38100001215934753 67.0
5.7210001945495605 0.8460000157356262 0.7630000114440918 7.0
5.836999893188477 0.9829999804496765 0.6489999890327454 21.0
5.8520002365112305 1.0989999771118164 0.5230000019073486 66.0
5.857999801635742 1.215000033378601 0.3840000033378601 24.0
0.0 0.0 0.0 0.0
5.86299991607666 1.1269999742507935 0.6499999761581421 14.0
5.859000205993652 1.2450000047683716 0.5239999890327454 22.0
5.867000102996826 1.3650000095367432 0.3869999945163727 61.0
0.0 0.0 0.0 0.0
4.567999839782715 0.9869999885559082 0.5049999952316284 0.0
5.853000164031982 1.3880000114440918 0.5239999890327454 67.0
5.870999813079834 1.5180000066757202 0.38999998569488525 63.0
4.5320000648498535 0.9819999933242798 0.5950000286102295 0.0
5.86899995803833 1.409000039100647 0.6480000019073486 37.0
5.881999969482422 1.5410000085830688 0.5289999842643738 62.0
5.876999855041504 1.6720000505447388 0.39500001072883606 67.0
5.866000175476074 1.409000039100647 0.765999972820282 59.0
5.881999969482422 1.5549999475479126 0.6480000019073486 58.0
5.88100004196167 1.690000057220459 0.5299999713897705 68.0
5.890999794006348 1.8300000429153442 0.4000000059604645 63.0
5.876999855041504 1.5499999523162842 0.7649999856948853 60.0
5.876999855041504 1.6990000009536743 0.6470000147819519 64.0
5.888000011444092 1.843000054359436 0.5320000052452087 63.0
5.89300012588501 1.9900000095367432 0.40400001406669617 26.0
5.885000228881836 1.694000005722046 0.7620000243186951 59.0
5.89300012588501 1.850000023841858 0.6489999890327454 62.0
5.9039998054504395 2.002000093460083 0.5360000133514404 66.0
5.49399995803833 2.003999948501587 0.38100001215934753 4.0
5.889999866485596 1.8380000591278076 0.7599999904632568 56.0
5.909999847412109 2.00600004196167 0.6510000228881836 68.0
5.728000164031982 2.0929999351501465 0.5230000019073486 33.0
5.236999988555908 2.055999994277954 0.36800000071525574 63.0
5.910999774932861 1.9900000095367432 0.7609999775886536 67.0
5.908999919891357 2.1579999923706055 0.6510000228881836 37.0
5.664999961853027 2.2219998836517334 0.5199999809265137 61.0
5.243000030517578 2.2049999237060547 0.37400001287460327 65.0
5.927000045776367 2.1440000534057617 0.7609999775886536 65.0
5.671000003814697 2.2190001010894775 0.6259999871253967 57.0
5.3429999351501465 2.243000030517578 0.49399998784065247 61.0
5.2820000648498535 2.372999906539917 0.38199999928474426 115.0
5.715000152587891 2.2119998931884766 0.7310000061988831 51.0
5.357999801635742 2.240000009536743 0.5929999947547913 63.0
5.28000020980835 2.36299991607666 0.492000013589859 107.0
5.290999889373779 2.5329999923706055 0.3889999985694885 113.0
5.4029998779296875 2.2309999465942383 0.6899999976158142 64.0
5.293000221252441 2.3559999465942383 0.5870000123977661 83.0
5.291999816894531 2.5209999084472656 0.4970000088214874 101.0
5.311999797821045 2.703000068664551 0.3970000147819519 111.0
5.284999847412109 2.322999954223633 0.6740000247955322 108.0
5.296999931335449 2.50600004196167 0.5889999866485596 22.0
5.316999912261963 2.688999891281128 0.5040000081062317 77.0
5.310999870300293 2.865999937057495 0.40400001406669617 73.0
5.285999774932861 2.4660000801086426 0.6729999780654907 109.0
3.8299999237060547 1.9210000038146973 0.4269999861717224 0.0
4.138999938964844 2.2160000801086426 0.3959999978542328 2.0
4.000999927520752 2.2850000858306885 0.3100000023841858 44.0
5.311999797821045 2.624000072479248 0.6759999990463257 101.0
3.7760000228881836 2.003999948501587 0.4230000078678131 2.0
4.01200008392334 2.2709999084472656 0.3880000114440918 47.0
3.8469998836517334 2.322000026702881 0.30399999022483826 19.0
5.315000057220459 2.7769999504089355 0.675000011920929 22.0
3.753000020980835 2.1029999256134033 0.4230000078678131 2.0
3.8469998836517334 2.2990000247955322 0.37599998712539673 45.0
6.0370001792907715 3.8440001010894775 0.4880000054836273 14.0
3.4769999980926514 1.9170000553131104 0.44200000166893005 0.0
3.7780001163482666 2.2330000400543213 0.42800000309944153 12.0
3.7320001125335693 2.3510000705718994 0.36899998784065247 12.0
3.872999906539917 2.5999999046325684 0.3190000057220459 8.0
3.3949999809265137 1.9709999561309814 0.4320000112056732 0.0
3.6549999713897705 2.2750000953674316 0.4169999957084656 11.0
4.004000186920166 2.6559998989105225 0.4009999930858612 51.0
5.636000156402588 3.9830000400543213 0.47600001096725464 34.0
3.382999897003174 2.068000078201294 0.4300000071525574 0.0
3.5409998893737793 2.319000005722046 0.4059999883174896 40.0
3.7320001125335693 2.6029999256134033 0.3799999952316284 57.0
3.1610000133514404 2.3489999771118164 0.27300000190734863 31.0
3.4820001125335693 2.23799991607666 0.4440000057220459 7.0
3.740999937057495 2.575000047683716 0.4320000112056732 71.0
3.513000011444092 2.575000047683716 0.3630000054836273 54.0
3.071000099182129 2.4000000953674316 0.2720000147819519 54.0
3.4149999618530273 2.303999900817871 0.4359999895095825 12.0
3.697000026702881 2.671999931335449 0.4309999942779541 150.0
3.072999954223633 2.365999937057495 0.32199999690055847 39.0
3.0840001106262207 2.5309998989105225 0.2800000011920929 51.0
3.296999931335449 2.3350000381469727 0.421999990940094 38.0
3.0950000286102295 2.3469998836517334 0.36399999260902405 26.0
3.0859999656677246 2.493000030517578 0.32899999618530273 53.0
3.1080000400543213 2.677000045776367 0.28999999165534973 53.0
3.1619999408721924 2.3480000495910645 0.4059999883174896 47.0
3.0739998817443848 2.444000005722046 0.36500000953674316 46.0
3.1059999465942383 2.63100004196167 0.3370000123977661 53.0
4.327000141143799 3.9119999408721924 0.41600000858306885 1.0
3.069000005722046 2.388000011444092 0.39500001072883606 43.0
3.0989999771118164 2.5829999446868896 0.3720000088214874 58.0
3.1070001125335693 2.760999917984009 0.3440000116825104 20.0
4.2870001792907715 4.065999984741211 0.42500001192092896 16.0
3.0920000076293945 2.5209999084472656 0.4000000059604645 52.0
3.109999895095825 2.7160000801086426 0.3779999911785126 54.0
4.315000057220459 4.019000053405762 0.4869999885559082 22.0
4.618000030517578 4.5960001945495605 0.47099998593330383 16.0
3.11299991607666 2.6579999923706055 0.4050000011920929 49.0
4.289000034332275 3.9230000972747803 0.527999997138977 1.0
4.693999767303467 4.583000183105469 0.5410000085830688 10.0
4.565999984741211 4.76800012588501 0.48100000619888306 8.0
3.0869998931884766 2.759000062942505 0.40400001406669617 12.0
4.696000099182129 4.5 0.5860000252723694 1.0
4.584000110626221 4.690000057220459 0.5410000085830688 17.0
4.50600004196167 4.934999942779541 0.4909999966621399 11.0
4.168000221252441 3.8980000019073486 0.5490000247955322 4.0
4.59499979019165 4.611000061035156 0.5820000171661377 0.0
4.5279998779296875 4.855000019073486 0.546999990940094 19.0
4.919000148773193 5.651000022888184 0.5550000071525574 5.0
4.136000156402588 4.046999931335449 0.5490000247955322 1.0
4.508999824523926 4.73799991607666 0.5799999833106995 2.0
4.525000095367432 5.085999965667725 0.5600000023841858 62.0
4.6020002365112305 5.547999858856201 0.5379999876022339 1.0
3.996999979019165 4.093999862670898 0.5339999794960022 0.0
0.0 0.0 0.0 0.0
0.0 0.0 0.0 0.0
3.806999921798706 4.820000171661377 0.4620000123977661 73.0
4.441999912261963 4.761000156402588 0.5989999771118164 1.0
0.0 0.0 0.0 0.0
3.8940000534057617 4.811999797821045 0.5080000162124634 24.0
0.0 0.0 0.0 0.0
4.538000106811523 5.0929999351501465 0.6179999709129333 13.0
0.0 0.0 0.0 0.0
3.759999990463257 4.876999855041504 0.5049999952316284 10.0
2.8550000190734863 3.990999937057495 0.375 1.0
4.539999961853027 5.334000110626221 0.625 22.0
3.8289999961853027 4.85099983215332 0.531000018119812 76.0
2.8610000610351562 3.8970000743865967 0.3959999978542328 7.0
4.051000118255615 5.955999851226807 0.5550000071525574 22.0
3.9089999198913574 4.813000202178955 0.5440000295639038 23.0
4.560999870300293 6.059999942779541 0.6460000276565552 25.0
2.8269999027252197 4.045000076293945 0.40400001406669617 10.0
3.6579999923706055 5.664000034332275 0.5230000019073486 18.0
3.815000057220459 4.921999931335449 0.5379999876022339 1.0
2.869999885559082 4.002999782562256 0.41600000858306885 11.0
3.74399995803833 5.631999969482422 0.5540000200271606 21.0
3.4549999237060547 5.632999897003174 0.5180000066757202 28.0
2.8580000400543213 3.865999937057495 0.4090000092983246 2.0
3.8550000190734863 5.6479997634887695 0.5730000138282776 19.0
3.5510001182556152 5.622000217437744 0.5440000295639038 27.0
3.253000020980835 5.599999904632568 0.5109999775886536 59.0
2.8429999351501465 4.033999919891357 0.4129999876022339 16.0
3.6630001068115234 5.642000198364258 0.5590000152587891 20.0
3.3580000400543213 5.604000091552734 0.5339999794960022 34.0
2.861999988555908 5.204999923706055 0.4729999899864197 54.0
3.7799999713897705 5.635000228881836 0.5590000152587891 18.0
3.4679999351501465 5.620999813079834 0.5450000166893005 35.0
2.9800000190734863 5.245999813079834 0.49300000071525574 35.0
2.7939999103546143 5.380000114440918 0.4869999885559082 48.0
3.5899999141693115 5.630000114440918 0.5400000214576721 20.0
3.2760000228881836 5.598999977111816 0.5299999713897705 61.0
2.8510000705718994 5.306000232696533 0.492000013589859 82.0
3.562999963760376 7.2769999504089355 0.656000018119812 36.0
3.4100000858306885 5.626999855041504 0.5239999890327454 28.0
2.878000020980835 5.192999839782715 0.48100000619888306 44.0
3.7739999294281006 7.434999942779541 0.6809999942779541 18.0
3.614000082015991 7.8429999351501465 0.7049999833106995 1.0
3.117000102996826 5.422999858856201 0.48899999260902405 32.0
2.813999891281128 5.366000175476074 0.4869999885559082 74.0
3.506999969482422 7.329999923706055 0.6639999747276306 13.0
3.4609999656677246 8.00100040435791 0.7179999947547913 1.0
2.8559999465942383 5.242000102996826 0.45899999141693115 69.0
3.61299991607666 7.297999858856201 0.6489999890327454 31.0
3.5789999961853027 7.949999809265137 0.7120000123977661 1.0
0.7089999914169312 1.753000020980835 0.15600000321865082 1.0
2.7929999828338623 5.420000076293945 0.46000000834465027 16.0
3.750999927520752 8.038999557495117 0.7009999752044678 2.0
3.4769999980926514 8.234999656677246 0.7300000190734863 3.0
0.0 0.0 0.0 0.0
3.5439999103546143 7.288000106811523 0.6010000109672546 9.0
3.631999969482422 8.277999877929688 0.7089999914169312 3.0
0.6890000104904175 1.7450000047683716 0.15299999713897705 1.0
0.0 0.0 0.0 0.0
3.364000082015991 7.341000080108643 0.5879999995231628 19.0
3.430000066757202 8.340999603271484 0.7009999752044678 11.0
0.0 0.0 0.0 0.0
3.1019999980926514 9.541999816894531 0.8529999852180481 21.0
3.6459999084472656 8.472000122070312 0.6589999794960022 45.0
0.0 0.0 0.0 0.0
0.0 0.0 0.0 0.0
0.9079999923706055 3.0329999923706055 0.2709999978542328 7.0
0.7020000219345093 1.7389999628067017 0.13099999725818634 0.0
0.0 0.0 0.0 0.0
0.5540000200271606 1.753000020980835 0.15000000596046448 6.0
0.0 0.0 0.0 0.0
0.0 0.0 0.0 0.0
3.171999931335449 9.54800033569336 0.7630000114440918 32.0
0.4860000014305115 1.6720000505447388 0.1420000046491623 0.0
0.0 0.0 0.0 0.0
0.0 0.0 0.0 0.0
0.5360000133514404 1.7510000467300415 0.13699999451637268 3.0
0.0 0.0 0.0 0.0
0.5479999780654907 2.440000057220459 0.2199999988079071 2.0
0.5699999928474426 1.7549999952316284 0.12200000137090683 0.0
0.4659999907016754 1.656000018119812 0.12800000607967377 0.0
2.561000108718872 10.625 0.8939999938011169 7.0
0.9610000252723694 4.798999786376953 0.4339999854564667 15.0
0.0 0.0 0.0 0.0
2.6080000400543213 10.168000221252441 0.777999997138977 34.0
0.0 0.0 0.0 0.0
0.4830000102519989 2.746999979019165 0.24899999797344208 14.0
0.0 0.0 0.0 0.0
0.5640000104904175 2.437000036239624 0.18299999833106995 2.0
0.925000011920929 4.808000087738037 0.4009999930858612 1.0
0.41999998688697815 2.759000062942505 0.25099998712539673 59.0
0.0 0.0 0.0 0.0
0.9940000176429749 4.796000003814697 0.3569999933242798 1.0
0.46299999952316284 2.752000093460083 0.2280000001192093 45.0
0.35499998927116394 2.760999917984009 0.25200000405311584 57.0
0.5479999780654907 2.440999984741211 0.15299999713897705 3.0
0.5 2.7320001125335693 0.20000000298023224 3.0
0.39899998903274536 2.763000011444092 0.2280000001192093 57.0
0.28600001335144043 2.7309999465942383 0.25099998712539673 108.0
0.9589999914169312 4.790999889373779 0.2930000126361847 22.0
0.43799999356269836 2.753999948501587 0.19900000095367432 59.0
0.33500000834465027 2.7679998874664307 0.2280000001192093 64.0
0.20100000500679016 2.4670000076293945 0.2280000001192093 26.0
0.4830000102519989 2.746000051498413 0.164000004529953 19.0
0.37400001287460327 2.760999917984009 0.1979999989271164 60.0
0.25699999928474426 2.6470000743865967 0.21799999475479126 150.0
0.15600000321865082 2.6710000038146973 0.24799999594688416 150.0
0.4189999997615814 2.756999969482422 0.1599999964237213 57.0
0.3050000071525574 2.7309999465942383 0.19300000369548798 94.0
0.18299999833106995 2.4739999771118164 0.2029999941587448 20.0
0.09799999743700027 2.7880001068115234 0.26100000739097595 56.0
0.28600001335144043 2.2320001125335693 0.12700000405311584 164.0
0.23499999940395355 2.674999952316284 0.18700000643730164 117.0
0.14100000262260437 2.7880001068115234 0.2290000021457672 60.0
0.03200000151991844 2.7160000801086426 0.25600001215934753 139.0
0.23100000619888306 2.2170000076293945 0.12300000339746475 153.0
0.17399999499320984 2.697000026702881 0.18700000643730164 110.0
0.07699999958276749 2.7960000038146973 0.2290000021457672 48.0
-0.02500000037252903 2.2639999389648438 0.21400000154972076 90.0
0.17800000309944153 2.2109999656677246 0.11999999731779099 150.0
0.11500000208616257 2.7869999408721924 0.19200000166893005 51.0
0.010999999940395355 2.703000068664551 0.22200000286102295 150.0
-0.07999999821186066 2.365999937057495 0.22599999606609344 100.0
0.12600000202655792 2.2109999656677246 0.11699999868869781 121.0
0.04899999871850014 2.740000009536743 0.18700000643730164 124.0
-0.041999999433755875 2.2300000190734863 0.18299999833106995 83.0
-0.14000000059604645 2.4670000076293945 0.2370000034570694 14.0
0.0 0.0 0.0 0.0
0.0 0.0 0.0 0.0
-0.11800000071525574 2.812000036239624 0.23100000619888306 16.0
0.0 0.0 0.0 0.0
0.0 0.0 0.0 0.0
0.0 0.0 0.0 0.0
0.0 0.0 0.0 0.0
0.0 0.0 0.0 0.0
0.0 0.0 0.0 0.0
0.0 0.0 0.0 0.0
0.0 0.0 0.0 0.0
0.0 0.0 0.0 0.0
0.0 0.0 0.0 0.0
0.0 0.0 0.0 0.0
0.0 0.0 0.0 0.0
0.0 0.0 0.0 0.0
0.0 0.0 0.0 0.0
0.0 0.0 0.0 0.0
0.0 0.0 0.0 0.0
0.0 0.0 0.0 0.0
0.0 0.0 0.0 0.0
0.0 0.0 0.0 0.0
0.0 0.0 0.0 0.0
0.0 0.0 0.0 0.0
0.0 0.0 0.0 0.0
0.0 0.0 0.0 0.0
0.0 0.0 0.0 0.0
0.0 0.0 0.0 0.0
0.0 0.0 0.0 0.0
0.0 0.0 0.0 0.0
0.0 0.0 0.0 0.0
0.0 0.0 0.0 0.0
0.0 0.0 0.0 0.0
0.0 0.0 0.0 0.0
0.0 0.0 0.0 0.0
0.0 0.0 0.0 0.0
0.0 0.0 0.0 0.0
0.0 0.0 0.0 0.0
0.0 0.0 0.0 0.0
0.0 0.0 0.0 0.0
0.0 0.0 0.0 0.0
0.0 0.0 0.0 0.0
0.0 0.0 0.0 0.0
0.0 0.0 0.0 0.0
-0.5230000019073486 2.2750000953674316 0.09399999678134918 7.0
0.0 0.0 0.0 0.0
0.0 0.0 0.0 0.0
-0.9769999980926514 2.8380000591278076 0.3109999895095825 6.0
0.0 0.0 0.0 0.0
0.0 0.0 0.0 0.0
-0.9549999833106995 2.88700008392334 0.25099998712539673 21.0
-1.2940000295639038 3.5 0.3880000114440918 10.0
-0.4970000088214874 1.7719999551773071 0.07100000232458115 7.0
-0.921999990940094 2.88700008392334 0.1860000044107437 31.0
-0.972000002861023 2.7279999256134033 0.23899999260902405 0.0
-1.3250000476837158 3.3459999561309814 0.37599998712539673 25.0
-0.7020000219345093 2.2909998893737793 0.09000000357627869 12.0
-0.996999979019165 2.885999917984009 0.1860000044107437 24.0
-1.2890000343322754 3.371000051498413 0.2980000078678131 9.0
-1.4079999923706055 3.3340001106262207 0.3799999952316284 31.0
-0.7760000228881836 2.3289999961853027 0.09000000357627869 11.0
-1.2949999570846558 3.4839999675750732 0.22499999403953552 6.0
-1.0570000410079956 2.5820000171661377 0.23100000619888306 3.0
-1.5010000467300415 3.3420000076293945 0.3869999945163727 37.0
-0.843999981880188 2.3469998836517334 0.08900000154972076 9.0
-1.3300000429153442 3.3350000381469727 0.2160000056028366 31.0
-1.1380000114440918 2.6080000400543213 0.23499999940395355 3.0
-1.5920000076293945 3.3399999141693115 0.3930000066757202 39.0
-0.9160000085830688 2.36899995803833 0.08900000154972076 9.0
-1.4229999780654907 3.3389999866485596 0.21699999272823334 45.0
-1.218999981880188 2.625999927520752 0.23899999260902405 4.0
-1.684000015258789 3.3359999656677246 0.39800000190734863 39.0
-0.9779999852180481 2.359999895095825 0.08699999749660492 6.0
-1.5199999809265137 3.3480000495910645 0.21799999475479126 46.0
-1.3009999990463257 2.6429998874664307 0.24400000274181366 4.0
-1.9869999885559082 3.7239999771118164 0.4519999921321869 111.0
-1.0549999475479126 2.382999897003174 0.08699999749660492 7.0
-1.6130000352859497 3.3429999351501465 0.21899999678134918 35.0
-1.378999948501587 2.6449999809265137 0.24699999392032623 4.0
-1.8980000019073486 3.372999906539917 0.41600000858306885 0.0
-1.128000020980835 2.3929998874664307 0.0860000029206276 6.0
-1.7130000591278076 3.3480000495910645 0.2199999988079071 36.0
-1.468000054359436 2.6640000343322754 0.25099998712539673 0.0
0.0 0.0 0.0 0.0
-1.2039999961853027 2.4010000228881836 0.0860000029206276 5.0
-1.8930000066757202 3.494999885559082 0.23199999332427979 7.0
0.0 0.0 0.0 0.0
0.0 0.0 0.0 0.0
-1.2829999923706055 2.4140000343322754 0.08500000089406967 5.0
-2.7899999618530273 4.873000144958496 0.32499998807907104 1.0
0.0 0.0 0.0 0.0
0.0 0.0 0.0 0.0
-1.3509999513626099 2.4000000953674316 0.08399999886751175 3.0
0.0 0.0 0.0 0.0
0.0 0.0 0.0 0.0
0.0 0.0 0.0 0.0
0.0 0.0 0.0 0.0
0.0 0.0 0.0 0.0
0.0 0.0 0.0 0.0
0.0 0.0 0.0 0.0
0.0 0.0 0.0 0.0
0.0 0.0 0.0 0.0
0.0 0.0 0.0 0.0
0.0 0.0 0.0 0.0
0.0 0.0 0.0 0.0
0.0 0.0 0.0 0.0
0.0 0.0 0.0 0.0
0.0 0.0 0.0 0.0
0.0 0.0 0.0 1.0
0.0 0.0 0.0 0.0
0.0 0.0 0.0 0.0
0.0 0.0 0.0 0.0
0.0 0.0 0.0 0.0
0.0 0.0 0.0 0.0
0.0 0.0 0.0 0.0
0.0 0.0 0.0 0.0
0.0 0.0 0.0 1.0
0.0 0.0 0.0 0.0
0.0 0.0 0.0 0.0
0.0 0.0 0.0 0.0
0.0 0.0 0.0 0.0
0.0 0.0 0.0 0.0
0.0 0.0 0.0 0.0
0.0 0.0 0.0 0.0
0.0 0.0 0.0 0.0
0.0 0.0 0.0 0.0
0.0 0.0 0.0 0.0
0.0 0.0 0.0 0.0
0.0 0.0 0.0 0.0
0.0 0.0 0.0 0.0
0.0 0.0 0.0 0.0
-2.8299999237060547 2.7269999980926514 0.4390000104904175 87.0
0.0 0.0 0.0 0.0
-2.691999912261963 2.7320001125335693 0.20900000631809235 24.0
-2.822999954223633 2.7330000400543213 0.3230000138282776 85.0
-2.8559999465942383 2.631999969482422 0.4339999854564667 54.0
-2.684000015258789 2.7290000915527344 0.09300000220537186 14.0
-2.819999933242798 2.7320001125335693 0.21299999952316284 85.0
-2.8550000190734863 2.640000104904175 0.3199999928474426 53.0
-2.869999885559082 2.5290000438690186 0.42800000309944153 55.0
-2.819999933242798 2.7330000400543213 0.09300000220537186 76.0
-2.8540000915527344 2.63700008392334 0.20900000631809235 55.0
-2.865000009536743 2.5299999713897705 0.3140000104904175 54.0
-2.875 2.421999931335449 0.42100000381469727 52.0
-2.8589999675750732 2.6410000324249268 0.09099999815225601 51.0
-2.865999937057495 2.5260000228881836 0.20499999821186066 53.0
-2.871000051498413 2.4200000762939453 0.30799999833106995 55.0
-2.877000093460083 2.315999984741211 0.414000004529953 62.0
-2.868000030517578 2.5220000743865967 0.08799999952316284 52.0
-2.871999979019165 2.4130001068115234 0.20000000298023224 57.0
-2.877000093460083 2.315000057220459 0.30300000309944153 52.0
-2.7929999828338623 2.1480000019073486 0.3959999978542328 90.0
-2.871999979019165 2.4059998989105225 0.08500000089406967 53.0
-2.880000114440918 2.306999921798706 0.19599999487400055 54.0
-2.888000011444092 2.2179999351501465 0.2980000078678131 55.0
-2.7269999980926514 2.002000093460083 0.3799999952316284 18.0
-2.884999990463257 2.299999952316284 0.0820000022649765 54.0
-2.8940000534057617 2.2090001106262207 0.19200000166893005 53.0
-2.8320000171661377 2.072999954223633 0.28700000047683716 28.0
-2.7309999465942383 1.9140000343322754 0.375 19.0
-2.8919999599456787 2.194000005722046 0.07999999821186066 49.0
-2.8940000534057617 2.1040000915527344 0.1889999955892563 58.0
-2.8570001125335693 1.9930000305175781 0.2840000092983246 40.0
-2.739000082015991 1.8300000429153442 0.3700000047683716 21.0
-2.8949999809265137 2.0880000591278076 0.07699999958276749 52.0
-2.9000000953674316 2.00600004196167 0.1850000023841858 58.0
-2.88100004196167 1.9140000343322754 0.28200000524520874 51.0
-2.753000020980835 1.753000020980835 0.367000013589859 21.0
-2.9030001163482666 1.9889999628067017 0.07500000298023224 54.0
-2.9070000648498535 1.9119999408721924 0.18199999630451202 58.0
-2.8910000324249268 1.8259999752044678 0.27799999713897705 55.0
-2.755000114440918 1.6699999570846558 0.3619999885559082 23.0
-2.9110000133514404 1.8930000066757202 0.07400000095367432 59.0
-2.9140000343322754 1.819000005722046 0.17900000512599945 61.0
-2.9070000648498535 1.7450000047683716 0.2759999930858612 58.0
-2.7679998874664307 1.593999981880188 0.35899999737739563 23.0
-2.9170000553131104 1.7979999780654907 0.07199999690055847 59.0
-2.9179999828338623 1.7280000448226929 0.17599999904632568 55.0
-2.921999931335449 1.6640000343322754 0.27300000190734863 60.0
-2.869999885559082 1.5700000524520874 0.367000013589859 125.0
-2.924999952316284 1.7070000171661377 0.07000000029802322 60.0
-2.928999900817871 1.6430000066757202 0.17299999296665192 66.0
-2.936000108718872 1.5850000381469727 0.27000001072883606 67.0
-2.88700008392334 1.496999979019165 0.36500000953674316 135.0
-2.930000066757202 1.6160000562667847 0.0689999982714653 63.0
-2.931999921798706 1.5549999475479126 0.17100000381469727 62.0
-2.938999891281128 1.5010000467300415 0.2669999897480011 69.0
-2.9079999923706055 1.4270000457763672 0.3630000054836273 138.0
-2.941999912261963 1.531999945640564 0.06800000369548798 68.0
-2.937999963760376 1.4709999561309814 0.1679999977350235 66.0
-2.944999933242798 1.4199999570846558 0.2630000114440918 73.0
-2.9170000553131104 1.3530000448226929 0.36000001430511475 115.0
-2.940999984741211 1.440999984741211 0.06599999964237213 71.0
-2.944999933242798 1.3890000581741333 0.16599999368190765 72.0
-2.947999954223633 1.340000033378601 0.25999999046325684 66.0
-2.934000015258789 1.281999945640564 0.3569999933242798 116.0
-2.9539999961853027 1.3600000143051147 0.06499999761581421 69.0
-2.9560000896453857 1.309999942779541 0.16500000655651093 72.0
-2.9560000896453857 1.2630000114440918 0.257999986410141 62.0
-2.9570000171661377 1.215999960899353 0.35600000619888306 64.0
-2.9549999237060547 1.274999976158142 0.06400000303983688 62.0
-2.9549999237060547 1.2280000448226929 0.16200000047683716 62.0
-2.9590001106262207 1.184999942779541 0.2549999952316284 66.0
-2.9639999866485596 1.1430000066757202 0.3529999852180481 69.0
-2.9590001106262207 1.1929999589920044 0.06400000303983688 61.0
-2.9570000171661377 1.1480000019073486 0.16099999845027924 63.0
-2.9570000171661377 1.1069999933242798 0.25200000405311584 64.0
-2.9609999656677246 1.0670000314712524 0.3490000069141388 72.0
-2.9609999656677246 1.1109999418258667 0.06300000101327896 67.0
-2.9649999141693115 1.0720000267028809 0.1589999943971634 63.0
-2.9649999141693115 1.034000039100647 0.25 65.0
-2.9700000286102295 0.996999979019165 0.34700000286102295 71.0
-2.9679999351501465 1.031999945640564 0.06199999898672104 63.0
-2.9679999351501465 0.9950000047683716 0.15800000727176666 63.0
-2.9709999561309814 0.9599999785423279 0.24799999594688416 68.0
-2.9730000495910645 0.9259999990463257 0.3440000116825104 66.0
-2.9709999561309814 0.9539999961853027 0.06199999898672104 65.0
-2.9719998836517334 0.9190000295639038 0.15600000321865082 70.0
-2.9749999046325684 0.8880000114440918 0.2460000067949295 64.0
-2.9760000705718994 0.8550000190734863 0.3409999907016754 68.0
-2.9739999771118164 0.8759999871253967 0.06199999898672104 68.0
-2.9769999980926514 0.8450000286102295 0.1550000011920929 68.0
-2.9800000190734863 0.8159999847412109 0.24400000274181366 73.0
-2.9830000400543213 0.7860000133514404 0.33799999952316284 72.0
-2.9809999465942383 0.800000011920929 0.061000000685453415 67.0
-2.9779999256134033 0.7710000276565552 0.15399999916553497 65.0
-2.986999988555908 0.7450000047683716 0.24199999868869781 68.0
-2.990999937057495 0.718999981880188 0.3370000123977661 65.0
-2.986999988555908 0.7250000238418579 0.061000000685453415 66.0
-2.990000009536743 0.6990000009536743 0.15299999713897705 67.0
-2.989000082015991 0.6740000247955322 0.23999999463558197 67.0
-2.990999937057495 0.6489999890327454 0.3330000042915344 71.0
-2.99399995803833 0.6510000228881836 0.06199999898672104 66.0
-2.996999979019165 0.6269999742507935 0.15199999511241913 72.0
-2.99399995803833 0.6029999852180481 0.23800000548362732 69.0
-2.994999885559082 0.5809999704360962 0.3310000002384186 70.0
-2.996999979019165 0.574999988079071 0.061000000685453415 66.0
-2.99399995803833 0.5540000200271606 0.1509999930858612 67.0
-3.000999927520752 0.5339999794960022 0.2370000034570694 69.0
-3.00600004196167 0.5149999856948853 0.33000001311302185 74.0
-2.997999906539917 0.5009999871253967 0.06199999898672104 73.0
-3.007999897003174 0.4830000102519989 0.1509999930858612 79.0
-3.009000062942505 0.4659999907016754 0.23600000143051147 74.0
-3.009000062942505 0.44699999690055847 0.3269999921321869 75.0
-3.009999990463257 0.42800000309944153 0.06199999898672104 75.0
-3.007999897003174 0.41100001335144043 0.15000000596046448 68.0
-3.009999990463257 0.39500001072883606 0.23399999737739563 72.0
-3.0169999599456787 0.38100001215934753 0.32600000500679016 75.0
-3.0169999599456787 0.35499998927116394 0.06199999898672104 120.0
-3.015000104904175 0.3400000035762787 0.15000000596046448 105.0
-3.0169999599456787 0.3269999921321869 0.23399999737739563 86.0
-3.009999990463257 0.31299999356269836 0.32199999690055847 74.0
-3.0309998989105225 0.28299999237060547 0.06300000101327896 150.0
-3.0220000743865967 0.27000001072883606 0.14900000393390656 145.0
-3.0230000019073486 0.2590000033378601 0.2329999953508377 87.0
-3.0160000324249268 0.24699999392032623 0.32100000977516174 74.0
-3.0460000038146973 0.20999999344348907 0.06400000303983688 151.0
-3.0269999504089355 0.19900000095367432 0.14900000393390656 150.0
-3.0199999809265137 0.1889999955892563 0.23100000619888306 85.0
-2.9110000133514404 0.17399999499320984 0.3070000112056732 155.0
-3.0299999713897705 0.13600000739097595 0.06400000303983688 26.0
-3.0360000133514404 0.12800000607967377 0.14900000393390656 9.0
-2.9739999771118164 0.11800000071525574 0.22599999606609344 9.0
-2.888000011444092 0.1080000028014183 0.30300000309944153 105.0
0.0 0.0 0.0 0.0
0.0 0.0 0.0 0.0
0.0 0.0 0.0 0.0
0.0 0.0 0.0 0.0
0.0 0.0 0.0 0.0
0.0 0.0 0.0 0.0
0.0 0.0 0.0 0.0
0.0 0.0 0.0 0.0
-3.0429999828338623 -0.08299999684095383 0.06599999964237213 34.0
-3.0369999408721924 -0.08399999886751175 0.14800000190734863 30.0
-3.0439999103546143 -0.08500000089406967 0.2280000001192093 28.0
-2.9110000133514404 -0.0820000022649765 0.29899999499320984 34.0
-3.0480000972747803 -0.15600000321865082 0.06800000369548798 65.0
-3.049999952316284 -0.15600000321865082 0.14900000393390656 70.0
-3.046999931335449 -0.1550000011920929 0.22699999809265137 68.0
-2.868000030517578 -0.14399999380111694 0.2930000126361847 18.0
-3.052000045776367 -0.23100000619888306 0.0689999982714653 62.0
-3.056999921798706 -0.2280000001192093 0.15000000596046448 66.0
-2.2880001068115234 -0.16899999976158142 0.17000000178813934 3.0
-2.24399995803833 -0.16200000047683716 0.2280000001192093 7.0
-3.052000045776367 -0.3050000071525574 0.07000000029802322 64.0
-3.055999994277954 -0.30000001192092896 0.15000000596046448 66.0
-2.305999994277954 -0.22200000286102295 0.17100000381469727 5.0
-2.246999979019165 -0.21199999749660492 0.22699999809265137 7.0
-3.062999963760376 -0.3799999952316284 0.07100000232458115 60.0
-3.063999891281128 -0.37299999594688416 0.15000000596046448 63.0
-2.303999900817871 -0.2759999930858612 0.17000000178813934 4.0
-2.243000030517578 -0.26100000739097595 0.22499999403953552 5.0
-3.066999912261963 -0.4569999873638153 0.0729999989271164 69.0
-3.065000057220459 -0.44600000977516174 0.1509999930858612 64.0
-3.063999891281128 -0.43700000643730164 0.22599999606609344 67.0
-2.9200000762939453 -0.4059999883174896 0.2919999957084656 19.0
-3.072000026702881 -0.5329999923706055 0.07400000095367432 60.0
-3.068000078201294 -0.5199999809265137 0.1509999930858612 62.0
-3.072999954223633 -0.5099999904632568 0.22599999606609344 70.0
-3.069999933242798 -0.4959999918937683 0.3050000071525574 64.0
-3.075000047683716 -0.6110000014305115 0.07599999755620956 58.0
-3.0759999752044678 -0.5960000157356262 0.15199999511241913 65.0
-3.072999954223633 -0.5820000171661377 0.22499999403953552 62.0
-3.072999954223633 -0.5659999847412109 0.30399999022483826 62.0
-3.0810000896453857 -0.6890000104904175 0.07699999958276749 61.0
-3.0810000896453857 -0.671999990940094 0.15299999713897705 65.0
-3.0789999961853027 -0.656000018119812 0.22499999403953552 61.0
-3.0769999027252197 -0.6380000114440918 0.30300000309944153 66.0
-3.0899999141693115 -0.7689999938011169 0.07999999821186066 67.0
-3.0859999656677246 -0.7490000128746033 0.15399999916553497 61.0
-3.0869998931884766 -0.7310000061988831 0.22599999606609344 67.0
-3.0820000171661377 -0.7099999785423279 0.3019999861717224 63.0
